Group No,Group Name,Name,Sub Name,Repeater Call Sign,Gateway Call Sign,Frequency,Dup,Offset,Mode,TONE,Repeater Tone,RPT1USE,Position,Latitude,Longitude,UTC Offset
1,United Kingdom,Aberdeen,Scotland,GB7GD  C,GB7GD  G,145.687500,DUP-,0.600000,DV,,,YES,Approximate,57.190000,-2.100000,0:00
1,United Kingdom,Accrington,England,GB3PF,,433.300000,DUP+,1.600000,FM,TONE,82.5Hz,YES,Approximate,53.750000,-2.370000,0:00
1,United Kingdom,Accrington,England,GB3RF,,145.775000,DUP-,0.600000,FM,TONE,82.5Hz,YES,Approximate,53.750000,-2.370000,0:00
1,United Kingdom,Accrington,England,GB3RF  C,GB3RF  G,145.775000,DUP-,0.600000,DV,,,YES,Approximate,53.750000,-2.370000,0:00
1,United Kingdom,Airdrie,Scotland,GB7DA  C,GB7DA  G,145.775000,DUP-,0.600000,DV,,,YES,Approximate,55.890000,-3.990000,0:00
1,United Kingdom,Airdrie,Scotland,GB7GG  B,GB7GG  G,439.625000,DUP-,9.000000,DV,,,YES,Approximate,55.890000,-3.990000,0:00
1,United Kingdom,Alford,England,GB7JM  B,GB7JM  G,439.587500,DUP-,9.000000,DV,,,YES,Approximate,53.340000,0.150000,0:00
1,United Kingdom,Alfreton,England,GB3IN,,145.637500,DUP-,0.600000,FM,TONE,71.9Hz,YES,Approximate,53.130000,-1.470000,0:00
1,United Kingdom,Alfreton,England,GB3IN  C,GB3IN  G,145.637500,DUP-,0.600000,DV,,,YES,Approximate,53.130000,-1.470000,0:00
1,United Kingdom,Alton Hants,England,GB3SN,,145.725000,DUP-,0.600000,FM,TONE,71.9Hz,YES,Approximate,51.120000,-1.040000,0:00
1,United Kingdom,Amersham,England,GB3AL,,145.737500,DUP-,0.600000,FM,TONE,77.0Hz,YES,Approximate,51.650000,-0.620000,0:00
1,United Kingdom,Amersham,England,GB3AU,,433.175000,DUP+,1.600000,FM,TONE,82.5Hz,YES,Approximate,51.650000,-0.620000,0:00
1,United Kingdom,Amersham,England,GB7AU  B,GB7AU  G,439.700000,DUP-,9.000000,DV,,,YES,Approximate,51.650000,-0.620000,0:00
1,United Kingdom,Amlwch,Wales &,GB3AN,,433.200000,DUP+,1.600000,FM,TONE,110.9Hz,YES,Approximate,53.390000,-4.300000,0:00
1,United Kingdom,Asgarby,England,GB3FJ,,430.950000,DUP+,7.600000,FM,TONE,71.9Hz,YES,Approximate,53.180000,-0.010000,0:00
1,United Kingdom,Ashington,England,GB7NE  B,GB7NE  G,439.450000,DUP-,9.000000,DV,,,YES,Approximate,55.180000,-1.520000,0:00
1,United Kingdom,Ashton Under Lyn,England,GB3KU,,433.075000,DUP+,1.600000,FM,TONE,82.5Hz,YES,Approximate,53.510000,-2.080000,0:00
1,United Kingdom,Ashton Under Lyn,England,GB3KU  B,GB3KU  G,433.075000,DUP+,1.600000,DV,,,YES,Approximate,53.510000,-2.080000,0:00
1,United Kingdom,Atherton,England,GB3MY,,433.275000,DUP+,1.600000,FM,TONE,82.5Hz,YES,Approximate,53.530000,-2.500000,0:00
1,United Kingdom,Attlebourgh,England,GB7NM  C,GB7NM  G,145.737500,DUP-,0.600000,DV,,,YES,Approximate,52.520000,0.970000,0:00
1,United Kingdom,Axminster,England,GB3RH,,433.275000,DUP+,1.600000,FM,TONE,94.8Hz,YES,Approximate,50.770000,-2.960000,0:00
1,United Kingdom,Aylesbury,England,GB3AV,,433.050000,DUP+,1.600000,FM,TONE,118.8Hz,YES,Approximate,51.810000,-0.810000,0:00
1,United Kingdom,Ballycastle,Northern,GB3KK,,430.975000,DUP+,7.600000,FM,TONE,110.9Hz,YES,Approximate,55.190000,-6.240000,0:00
1,United Kingdom,Ballycastle,Northern,GB3PK,,145.662500,DUP-,0.600000,FM,TONE,110.9Hz,YES,Approximate,55.190000,-6.240000,0:00
1,United Kingdom,Ballycastle,Northern,GB7KK  B,GB7KK  G,430.925000,DUP+,7.600000,DV,,,YES,Approximate,55.190000,-6.240000,0:00
1,United Kingdom,Banbury,England,GB3EH,,430.962500,DUP+,7.600000,FM,TONE,67.0Hz,YES,Approximate,52.110000,-1.480000,0:00
1,United Kingdom,Banchory,Scotland,GB3GN,,145.775000,DUP-,0.600000,FM,TONE,67.0Hz,YES,Approximate,57.020000,-2.360000,0:00
1,United Kingdom,Banff,Scotland,GB7BB  B,GB7BB  G,439.712500,DUP-,9.000000,DV,,,YES,Approximate,57.660000,-2.600000,0:00
1,United Kingdom,Barnsley,England,GB3NA,,145.612500,DUP-,0.600000,FM,TONE,71.9Hz,YES,Approximate,53.570000,-1.400000,0:00
1,United Kingdom,Barnsley,England,GB3NA  C,GB3NA  G,145.612500,DUP-,0.600000,DV,,,YES,Approximate,53.570000,-1.400000,0:00
1,United Kingdom,Barnsley,England,GB3SY,,433.150000,DUP+,1.600000,FM,TONE,71.9Hz,YES,Approximate,53.600000,-1.700000,0:00
1,United Kingdom,Barnsley,England,GB7NA  B,GB7NA  G,439.450000,DUP-,9.000000,DV,,,YES,Approximate,53.570000,-1.400000,0:00
1,United Kingdom,Barnsley,England,GB7NA  C,GB7NA  G,145.675000,DUP-,0.600000,DV,,,YES,Approximate,53.570000,-1.400000,0:00
1,United Kingdom,Basingstoke,England,GB3BA,,433.325000,DUP+,1.600000,FM,TONE,71.9Hz,YES,Approximate,51.200000,-1.100000,0:00
1,United Kingdom,Baston,England,GB3DP,,430.862500,DUP+,7.600000,FM,TONE,88.5Hz,YES,Approximate,52.720000,-0.350000,0:00
1,United Kingdom,Bath Avon,England,GB3UB,,433.100000,DUP+,1.600000,FM,TONE,118.8Hz,YES,Approximate,51.380000,-2.330000,0:00
1,United Kingdom,Beccles,England,GB7BE  B,GB7BE  G,439.662500,DUP-,9.000000,DV,,,YES,Approximate,52.440000,1.600000,0:00
1,United Kingdom,Bedford,England,GB3BF,,145.787500,DUP-,0.600000,FM,TONE,77.0Hz,YES,Approximate,52.100000,-0.500000,0:00
1,United Kingdom,Belfast,Northern,GB7RK  B,GB7RK  G,439.437500,DUP-,9.000000,DV,,,YES,Approximate,54.570000,-6.000000,0:00
1,United Kingdom,Belfast  N.I.,Northern,GB3NI,,145.725000,DUP-,0.600000,FM,TONE,110.9Hz,YES,Approximate,54.620000,-5.820000,0:00
1,United Kingdom,Belfast  N.I.,Northern,GB3UL,,433.050000,DUP+,1.600000,FM,TONE,110.9Hz,YES,Approximate,54.620000,-5.820000,0:00
1,United Kingdom,Berwick On Tweed,Scotland,GB3BT,,145.700000,DUP-,0.600000,FM,TONE,118.8Hz,YES,Approximate,55.820000,-2.080000,0:00
1,United Kingdom,Bessbrook,Northern,GB7NY  B,GB7NY  G,439.687500,DUP-,9.000000,DV,,,YES,Approximate,54.200000,-6.400000,0:00
1,United Kingdom,Bewdley,Wales &,GB7WF  B,GB7WF  G,439.487500,DUP-,9.000000,DV,,,YES,Approximate,52.400000,-2.300000,0:00
1,United Kingdom,Bigbury,England,GB3PL,,145.762500,DUP-,0.600000,FM,TONE,77.0Hz,YES,Approximate,50.310000,-3.880000,0:00
1,United Kingdom,Birmingham,England,GB3CB,,433.350000,DUP+,1.600000,FM,TONE,67.0Hz,YES,Approximate,52.460000,-1.890000,0:00
1,United Kingdom,Birmingham,England,GB7BM  B,GB7BM  G,439.400000,DUP-,9.000000,DV,,,YES,Approximate,52.470000,-1.920000,0:00
1,United Kingdom,Blackpool,England,GB3FC,,430.850000,DUP+,7.600000,FM,TONE,82.5Hz,YES,Approximate,53.860000,-3.050000,0:00
1,United Kingdom,Blackpool,England,GB7BF  B,GB7BF  G,430.300000,DUP+,9.000000,DV,,,YES,Approximate,53.860000,-3.050000,0:00
1,United Kingdom,Blandford,England,GB3DT,,433.000000,DUP+,1.600000,FM,TONE,71.9Hz,YES,Approximate,50.870000,-2.120000,0:00
1,United Kingdom,Blandford,England,GB7CM,,145.700000,DUP-,0.600000,FM,TONE,71.9Hz,YES,Approximate,50.870000,-2.120000,0:00
1,United Kingdom,Bognor Regis,England,GB7BN  B,GB7BN  G,439.587500,DUP-,9.000000,DV,,,YES,Approximate,50.810000,-0.690000,0:00
1,United Kingdom,Bolsover,England,GB3RB,,433.200000,DUP+,1.600000,FM,TONE,71.9Hz,YES,Approximate,53.230000,-1.290000,0:00
1,United Kingdom,Bourne,England,GB7KU  B,GB7KU  G,439.525000,DUP-,9.000000,DV,,,YES,Approximate,52.830000,-0.410000,0:00
1,United Kingdom,Bracknell,England,GB3BN,,433.000000,DUP+,1.600000,FM,TONE,118.8Hz,YES,Approximate,51.410000,-0.800000,0:00
1,United Kingdom,Braintree,England,GB3BZ,,430.850000,DUP+,7.600000,FM,TONE,110.9Hz,YES,Approximate,51.930000,0.530000,0:00
1,United Kingdom,Brecon,Wales &,GB3BB,,145.700000,DUP-,0.600000,FM,TONE,94.8Hz,YES,Approximate,52.000000,-3.500000,0:00
1,United Kingdom,Brighton,England,GB7BC  B,GB7BC  G,439.650000,DUP-,9.000000,DV,,,YES,Approximate,50.800000,-0.100000,0:00
1,United Kingdom,Brighton,England,GB7BH  B,GB7BH  G,439.575000,DUP-,9.000000,DV,,,YES,Approximate,50.840000,-0.090000,0:00
1,United Kingdom,Brill,England,GB3VA,,145.700000,DUP-,0.600000,FM,TONE,118.8Hz,YES,Approximate,51.820000,-1.050000,0:00
1,United Kingdom,Bristol,England,GB3AA,,145.662500,DUP-,0.600000,FM,TONE,94.8Hz,YES,Approximate,51.590000,-2.540000,0:00
1,United Kingdom,Bristol,England,GB3AC,,430.975000,DUP+,7.600000,FM,TONE,94.8Hz,YES,Approximate,51.500000,-2.580000,0:00
1,United Kingdom,Bristol,England,GB3BS,,430.850000,DUP+,7.600000,FM,TONE,118.8Hz,YES,Approximate,51.430000,-2.410000,0:00
1,United Kingdom,Bristol,England,GB3ZB,,430.825000,DUP+,7.600000,FM,TONE,77.0Hz,YES,Approximate,51.400000,-2.640000,0:00
1,United Kingdom,Bristol,England,GB7AD  B,GB7AD  G,439.762500,DUP-,9.000000,DV,,,YES,Approximate,51.590000,-2.540000,0:00
1,United Kingdom,Bromley,England,GB3BK,,430.900000,DUP+,7.600000,FM,TONE,103.5Hz,YES,Approximate,51.430000,0.010000,0:00
1,United Kingdom,Buckhurst Hill,England,GB3OY,,430.950000,DUP+,7.600000,FM,TONE,82.5Hz,YES,Approximate,51.620000,0.030000,0:00
1,United Kingdom,Burton Upon Tren,England,GB3SC,,430.862500,DUP+,7.600000,FM,TONE,67.0Hz,YES,Approximate,52.780000,-1.620000,0:00
1,United Kingdom,Buxton,England,GB3HH,,145.700000,DUP-,0.600000,FM,TONE,71.9Hz,YES,Approximate,53.230000,-1.910000,0:00
1,United Kingdom,Caergwrle,Wales &,GB3CR,,433.150000,DUP+,1.600000,FM,TONE,110.9Hz,YES,Approximate,53.100000,-3.100000,0:00
1,United Kingdom,Caernarfon,Wales &,GB3AR,,145.700000,DUP-,0.600000,FM,TONE,110.9Hz,YES,Approximate,53.120000,-4.200000,0:00
1,United Kingdom,Cambridge,England,GB3PY,,430.900000,DUP+,7.600000,FM,TONE,77.0Hz,YES,Approximate,52.220000,0.040000,0:00
1,United Kingdom,Canterbury,England,GB3SK,,433.150000,DUP+,1.600000,FM,TONE,103.5Hz,YES,Approximate,51.300000,1.060000,0:00
1,United Kingdom,Cardiff,Wales &,GB7CD  B,GB7CD  G,439.700000,DUP-,9.000000,DV,,,YES,Approximate,51.470000,-3.160000,0:00
1,United Kingdom,Carlisle,England,GB3CA,,433.325000,DUP+,1.600000,FM,TONE,77.0Hz,YES,Approximate,54.820000,-2.830000,0:00
1,United Kingdom,Carmarthen,Wales &,GB3CM,,430.862500,DUP+,7.600000,FM,TONE,94.8Hz,YES,Approximate,51.920000,-4.220000,0:00
1,United Kingdom,Carmarthen,Wales &,GB3FG,,145.712500,DUP-,0.600000,FM,TONE,94.8Hz,YES,Approximate,52.000000,-4.300000,0:00
1,United Kingdom,Carmarthen,Wales &,GB7FG,,430.950000,DUP+,7.600000,FM,TONE,94.8Hz,YES,Approximate,51.920000,-4.160000,0:00
1,United Kingdom,Caterham,England,GB3NS,,439.675000,DUP-,9.000000,FM,TONE,82.5Hz,YES,Approximate,51.270000,-0.110000,0:00
1,United Kingdom,Charing Kent,England,GB3CK,,433.000000,DUP+,1.600000,FM,TONE,103.5Hz,YES,Approximate,51.230000,0.790000,0:00
1,United Kingdom,Cheddar,England,GB3FI,,430.925000,DUP+,7.600000,FM,TONE,77.0Hz,YES,Approximate,51.300000,-2.810000,0:00
1,United Kingdom,Cheddar,England,GB3WR,,145.600000,DUP-,0.600000,FM,TONE,94.8Hz,YES,Approximate,51.310000,-2.720000,0:00
1,United Kingdom,Chelmsford,England,GB7ZP  B,GB7ZP  G,439.487500,DUP-,9.000000,DV,,,YES,Approximate,51.760000,0.490000,0:00
1,United Kingdom,Cheltenham,England,GB3RC,,430.862500,DUP+,7.600000,FM,TONE,103.5Hz,YES,Approximate,51.900000,-2.000000,0:00
1,United Kingdom,Cheltenham,England,GB7RC  B,GB7RC  G,430.262500,DUP+,9.000000,DV,,,YES,Approximate,51.900000,-2.000000,0:00
1,United Kingdom,Chichester,England,GB3CC,,430.962500,DUP+,7.600000,FM,TONE,88.5Hz,YES,Approximate,50.800000,-0.700000,0:00
1,United Kingdom,Chippenham,England,GB7SW  C,GB7SW  G,145.637500,DUP-,0.600000,DV,,,YES,Approximate,51.480000,-2.170000,0:00
1,United Kingdom,Chirk,Wales &,GB7RJ  B,GB7RJ  G,439.537500,DUP-,9.000000,DV,,,YES,Approximate,52.930000,-3.050000,0:00
1,United Kingdom,Clacton,England,GB3CL,,433.225000,DUP+,1.600000,FM,TONE,67.0Hz,YES,Approximate,51.810000,1.210000,0:00
1,United Kingdom,Clacton On Sea,England,GB7TE  C,GB7TE  G,145.775000,DUP-,0.600000,DV,,,YES,Approximate,51.810000,1.210000,0:00
1,United Kingdom,Cleethorpes,England,GB3GY,,433.275000,DUP+,1.600000,FM,TONE,88.5Hz,YES,Approximate,53.560000,-0.030000,0:00
1,United Kingdom,Colchester,England,GB3CE,,433.350000,DUP+,1.600000,FM,TONE,67.0Hz,YES,Approximate,51.910000,0.900000,0:00
1,United Kingdom,Cold Ashby,England,GB3EM,,145.762500,DUP-,0.600000,FM,TONE,77.0Hz,YES,Approximate,52.380000,-1.050000,0:00
1,United Kingdom,Coleraine,Northern,GB7CX  B,GB7CX  G,430.862500,DUP+,7.600000,DV,,,YES,Approximate,55.140000,-6.680000,0:00
1,United Kingdom,Comber,Northern,GB7KP  B,GB7KP  G,439.575000,DUP-,9.000000,DV,,,YES,Approximate,54.500000,-5.700000,0:00
1,United Kingdom,Congleton,England,GB7DZ,,433.050000,DUP+,1.600000,FM,TONE,103.5Hz,YES,Approximate,53.100000,-2.200000,0:00
1,United Kingdom,Corbridge,England,GB3HA,,145.750000,DUP-,0.600000,FM,TONE,118.8Hz,YES,Approximate,55.030000,-2.030000,0:00
1,United Kingdom,Corbridge,England,GB3TJ,,433.300000,DUP+,1.600000,FM,TONE,118.8Hz,YES,Approximate,55.030000,-2.030000,0:00
1,United Kingdom,Corby,England,GB3CI,,430.825000,DUP+,7.600000,FM,TONE,77.0Hz,YES,Approximate,52.510000,-0.680000,0:00
1,United Kingdom,Corby,England,GB3CO,,145.662500,DUP-,0.600000,FM,TONE,77.0Hz,YES,Approximate,52.510000,-0.680000,0:00
1,United Kingdom,Coventry,England,GB3CV,,430.812500,DUP+,7.600000,FM,TONE,67.0Hz,YES,Approximate,52.420000,-1.480000,0:00
1,United Kingdom,Cowbridge,Wales &,GB7RB  C,GB7RB  G,145.675000,DUP-,0.600000,DV,,,YES,Approximate,51.460000,-3.420000,0:00
1,United Kingdom,Crawley Sussex,England,GB3NX,,430.850000,DUP+,7.600000,FM,TONE,88.5Hz,YES,Approximate,51.080000,-0.160000,0:00
1,United Kingdom,Crawley Sussex,England,GB3WS,,145.750000,DUP-,0.600000,FM,TONE,88.5Hz,YES,Approximate,51.080000,-0.160000,0:00
1,United Kingdom,Crook,England,GB3CD,,145.687500,DUP-,0.600000,FM,TONE,118.8Hz,YES,Approximate,54.740000,-1.750000,0:00
1,United Kingdom,Cwmbran,Wales &,GB3YA,,145.712500,DUP-,0.600000,FM,TONE,94.8Hz,YES,Approximate,51.640000,-3.060000,0:00
1,United Kingdom,Dalry,Scotland,GB3AY,,145.650000,DUP-,0.600000,FM,TONE,103.5Hz,YES,Approximate,55.730000,-4.760000,0:00
1,United Kingdom,Dalry,Scotland,GB3WA,,430.875000,DUP+,7.600000,FM,TONE,103.5Hz,YES,Approximate,55.730000,-4.760000,0:00
1,United Kingdom,Danbury,England,GB3DA,,145.725000,DUP-,0.600000,FM,TONE,110.9Hz,YES,Approximate,51.720000,0.570000,0:00
1,United Kingdom,Danbury,England,GB3ER,,433.075000,DUP+,1.600000,FM,TONE,110.9Hz,YES,Approximate,51.720000,0.570000,0:00
1,United Kingdom,Daventry,England,GB3XX,,430.912500,DUP+,7.600000,FM,TONE,77.0Hz,YES,Approximate,52.270000,-1.170000,0:00
1,United Kingdom,Derby,England,GB3DC,,145.687500,DUP-,0.600000,FM,TONE,71.9Hz,YES,Approximate,52.940000,-1.440000,0:00
1,United Kingdom,Derby,England,GB3DZ,,430.987500,DUP+,7.600000,FM,TONE,71.9Hz,YES,Approximate,52.900000,-1.400000,0:00
1,United Kingdom,Derby,England,GB7DC,,430.875000,DUP+,7.600000,FM,TONE,71.9Hz,YES,Approximate,52.900000,-1.400000,0:00
1,United Kingdom,Derby,England,GB7DC  B,GB7DC  G,430.875000,DUP+,7.600000,DV,,,YES,Approximate,52.900000,-1.400000,0:00
1,United Kingdom,Derry/Londonderr,Northern,GB3DX,,433.300000,DUP+,1.600000,FM,TONE,110.9Hz,YES,Approximate,55.010000,-7.360000,0:00
1,United Kingdom,Didcot,England,GB3DI,,433.150000,DUP+,1.600000,FM,TONE,118.8Hz,YES,Approximate,51.570000,-1.310000,0:00
1,United Kingdom,Disley,England,GB3MN,,145.650000,DUP-,0.600000,FM,TONE,82.5Hz,YES,Approximate,53.330000,-2.040000,0:00
1,United Kingdom,Douglas  Iom,England,GB3IM C,,430.825000,DUP+,7.600000,FM,TONE,110.9Hz,YES,Approximate,54.140000,-4.490000,0:00
1,United Kingdom,Douglas  Iom,England,GB3IM S,,433.125000,DUP+,1.600000,FM,TONE,110.9Hz,YES,Approximate,54.260000,-4.460000,0:00
1,United Kingdom,Dover,England,GB3KS,,145.625000,DUP-,0.600000,FM,TONE,103.5Hz,YES,Approximate,51.140000,1.320000,0:00
1,United Kingdom,Dudley,England,GB3BM,,145.712500,DUP-,0.600000,FM,TONE,67.0Hz,YES,Approximate,52.500000,-2.000000,0:00
1,United Kingdom,Dudley,England,GB3RR,,430.850000,DUP+,7.600000,FM,TONE,67.0Hz,YES,Approximate,52.500000,-2.000000,0:00
1,United Kingdom,Dufton,England,GB3EV,,145.700000,DUP-,0.600000,FM,TONE,77.0Hz,YES,Approximate,54.680000,-2.460000,0:00
1,United Kingdom,Dukinfield,England,GB3PZ,,430.900000,DUP+,7.600000,FM,TONE,82.5Hz,YES,Approximate,53.470000,-2.070000,0:00
1,United Kingdom,Dumbarton,Scotland,GB3DM,,430.925000,DUP+,7.600000,FM,TONE,103.5Hz,YES,Approximate,55.970000,-4.580000,0:00
1,United Kingdom,Dundee,Scotland,GB3DD,,433.250000,DUP+,1.600000,FM,TONE,94.8Hz,YES,Approximate,56.500000,-2.970000,0:00
1,United Kingdom,Dungiven,Northern,GB7DN  B,GB7DN  G,439.412500,DUP-,9.000000,DV,,,YES,Approximate,54.930000,-6.990000,0:00
1,United Kingdom,Duns,Scotland,GB3BE,,430.862500,DUP+,7.600000,FM,TONE,118.8Hz,YES,Approximate,55.800000,-2.400000,0:00
1,United Kingdom,Duns,Scotland,GB3DU,,145.762500,DUP-,0.600000,FM,TONE,118.8Hz,YES,Approximate,55.800000,-2.400000,0:00
1,United Kingdom,Duns,Scotland,GB3DU  C,GB3DU  G,145.762500,DUP-,0.600000,DV,,,YES,Approximate,55.800000,-2.400000,0:00
1,United Kingdom,Durham,England,GB7PB  C,GB7PB  G,145.662500,DUP-,0.600000,DV,,,YES,Approximate,54.740000,-1.530000,0:00
1,United Kingdom,Eastbourne,England,GB3ZX,,430.825000,DUP+,7.600000,FM,TONE,88.5Hz,YES,Approximate,50.800000,0.200000,0:00
1,United Kingdom,Eastbourne,England,GB7ES  B,GB7ES  G,439.437500,DUP-,9.000000,DV,,,YES,Approximate,50.820000,0.290000,0:00
1,United Kingdom,East Dereham,England,GB3AH,,433.275000,DUP+,1.600000,FM,TONE,94.8Hz,YES,Approximate,52.660000,0.840000,0:00
1,United Kingdom,East Grinstead,England,GB3MH,,145.625000,DUP-,0.600000,FM,TONE,88.5Hz,YES,Approximate,51.100000,-0.090000,0:00
1,United Kingdom,East Grinstead,England,GB7MH  B,GB7MH  G,439.637500,DUP-,9.000000,DV,,,YES,Approximate,51.100000,-0.090000,0:00
1,United Kingdom,Edinburgh,Scotland,GB3ED,,433.350000,DUP+,1.600000,FM,TONE,94.8Hz,YES,Approximate,55.940000,-3.210000,0:00
1,United Kingdom,Edinburgh,Scotland,GB3ED  B,GB3ED  G,433.350000,DUP+,1.600000,DV,,,YES,Approximate,55.940000,-3.210000,0:00
1,United Kingdom,Edinburgh,Scotland,GB7EU,,430.837500,DUP+,7.600000,FM,TONE,94.8Hz,YES,Approximate,55.940000,-3.210000,0:00
1,United Kingdom,Edinburgh,Scotland,GB7KN  B,GB7KN  G,439.437500,DUP-,9.000000,DV,,,YES,Approximate,55.900000,-3.400000,0:00
1,United Kingdom,Elgin Moray,Scotland,GB3SS,,145.600000,DUP-,0.600000,FM,TONE,67.0Hz,YES,Approximate,57.600000,-3.000000,0:00
1,United Kingdom,Erith,England,GB3NK,,433.100000,DUP+,1.600000,FM,TONE,103.5Hz,YES,Approximate,51.470000,0.160000,0:00
1,United Kingdom,Erskine,No CTCSS,GB7EA,,439.375000,DUP-,9.000000,FM,OFF,88.5Hz,YES,Approximate,55.900000,-4.480000,0:00
1,United Kingdom,Exeter,England,GB3EW,,145.612500,DUP-,0.600000,FM,TONE,77.0Hz,YES,Approximate,50.700000,-3.500000,0:00
1,United Kingdom,Exeter,England,GB7ER,,145.775000,DUP-,0.600000,FM,TONE,77.0Hz,YES,Approximate,50.740000,-3.510000,0:00
1,United Kingdom,Exeter,England,GB7NL  B,GB7NL  G,439.462500,DUP-,9.000000,DV,,,YES,Approximate,50.740000,-3.510000,0:00
1,United Kingdom,Fareham,England,GB7CO  B,GB7CO  G,439.487500,DUP-,9.000000,DV,,,YES,Approximate,50.830000,-1.190000,0:00
1,United Kingdom,Fareham,England,GB7RN  C,GB7RN  G,145.637500,DUP-,0.600000,DV,,,YES,Approximate,50.830000,-1.190000,0:00
1,United Kingdom,Farnham,England,GB3FN,,433.375000,DUP+,1.600000,FM,TONE,82.5Hz,YES,Approximate,51.240000,-0.830000,0:00
1,United Kingdom,Fermanagh,Northern,GB3CP,,145.737500,DUP-,0.600000,FM,TONE,110.9Hz,YES,Approximate,54.270000,-7.270000,0:00
1,United Kingdom,Filey,England,GB3YC,,145.750000,DUP-,0.600000,FM,TONE,88.5Hz,YES,Approximate,54.180000,-0.440000,0:00
1,United Kingdom,Fishguard,Wales &,GB3UP,,430.912500,DUP+,7.600000,FM,TONE,94.8Hz,YES,Approximate,51.990000,-4.970000,0:00
1,United Kingdom,Folkestone,England,GB3FK,,145.750000,DUP-,0.600000,FM,TONE,103.5Hz,YES,Approximate,51.100000,1.200000,0:00
1,United Kingdom,Folkestone,England,GB7FK  B,GB7FK  G,439.675000,DUP-,9.000000,DV,,,YES,Approximate,51.100000,1.210000,0:00
1,United Kingdom,Forfar,Scotland,GB3AG,,145.725000,DUP-,0.600000,FM,TONE,94.8Hz,YES,Approximate,56.560000,-2.830000,0:00
1,United Kingdom,Forfar,Scotland,GB7AG,,430.900000,DUP+,7.600000,FM,TONE,94.8Hz,YES,Approximate,56.700000,-2.900000,0:00
1,United Kingdom,Forfar,Scotland,GB7AG  B,GB7AG  G,430.900000,DUP+,7.600000,DV,,,YES,Approximate,56.700000,-2.900000,0:00
1,United Kingdom,Fraserburgh,Scotland,GB3NG,,145.625000,DUP-,0.600000,FM,TONE,67.0Hz,YES,Approximate,57.600000,-2.030000,0:00
1,United Kingdom,Frinton On Sea,England,GB3TE,,145.612500,DUP-,0.600000,FM,TONE,67.0Hz,YES,Approximate,51.850000,1.180000,0:00
1,United Kingdom,Galashiels,Scotland,GB7LS  B,GB7LS  G,439.400000,DUP-,9.000000,DV,,,YES,Approximate,55.600000,-2.900000,0:00
1,United Kingdom,Gidea Park,England,GB3HW,,433.325000,DUP+,1.600000,FM,TONE,110.9Hz,YES,Approximate,51.580000,0.210000,0:00
1,United Kingdom,Glasgow,Scotland,GB3GL,,430.900000,DUP+,7.600000,FM,TONE,103.5Hz,YES,Approximate,55.850000,-4.100000,0:00
1,United Kingdom,Glasgow,Scotland,GB3KE,,145.687500,DUP-,0.600000,FM,TONE,103.5Hz,YES,Approximate,55.920000,-4.310000,0:00
1,United Kingdom,Glasgow,Scotland,GB3KW,,430.825000,DUP+,7.600000,FM,TONE,103.5Hz,YES,Approximate,55.920000,-4.310000,0:00
1,United Kingdom,Glenrothes,Scotland,GB7XG,,430.875000,DUP+,7.600000,FM,TONE,103.5Hz,YES,Approximate,56.200000,-3.200000,0:00
1,United Kingdom,Glenrothes,Scotland,GB7XG  B,GB7XG  G,430.875000,DUP+,7.600000,DV,,,YES,Approximate,56.200000,-3.200000,0:00
1,United Kingdom,Gloucester,England,GB3CG,,145.725000,DUP-,0.600000,FM,TONE,118.8Hz,YES,Approximate,51.870000,-2.180000,0:00
1,United Kingdom,Gloucester,England,GB3GH,,433.125000,DUP+,1.600000,FM,TONE,118.8Hz,YES,Approximate,51.870000,-2.180000,0:00
1,United Kingdom,Gosport,England,GB7SO  B,GB7SO  G,439.525000,DUP-,9.000000,DV,,,YES,Approximate,50.810000,-1.150000,0:00
1,United Kingdom,Grantham,England,GB3GR,,430.850000,DUP+,7.600000,FM,TONE,71.9Hz,YES,Approximate,52.910000,-0.580000,0:00
1,United Kingdom,Grantham,England,GB7GR  B,GB7GR  G,439.450000,DUP-,9.000000,DV,,,YES,Approximate,52.930000,-0.660000,0:00
1,United Kingdom,Great Malvern,England,GB7WR  B,GB7WR  G,439.462500,DUP-,9.000000,DV,,,YES,Approximate,52.080000,-2.330000,0:00
1,United Kingdom,Great Yarmouth,England,GB3JS,,433.025000,DUP+,1.600000,FM,TONE,94.8Hz,YES,Approximate,52.590000,1.730000,0:00
1,United Kingdom,Grimsby,England,GB7GC  B,GB7GC  G,439.437500,DUP-,9.000000,DV,,,YES,Approximate,53.560000,-0.130000,0:00
1,United Kingdom,Grimsby,England,GB7WA  C,GB7WA  G,145.687500,DUP-,0.600000,DV,,,YES,Approximate,53.520000,-0.100000,0:00
1,United Kingdom,Guernsey,England,GB3GU,,433.325000,DUP+,1.600000,FM,TONE,71.9Hz,YES,Approximate,49.460000,-2.540000,0:00
1,United Kingdom,Guildford,England,GB3GF,,433.300000,DUP+,1.600000,FM,TONE,88.5Hz,YES,Approximate,51.230000,-0.580000,0:00
1,United Kingdom,Harlech,Wales &,GB3DW,,145.662500,DUP-,0.600000,FM,TONE,110.9Hz,YES,Approximate,52.810000,-4.100000,0:00
1,United Kingdom,Harrogate,England,GB3HJ,,433.025000,DUP+,1.600000,FM,TONE,118.8Hz,YES,Approximate,54.060000,-1.650000,0:00
1,United Kingdom,Harrow,England,GB3HR,,433.350000,DUP+,1.600000,FM,TONE,82.5Hz,YES,Approximate,51.620000,-0.360000,0:00
1,United Kingdom,Haslingden,England,GB3RO,,430.825000,DUP+,7.600000,FM,TONE,82.5Hz,YES,Approximate,53.710000,-2.310000,0:00
1,United Kingdom,Hastings,England,GB3ES,,145.675000,DUP-,0.600000,FM,TONE,103.5Hz,YES,Approximate,50.900000,0.600000,0:00
1,United Kingdom,Hastings,England,GB3HE,,430.925000,DUP+,7.600000,FM,TONE,103.5Hz,YES,Approximate,50.880000,0.590000,0:00
1,United Kingdom,Hastings,England,GB7ZE,,433.050000,DUP+,1.600000,FM,TONE,103.5Hz,YES,Approximate,50.870000,0.560000,0:00
1,United Kingdom,Haywards Heath,England,GB3HY,,430.900000,DUP+,7.600000,FM,TONE,88.5Hz,YES,Approximate,50.990000,-0.090000,0:00
1,United Kingdom,Helston,No CTCSS,GB3SI,,145.625000,DUP-,0.600000,FM,OFF,88.5Hz,YES,Approximate,50.050000,-5.240000,0:00
1,United Kingdom,Hemel Hempstead,England,GB3BV,,433.025000,DUP+,1.600000,FM,TONE,82.5Hz,YES,Approximate,51.730000,-0.430000,0:00
1,United Kingdom,Hereford,Wales &,GB3HC,,433.150000,DUP+,1.600000,FM,TONE,118.8Hz,YES,Approximate,52.070000,-2.700000,0:00
1,United Kingdom,Hereford,Wales &,GB3ZA,,145.737500,DUP-,0.600000,FM,TONE,118.8Hz,YES,Approximate,52.070000,-2.700000,0:00
1,United Kingdom,Herne Bay,England,GB3KI,,145.662500,DUP-,0.600000,FM,TONE,103.5Hz,YES,Approximate,51.360000,1.150000,0:00
1,United Kingdom,Herne Bay,England,GB3KI  C,GB3KI  G,145.662500,DUP-,0.600000,DV,,,YES,Approximate,51.360000,1.150000,0:00
1,United Kingdom,Herne Bay,England,GB7IC  B,GB7IC  G,439.450000,DUP-,9.000000,DV,,,YES,Approximate,51.360000,1.150000,0:00
1,United Kingdom,Herne Bay,No CTCSS,GB7IC C,,145.662500,DUP-,0.600000,FM,OFF,88.5Hz,YES,Approximate,51.360000,1.150000,0:00
1,United Kingdom,Herne Bay,England,GB7IC  C,GB7IC  G,145.662500,DUP-,0.600000,DV,,,YES,Approximate,51.360000,1.150000,0:00
1,United Kingdom,Hexham,England,GB7TY  B,GB7TY  G,439.612500,DUP-,9.000000,DV,,,YES,Approximate,54.990000,-2.050000,0:00
1,United Kingdom,Higher Poynton,England,GB7AM  C,GB7AM  G,145.662500,DUP-,0.600000,DV,,,YES,Approximate,53.350000,-2.090000,0:00
1,United Kingdom,Hinckley,England,GB3HT,,433.275000,DUP+,1.600000,FM,TONE,77.0Hz,YES,Approximate,52.550000,-1.370000,0:00
1,United Kingdom,Hitchin,England,GB7SV,,433.275000,DUP+,1.600000,FM,TONE,82.5Hz,YES,Approximate,51.930000,-0.250000,0:00
1,United Kingdom,Horsham,England,GB3HO,,430.887500,DUP+,7.600000,FM,TONE,88.5Hz,YES,Approximate,51.050000,-0.390000,0:00
1,United Kingdom,Hove,England,GB3BR,,430.812500,DUP+,7.600000,FM,TONE,88.5Hz,YES,Approximate,50.800000,-0.200000,0:00
1,United Kingdom,Hucknall,No CTCSS,GB7NV,,430.825000,DUP+,7.600000,FM,OFF,88.5Hz,YES,Approximate,53.100000,-1.200000,0:00
1,United Kingdom,Hucknall,England,GB7NV  B,GB7NV  G,430.825000,DUP+,7.600000,DV,,,YES,Approximate,53.100000,-1.200000,0:00
1,United Kingdom,Huddersfield,England,GB3HD,,433.225000,DUP+,1.600000,FM,TONE,82.5Hz,YES,Approximate,53.650000,-1.870000,0:00
1,United Kingdom,Huddersfield,England,GB7HX  B,GB7HX  G,439.575000,DUP-,9.000000,DV,,,YES,Approximate,53.650000,-1.870000,0:00
1,United Kingdom,Hull,England,GB3HS,,145.650000,DUP-,0.600000,FM,TONE,88.5Hz,YES,Approximate,53.780000,-0.550000,0:00
1,United Kingdom,Hull,England,GB3HS  C,GB3HS  G,145.650000,DUP-,0.600000,DV,,,YES,Approximate,53.780000,-0.550000,0:00
1,United Kingdom,Hull,England,GB3NY,,430.837500,DUP+,7.600000,FM,TONE,88.5Hz,YES,Approximate,53.800000,-0.560000,0:00
1,United Kingdom,Ipswich,England,GB3DE,,433.175000,DUP+,1.600000,FM,TONE,110.9Hz,YES,Approximate,52.240000,1.100000,0:00
1,United Kingdom,Ipswich,England,GB3IH,,433.100000,DUP+,1.600000,FM,TONE,110.9Hz,YES,Approximate,52.060000,1.200000,0:00
1,United Kingdom,Ipswich,England,GB3PO,,145.650000,DUP-,0.600000,FM,TONE,110.9Hz,YES,Approximate,52.060000,1.200000,0:00
1,United Kingdom,Ipswich,England,GB7PP  B,GB7PP  G,439.437500,DUP-,9.000000,DV,,,YES,Approximate,52.250000,1.080000,0:00
1,United Kingdom,Isle Of South Ui,Scotland,GB3IS,,430.887500,DUP+,7.600000,FM,TONE,94.8Hz,YES,Approximate,57.100000,-7.350000,0:00
1,United Kingdom,Isle Of South Ui,Scotland,GB3IS  B,GB3IS  G,430.887500,DUP+,7.600000,DV,,,YES,Approximate,57.100000,-7.350000,0:00
1,United Kingdom,Ivybridge,England,GB3WD,,145.700000,DUP-,0.600000,FM,TONE,77.0Hz,YES,Approximate,50.400000,-3.900000,0:00
1,United Kingdom,Jedburgh,Scotland,GB7JD  B,GB7JD  G,439.412500,DUP-,9.000000,DV,,,YES,Approximate,55.480000,-2.550000,0:00
1,United Kingdom,Kendal,England,GB3LF,,433.350000,DUP+,1.600000,FM,TONE,110.9Hz,YES,Approximate,54.320000,-2.700000,0:00
1,United Kingdom,Kidderminster,Wales &,GB3KA,,430.887500,DUP+,7.600000,FM,TONE,118.8Hz,YES,Approximate,52.400000,-2.300000,0:00
1,United Kingdom,Kilmarnock,Scotland,GB7AY  B,GB7AY  G,439.450000,DUP-,9.000000,DV,,,YES,Approximate,55.670000,-4.400000,0:00
1,United Kingdom,Kilsyth,Scotland,GB3KV,,430.975000,DUP+,7.600000,FM,TONE,103.5Hz,YES,Approximate,56.000000,-4.040000,0:00
1,United Kingdom,Kings Lynn,England,GB3KL,,433.100000,DUP+,1.600000,FM,TONE,94.8Hz,YES,Approximate,52.710000,0.420000,0:00
1,United Kingdom,Kings Lynn,England,GB3KY,,145.712500,DUP-,0.600000,FM,TONE,94.8Hz,YES,Approximate,52.780000,0.480000,0:00
1,United Kingdom,Kirkcaldy,Scotland,GB7KY,,439.650000,DUP-,9.000000,FM,TONE,103.5Hz,YES,Approximate,56.100000,-3.200000,0:00
1,United Kingdom,Kirkcaldy,Scotland,GB7KY  B,GB7KY  G,439.650000,DUP-,9.000000,DV,,,YES,Approximate,56.100000,-3.200000,0:00
1,United Kingdom,Kirkwall,Scotland,GB3OC,,145.650000,DUP-,0.600000,FM,TONE,77.0Hz,YES,Approximate,58.990000,-3.020000,0:00
1,United Kingdom,Lancaster,England,GB3LD,,145.675000,DUP-,0.600000,FM,TONE,110.9Hz,YES,Approximate,54.030000,-2.760000,0:00
1,United Kingdom,Lancaster,England,GB7LF  B,GB7LF  G,439.537500,DUP-,9.000000,DV,,,YES,Approximate,54.030000,-2.760000,0:00
1,United Kingdom,Langholm,Scotland,GB3AS,,145.600000,DUP-,0.600000,FM,TONE,77.0Hz,YES,Approximate,55.110000,-2.930000,0:00
1,United Kingdom,Lapford,England,GB3LZ,,145.662500,DUP-,0.600000,FM,TONE,77.0Hz,YES,Approximate,50.880000,-3.770000,0:00
1,United Kingdom,Largs,Scotland,GB7AC,,430.950000,DUP+,7.600000,FM,TONE,103.5Hz,YES,Approximate,55.800000,-4.900000,0:00
1,United Kingdom,Lauder,Scotland,GB3LB,,145.787500,DUP-,0.600000,FM,TONE,118.8Hz,YES,Approximate,55.800000,-2.900000,0:00
1,United Kingdom,Leasowe,England,GB3MC,,439.337500,DUP-,9.000000,FM,TONE,110.9Hz,YES,Approximate,53.410000,-3.100000,0:00
1,United Kingdom,Leicester,England,GB3LN,,430.925000,DUP+,7.600000,FM,TONE,118.8Hz,YES,Approximate,52.620000,-1.190000,0:00
1,United Kingdom,Leigh,England,GB7HN,,430.875000,DUP+,7.600000,FM,TONE,82.5Hz,YES,Approximate,53.480000,-2.540000,0:00
1,United Kingdom,Leominister,Wales &,GB3JM,,430.875000,DUP+,7.600000,FM,TONE,118.8Hz,YES,Approximate,52.300000,-2.700000,0:00
1,United Kingdom,Lerwick,Scotland,GB3LU,,145.675000,DUP-,0.600000,FM,TONE,77.0Hz,YES,Approximate,60.140000,-1.210000,0:00
1,United Kingdom,Limavady,Northern,GB3LY,,145.600000,DUP-,0.600000,FM,TONE,110.9Hz,YES,Approximate,55.110000,-6.890000,0:00
1,United Kingdom,Lincoln,England,GB3LM,,145.725000,DUP-,0.600000,FM,TONE,71.9Hz,YES,Approximate,53.230000,-0.540000,0:00
1,United Kingdom,Lincoln,England,GB3LS,,433.050000,DUP+,1.600000,FM,TONE,71.9Hz,YES,Approximate,53.230000,-0.540000,0:00
1,United Kingdom,Linlithgow,Scotland,GB3OH,,430.950000,DUP+,7.600000,FM,TONE,94.8Hz,YES,Approximate,56.000000,-3.650000,0:00
1,United Kingdom,Linlithgow,Scotland,GB3OH  B,GB3OH  G,430.950000,DUP+,7.600000,DV,,,YES,Approximate,56.000000,-3.650000,0:00
1,United Kingdom,Lisburn,Northern,GB7HI  B,GB7HI  G,439.737500,DUP-,9.000000,DV,,,YES,Approximate,54.500000,-6.100000,0:00
1,United Kingdom,Liskeard,England,GB3CH,,430.875000,DUP+,7.600000,FM,TONE,77.0Hz,YES,Approximate,50.510000,-4.440000,0:00
1,United Kingdom,Liskeard,England,GB3JL,,145.787500,DUP-,0.600000,FM,TONE,77.0Hz,YES,Approximate,50.510000,-4.440000,0:00
1,United Kingdom,Liverpool,England,GB3LI,,433.250000,DUP+,1.600000,FM,TONE,82.5Hz,YES,Approximate,53.460000,-3.010000,0:00
1,United Kingdom,Livingston,No CTCSS,GB7LV,,145.612500,DUP-,0.600000,FM,OFF,88.5Hz,YES,Approximate,55.880000,-3.530000,0:00
1,United Kingdom,Livingston,Scotland,GB7LV  C,GB7LV  G,145.612500,DUP-,0.600000,DV,,,YES,Approximate,55.880000,-3.530000,0:00
1,United Kingdom,Llandudno,Wales &,GB3GO,,145.787500,DUP-,0.600000,FM,TONE,110.9Hz,YES,Approximate,53.330000,-3.850000,0:00
1,United Kingdom,Llandudno,Wales &,GB3OR,,430.837500,DUP+,7.600000,FM,TONE,103.5Hz,YES,Approximate,53.330000,-3.850000,0:00
1,United Kingdom,Llangollen,Wales &,GB3LL,,433.000000,DUP+,1.600000,FM,TONE,94.8Hz,YES,Approximate,53.000000,-3.100000,0:00
1,United Kingdom,Lochmaddy,Scotland,GB3EI,,145.612500,DUP-,0.600000,FM,TONE,88.5Hz,YES,Approximate,57.550000,-7.330000,0:00
1,United Kingdom,Lochmaddy,Scotland,GB3EI  C,GB3EI  G,145.612500,DUP-,0.600000,DV,,,YES,Approximate,57.550000,-7.330000,0:00
1,United Kingdom,Lochmaddy,Scotland,GB7EI,,430.850000,DUP+,7.600000,FM,TONE,88.5Hz,YES,Approximate,57.550000,-7.330000,0:00
1,United Kingdom,Lochmaddy,Scotland,GB7EI  B,GB7EI  G,430.850000,DUP+,7.600000,DV,,,YES,Approximate,57.550000,-7.330000,0:00
1,United Kingdom,London,England,GB3EL,,145.600000,DUP-,0.600000,FM,TONE,82.5Hz,YES,Approximate,51.530000,0.040000,0:00
1,United Kingdom,Longbridge,England,GB3WM,,433.050000,DUP+,1.600000,FM,TONE,67.0Hz,YES,Approximate,52.400000,-1.960000,0:00
1,United Kingdom,Longridge,England,GB7RL  B,GB7RL  G,439.775000,DUP-,9.000000,DV,,,YES,Approximate,53.840000,-2.580000,0:00
1,United Kingdom,Louth,England,GB3LC,,430.937500,DUP+,7.600000,FM,TONE,71.9Hz,YES,Approximate,53.320000,-0.120000,0:00
1,United Kingdom,Lowestoft,England,GB3YL,,433.350000,DUP+,1.600000,FM,TONE,94.8Hz,YES,Approximate,52.470000,1.740000,0:00
1,United Kingdom,Ludlow,Wales &,GB3HN,,433.025000,DUP+,1.600000,FM,TONE,103.5Hz,YES,Approximate,52.400000,-2.600000,0:00
1,United Kingdom,Ludlow,Wales &,GB3VN,,430.925000,DUP+,7.600000,FM,TONE,103.5Hz,YES,Approximate,52.360000,-2.600000,0:00
1,United Kingdom,Luton,England,GB3LT,,433.250000,DUP+,1.600000,FM,TONE,77.0Hz,YES,Approximate,51.910000,-0.460000,0:00
1,United Kingdom,Maenclochog,Wales &,GB7PD,,145.737500,DUP-,0.600000,FM,TONE,94.8Hz,YES,Approximate,51.920000,-4.800000,0:00
1,United Kingdom,Maenclochog,Wales &,GB7PD  C,GB7PD  G,145.737500,DUP-,0.600000,DV,,,YES,Approximate,51.920000,-4.800000,0:00
1,United Kingdom,Magherafelt,Northern,GB3MT,,430.900000,DUP+,7.600000,FM,TONE,110.9Hz,YES,Approximate,54.750000,-6.600000,0:00
1,United Kingdom,Magherafelt,Northern,GB7MF  B,GB7MF  G,439.675000,DUP-,9.000000,DV,,,YES,Approximate,54.750000,-6.610000,0:00
1,United Kingdom,Maidstone,England,GB3KN,,145.700000,DUP-,0.600000,FM,TONE,103.5Hz,YES,Approximate,51.300000,0.590000,0:00
1,United Kingdom,Maidstone,England,GB3RE,,433.275000,DUP+,1.600000,FM,TONE,103.5Hz,YES,Approximate,51.300000,0.600000,0:00
1,United Kingdom,Maltby,England,GB3DV,,433.025000,DUP+,1.600000,FM,TONE,71.9Hz,YES,Approximate,53.420000,-1.190000,0:00
1,United Kingdom,Manchester,England,GB3MI,,145.712500,DUP-,0.600000,FM,TONE,82.5Hz,YES,Approximate,53.500000,-2.200000,0:00
1,United Kingdom,Manchester,England,GB3MI  C,GB3MI  G,145.712500,DUP-,0.600000,DV,,,YES,Approximate,53.500000,-2.200000,0:00
1,United Kingdom,Mansfield,England,GB3EE,,433.300000,DUP+,1.600000,FM,TONE,71.9Hz,YES,Approximate,53.200000,-1.200000,0:00
1,United Kingdom,Mansfield,England,GB3JR,,430.975000,DUP+,7.600000,FM,TONE,71.9Hz,YES,Approximate,53.080000,-1.360000,0:00
1,United Kingdom,Margate,England,GB3EK,,430.887500,DUP+,7.600000,FM,TONE,103.5Hz,YES,Approximate,51.380000,1.400000,0:00
1,United Kingdom,Markfield,England,GB3CF,,145.600000,DUP-,0.600000,FM,TONE,77.0Hz,YES,Approximate,52.690000,-1.280000,0:00
1,United Kingdom,Markfield,England,GB3CF  C,GB3CF  G,145.600000,DUP-,0.600000,DV,,,YES,Approximate,52.690000,-1.280000,0:00
1,United Kingdom,Markfield,England,GB3LE,,433.100000,DUP+,1.600000,FM,TONE,77.0Hz,YES,Approximate,52.690000,-1.280000,0:00
1,United Kingdom,Marlborough,England,GB7AE  B,GB7AE  G,439.425000,DUP-,9.000000,DV,,,YES,Approximate,51.420000,-1.760000,0:00
1,United Kingdom,Mere Wiltshire,England,GB3JB,,145.787500,DUP-,0.600000,FM,TONE,103.5Hz,YES,Approximate,51.100000,-2.190000,0:00
1,United Kingdom,Merthyr,Wales &,GB3MB,,433.375000,DUP+,1.600000,FM,TONE,94.8Hz,YES,Approximate,51.740000,-3.420000,0:00
1,United Kingdom,Milton Keynes,England,GB3MK,,433.000000,DUP+,1.600000,FM,TONE,77.0Hz,YES,Approximate,52.040000,-0.760000,0:00
1,United Kingdom,Milton Keynes,England,GB7BP  B,GB7BP  G,439.450000,DUP-,9.000000,DV,,,YES,Approximate,52.000000,-0.740000,0:00
1,United Kingdom,Monifieth,Scotland,GB7DM,,439.750000,DUP-,9.000000,FM,TONE,103.5Hz,YES,Approximate,56.480000,-2.840000,0:00
1,United Kingdom,Monifieth,Scotland,GB7DM  B,GB7DM  G,439.750000,DUP-,9.000000,DV,,,YES,Approximate,56.480000,-2.840000,0:00
1,United Kingdom,Morden,England,GB3XP,,145.687500,DUP-,0.600000,FM,TONE,82.5Hz,YES,Approximate,51.380000,-0.180000,0:00
1,United Kingdom,Motherwell,Scotland,GB3CS,,145.750000,DUP-,0.600000,FM,TONE,103.5Hz,YES,Approximate,55.800000,-4.000000,0:00
1,United Kingdom,Muir Of Ord,Scotland,GB3BI,,145.725000,DUP-,0.600000,FM,TONE,67.0Hz,YES,Approximate,57.510000,-4.540000,0:00
1,United Kingdom,Nairn,Scotland,GB7MM  B,GB7MM  G,439.750000,DUP-,9.000000,DV,,,YES,Approximate,57.580000,-3.900000,0:00
1,United Kingdom,Neston,England,GB7RA  B,GB7RA  G,439.650000,DUP-,9.000000,DV,,,YES,Approximate,53.300000,-3.060000,0:00
1,United Kingdom,New Ash Green,England,GB7AR  B,GB7AR  G,439.525000,DUP-,9.000000,DV,,,YES,Approximate,51.400000,0.300000,0:00
1,United Kingdom,Newbury,England,GB3AW,,433.250000,DUP+,1.600000,FM,TONE,71.9Hz,YES,Approximate,51.320000,-1.440000,0:00
1,United Kingdom,Newbury,England,GB3NE,,145.762500,DUP-,0.600000,FM,TONE,118.8Hz,YES,Approximate,51.380000,-1.350000,0:00
1,United Kingdom,Newbury,England,GB7NT,,430.925000,DUP+,7.600000,FM,TONE,118.8Hz,YES,Approximate,51.380000,-1.280000,0:00
1,United Kingdom,Newcastle Emlyn,Wales &,GB3CN,,145.687500,DUP-,0.600000,FM,TONE,94.8Hz,YES,Approximate,51.990000,-4.400000,0:00
1,United Kingdom,Newcastle Upon T,England,GB3NT,,433.000000,DUP+,1.600000,FM,TONE,118.8Hz,YES,Approximate,54.940000,-1.580000,0:00
1,United Kingdom,Newhaven,England,GB3EB,,145.787500,DUP-,0.600000,FM,TONE,88.5Hz,YES,Approximate,50.790000,0.440000,0:00
1,United Kingdom,Newhaven,England,GB3EB  C,GB3EB  G,145.787500,DUP-,0.600000,DV,,,YES,Approximate,50.790000,0.440000,0:00
1,United Kingdom,Newhaven,England,GB3LR,,430.862500,DUP+,7.600000,FM,TONE,88.5Hz,YES,Approximate,50.780000,0.050000,0:00
1,United Kingdom,Newton Stewart,Scotland,GB3DG,,145.775000,DUP-,0.600000,FM,TONE,103.5Hz,YES,Approximate,54.890000,-4.300000,0:00
1,United Kingdom,Newtown Powys,Wales &,GB3PW,,145.775000,DUP-,0.600000,FM,TONE,103.5Hz,YES,Approximate,52.480000,-3.400000,0:00
1,United Kingdom,Northampton,England,GB3NH,,430.950000,DUP+,7.600000,FM,TONE,77.0Hz,YES,Approximate,52.240000,-0.890000,0:00
1,United Kingdom,North London,England,GB3LV,,433.050000,DUP+,1.600000,FM,TONE,82.5Hz,YES,Approximate,51.650000,-0.080000,0:00
1,United Kingdom,North London,No CTCSS,GB3NL,,145.775000,DUP-,0.600000,FM,OFF,88.5Hz,YES,Approximate,51.650000,-0.080000,0:00
1,United Kingdom,Northwich,England,GB3SJ,,145.687500,DUP-,0.600000,FM,TONE,103.5Hz,YES,Approximate,53.220000,-2.520000,0:00
1,United Kingdom,Northwich,England,GB7DH  B,GB7DH  G,439.587500,DUP-,9.000000,DV,,,YES,Approximate,53.200000,-2.500000,0:00
1,United Kingdom,Northwich,England,GB7SJ,,433.175000,DUP+,1.600000,FM,TONE,103.5Hz,YES,Approximate,53.220000,-2.520000,0:00
1,United Kingdom,Norwich,England,GB3NB,,145.625000,DUP-,0.600000,FM,TONE,94.8Hz,YES,Approximate,52.570000,1.330000,0:00
1,United Kingdom,Norwich,England,GB3NR,,433.000000,DUP+,1.600000,FM,TONE,94.8Hz,YES,Approximate,52.630000,1.280000,0:00
1,United Kingdom,Norwich,England,GB7DS  B,GB7DS  G,439.425000,DUP-,9.000000,DV,,,YES,Approximate,52.650000,1.290000,0:00
1,United Kingdom,Norwich,England,GB7NB  B,GB7NB  G,439.687500,DUP-,9.000000,DV,,,YES,Approximate,52.570000,1.330000,0:00
1,United Kingdom,Nottingham,England,GB3FU,,145.750000,DUP-,0.600000,FM,TONE,71.9Hz,YES,Approximate,53.000000,-1.200000,0:00
1,United Kingdom,Nottingham,England,GB3NF,,145.625000,DUP-,0.600000,FM,TONE,77.0Hz,YES,Approximate,53.000000,-1.100000,0:00
1,United Kingdom,Nottingham,England,GB3NM,,433.175000,DUP+,1.600000,FM,TONE,71.9Hz,YES,Approximate,53.000000,-1.100000,0:00
1,United Kingdom,Nottingham,England,GB3NU,,439.325000,DUP-,9.000000,FM,TONE,71.9Hz,YES,Approximate,53.000000,-1.100000,0:00
1,United Kingdom,Nottingham,England,GB3NU  B,GB3NU  G,439.325000,DUP-,9.000000,DV,,,YES,Approximate,53.000000,-1.100000,0:00
1,United Kingdom,Nottingham,No CTCSS,GB7FU,,430.887500,DUP+,7.600000,FM,OFF,88.5Hz,YES,Approximate,53.000000,-1.200000,0:00
1,United Kingdom,Nottingham,England,GB7NR  B,GB7NR  G,439.437500,DUP-,9.000000,DV,,,YES,Approximate,52.990000,-1.110000,0:00
1,United Kingdom,Omagh,Northern,GB3OM,,430.950000,DUP+,7.600000,FM,TONE,110.9Hz,YES,Approximate,54.670000,-7.210000,0:00
1,United Kingdom,Omagh,Northern,GB3WT,,145.775000,DUP-,0.600000,FM,TONE,110.9Hz,YES,Approximate,54.670000,-7.210000,0:00
1,United Kingdom,Omagh,Northern,GB7WT  B,GB7WT  G,439.600000,DUP-,9.000000,DV,,,YES,Approximate,54.690000,-7.400000,0:00
1,United Kingdom,Otley,England,GB3WF,,433.350000,DUP+,1.600000,FM,TONE,82.5Hz,YES,Approximate,53.890000,-1.690000,0:00
1,United Kingdom,Paisley,Scotland,GB3PA,,145.625000,DUP-,0.600000,FM,TONE,103.5Hz,YES,Approximate,55.910000,-4.590000,0:00
1,United Kingdom,Peel,England,GB3IM P,,430.875000,DUP+,7.600000,FM,TONE,110.9Hz,YES,Approximate,54.220000,-4.700000,0:00
1,United Kingdom,Pembroke,Wales &,GB3SP,,433.100000,DUP+,1.600000,FM,TONE,94.8Hz,YES,Approximate,51.670000,-4.830000,0:00
1,United Kingdom,Perth,Scotland,GB3PR,,145.675000,DUP-,0.600000,FM,TONE,94.8Hz,YES,Approximate,56.370000,-3.460000,0:00
1,United Kingdom,Perth,Scotland,GB3PU,,433.000000,DUP+,1.600000,FM,TONE,94.8Hz,YES,Approximate,56.370000,-3.460000,0:00
1,United Kingdom,Peterborough,England,GB3PE,,145.675000,DUP-,0.600000,FM,TONE,94.8Hz,YES,Approximate,52.500000,-0.350000,0:00
1,United Kingdom,Plymouth,England,GB7IE,,145.675000,DUP-,0.600000,FM,TONE,77.0Hz,YES,Approximate,50.390000,-4.110000,0:00
1,United Kingdom,Polperro,England,GB3DQ,,430.975000,DUP+,7.600000,FM,TONE,77.0Hz,YES,Approximate,50.340000,-4.510000,0:00
1,United Kingdom,Pontypridd,Wales &,GB3BC,,145.750000,DUP-,0.600000,FM,TONE,94.8Hz,YES,Approximate,51.610000,-3.300000,0:00
1,United Kingdom,Poole,England,GB7SZ,,430.937500,DUP+,7.600000,FM,TONE,71.9Hz,YES,Approximate,50.730000,-1.940000,0:00
1,United Kingdom,Port Talbot,Wales &,GB3WG,,430.875000,DUP+,7.600000,FM,TONE,94.8Hz,YES,Approximate,51.630000,-3.760000,0:00
1,United Kingdom,Port Talbot,Wales &,GB3WW,,145.775000,DUP-,0.600000,FM,TONE,94.8Hz,YES,Approximate,51.630000,-3.760000,0:00
1,United Kingdom,Prescot,England,GB3PT,,430.862500,DUP+,7.600000,FM,TONE,94.8Hz,YES,Approximate,53.500000,-2.900000,0:00
1,United Kingdom,Preston,England,GB3PN,,430.950000,DUP+,7.600000,FM,TONE,82.5Hz,YES,Approximate,53.760000,-2.690000,0:00
1,United Kingdom,Preston,England,GB3PP,,433.375000,DUP+,1.600000,FM,TONE,82.5Hz,YES,Approximate,53.700000,-2.600000,0:00
1,United Kingdom,Ramsey  Iom,England,GB3IM R,,430.825000,DUP+,7.600000,FM,TONE,71.9Hz,YES,Approximate,54.360000,-4.390000,0:00
1,United Kingdom,Reading,England,GB3RD,,145.675000,DUP-,0.600000,FM,TONE,118.8Hz,YES,Approximate,51.520000,-1.200000,0:00
1,United Kingdom,Reading,England,GB3RU,,433.275000,DUP+,1.600000,FM,TONE,118.8Hz,YES,Approximate,51.450000,-1.040000,0:00
1,United Kingdom,Richmond Yorks,England,GB3IR,,145.762500,DUP-,0.600000,FM,TONE,88.5Hz,YES,Approximate,54.410000,-1.750000,0:00
1,United Kingdom,Roche,England,GB3HB,,433.375000,DUP+,1.600000,FM,TONE,77.0Hz,YES,Approximate,50.380000,-4.830000,0:00
1,United Kingdom,Roche,England,GB3NC,,145.725000,DUP-,0.600000,FM,TONE,77.0Hz,YES,Approximate,50.380000,-4.830000,0:00
1,United Kingdom,Rochester,England,GB3IK,,145.762500,DUP-,0.600000,FM,TONE,103.5Hz,YES,Approximate,51.400000,0.490000,0:00
1,United Kingdom,Romford,England,GB7HH  B,GB7HH  G,439.750000,DUP-,9.000000,DV,,,YES,Approximate,51.570000,0.180000,0:00
1,United Kingdom,Royston,England,GB3PI,,145.750000,DUP-,0.600000,FM,TONE,77.0Hz,YES,Approximate,52.010000,0.000000,0:00
1,United Kingdom,Royston,England,GB7PI  B,GB7PI  G,439.762500,DUP-,9.000000,DV,,,YES,Approximate,52.010000,0.000000,0:00
1,United Kingdom,Royston,England,GB7PT  B,GB7PT  G,439.712500,DUP-,9.000000,DV,,,YES,Approximate,52.010000,0.000000,0:00
1,United Kingdom,Royston,England,GB7PX  B,GB7PX  G,439.775000,DUP-,9.000000,DV,,,YES,Approximate,52.010000,0.000000,0:00
1,United Kingdom,Rugby,England,GB3ME,,433.150000,DUP+,1.600000,FM,TONE,67.0Hz,YES,Approximate,52.390000,-1.250000,0:00
1,United Kingdom,Rye,England,GB7RY,,430.950000,DUP+,7.600000,FM,TONE,103.5Hz,YES,Approximate,50.950000,0.610000,0:00
1,United Kingdom,Sanquhar,Scotland,GB3LA,,145.712500,DUP-,0.600000,FM,TONE,103.5Hz,YES,Approximate,55.380000,-3.750000,0:00
1,United Kingdom,Selkirk,Scotland,GB7EY  B,GB7EY  G,439.512500,DUP-,9.000000,DV,,,YES,Approximate,55.500000,-2.800000,0:00
1,United Kingdom,Sheffield,England,GB3AB,,433.375000,DUP+,1.600000,FM,TONE,82.5Hz,YES,Approximate,53.420000,-1.540000,0:00
1,United Kingdom,Sheffield,England,GB3US,,433.000000,DUP+,1.600000,FM,TONE,103.5Hz,YES,Approximate,53.300000,-1.500000,0:00
1,United Kingdom,Sheffield,England,GB7SF  C,GB7SF  G,145.737500,DUP-,0.600000,DV,,,YES,Approximate,53.420000,-1.440000,0:00
1,United Kingdom,Sheffield,England,GB7SH,,430.962500,DUP+,7.600000,FM,TONE,71.9Hz,YES,Approximate,53.420000,-1.440000,0:00
1,United Kingdom,Shipley,England,GB3TP,,145.725000,DUP-,0.600000,FM,TONE,82.5Hz,YES,Approximate,53.830000,-1.800000,0:00
1,United Kingdom,Shipley,England,GB3XL,,430.887500,DUP+,7.600000,FM,TONE,82.5Hz,YES,Approximate,53.830000,-1.760000,0:00
1,United Kingdom,Shipley,England,GB7TP  B,GB7TP  G,439.687500,DUP-,9.000000,DV,,,YES,Approximate,53.830000,-1.800000,0:00
1,United Kingdom,Shrewsbury,Wales &,GB3LH,,433.375000,DUP+,1.600000,FM,TONE,103.5Hz,YES,Approximate,52.660000,-2.780000,0:00
1,United Kingdom,Sidmouth,England,GB3SW,,145.712500,DUP-,0.600000,FM,TONE,77.0Hz,YES,Approximate,50.700000,-3.200000,0:00
1,United Kingdom,Silverton,England,GB3EX,,430.950000,DUP+,7.600000,FM,TONE,77.0Hz,YES,Approximate,50.840000,-3.470000,0:00
1,United Kingdom,Skegness,England,GB3SR,,430.912500,DUP+,7.600000,FM,TONE,71.9Hz,YES,Approximate,53.070000,0.190000,0:00
1,United Kingdom,Skegness,England,GB7DL  B,GB7DL  G,439.675000,DUP-,9.000000,DV,,,YES,Approximate,53.160000,0.320000,0:00
1,United Kingdom,Snaefell Iom,England,GB3GD,,145.625000,DUP-,0.600000,FM,TONE,110.9Hz,YES,Approximate,54.260000,-4.460000,0:00
1,United Kingdom,Southampton,England,GB3SH,,145.662500,DUP-,0.600000,FM,TONE,71.9Hz,YES,Approximate,50.900000,-1.330000,0:00
1,United Kingdom,Southampton,England,GB3SU,,433.200000,DUP+,1.600000,FM,TONE,71.9Hz,YES,Approximate,50.900000,-1.330000,0:00
1,United Kingdom,Southampton,England,GB7IV  C,GB7IV  G,145.775000,DUP-,0.600000,DV,,,YES,Approximate,50.900000,-1.330000,0:00
1,United Kingdom,South Cave,England,GB7HU  B,GB7HU  G,439.487500,DUP-,9.000000,DV,,,YES,Approximate,53.780000,-0.550000,0:00
1,United Kingdom,South Nutfield,England,GB3IP,,430.975000,DUP+,7.600000,FM,TONE,82.5Hz,YES,Approximate,51.220000,-0.150000,0:00
1,United Kingdom,Southport,England,GB3OA,,145.612500,DUP-,0.600000,FM,TONE,82.5Hz,YES,Approximate,53.650000,-3.000000,0:00
1,United Kingdom,Southport,England,GB3OA  C,GB3OA  G,145.612500,DUP-,0.600000,DV,,,YES,Approximate,53.650000,-3.000000,0:00
1,United Kingdom,South Shields,England,GB3ZN,,145.637500,DUP-,0.600000,FM,TONE,118.8Hz,YES,Approximate,54.990000,-1.440000,0:00
1,United Kingdom,Spilsby Lincs.,England,GB3FR,,145.775000,DUP-,0.600000,FM,TONE,71.9Hz,YES,Approximate,53.170000,0.030000,0:00
1,United Kingdom,Stafford,England,GB3SV,,145.612500,DUP-,0.600000,FM,TONE,94.8Hz,YES,Approximate,52.770000,-2.160000,0:00
1,United Kingdom,Stafford,England,GB3ZI,,430.975000,DUP+,7.600000,FM,TONE,103.5Hz,YES,Approximate,52.800000,-2.100000,0:00
1,United Kingdom,Staines Upon Tha,England,GB3ML,,430.912500,DUP+,7.600000,FM,TONE,103.5Hz,YES,Approximate,51.430000,-0.510000,0:00
1,United Kingdom,Staines Upon Tha,England,GB3ML  B,GB3ML  G,430.912500,DUP+,7.600000,DV,,,YES,Approximate,51.430000,-0.510000,0:00
1,United Kingdom,Stamford,England,GB3SA,,430.962500,DUP+,7.600000,FM,TONE,82.5Hz,YES,Approximate,52.630000,-0.510000,0:00
1,United Kingdom,St Austell,England,GB7MC  B,GB7MC  G,439.537500,DUP-,9.000000,DV,,,YES,Approximate,50.300000,-4.900000,0:00
1,United Kingdom,St. Helens,England,GB7DV  B,GB7DV  G,439.612500,DUP-,9.000000,DV,,,YES,Approximate,53.440000,-2.770000,0:00
1,United Kingdom,St Helier,England,GB3GJ,,145.637500,DUP-,0.600000,FM,TONE,71.9Hz,YES,Approximate,49.200000,-2.110000,0:00
1,United Kingdom,St Helier,England,GB7GJ,,430.900000,DUP+,7.600000,FM,TONE,88.5Hz,YES,Approximate,49.200000,-2.110000,0:00
1,United Kingdom,St Helier,England,GB7JI  B,GB7JI  G,430.850000,DUP+,7.600000,DV,,,YES,Approximate,49.200000,-2.120000,0:00
1,United Kingdom,Stibb Cross,England,GB3DN,,145.637500,DUP-,0.600000,FM,TONE,77.0Hz,YES,Approximate,50.920000,-4.260000,0:00
1,United Kingdom,Stirling,Scotland,GB3FE,,145.662500,DUP-,0.600000,FM,TONE,103.5Hz,YES,Approximate,56.110000,-3.850000,0:00
1,United Kingdom,Stirling,Scotland,GB3FV,,430.812500,DUP+,7.600000,FM,TONE,88.5Hz,YES,Approximate,56.100000,-3.900000,0:00
1,United Kingdom,Stirling,Scotland,GB7FE  B,GB7FE  G,439.475000,DUP-,9.000000,DV,,,YES,Approximate,56.110000,-3.850000,0:00
1,United Kingdom,St Monans,Scotland,GB7SM,,439.587500,DUP-,9.000000,FM,TONE,103.5Hz,YES,Approximate,56.200000,-2.800000,0:00
1,United Kingdom,St Monans,Scotland,GB7SM  B,GB7SM  G,439.587500,DUP-,9.000000,DV,,,YES,Approximate,56.200000,-2.800000,0:00
1,United Kingdom,St Neots,England,GB3OV,,433.125000,DUP+,1.600000,FM,TONE,94.8Hz,YES,Approximate,52.270000,-0.180000,0:00
1,United Kingdom,Stockport,England,GB3MR,,433.350000,DUP+,1.600000,FM,TONE,82.5Hz,YES,Approximate,53.330000,-2.040000,0:00
1,United Kingdom,Stoke On Trent,England,GB3SM,,433.325000,DUP+,1.600000,FM,TONE,103.5Hz,YES,Approximate,53.040000,-1.910000,0:00
1,United Kingdom,Stoke On Trent,England,GB3ST,,433.225000,DUP+,1.600000,FM,TONE,103.5Hz,YES,Approximate,53.000000,-2.100000,0:00
1,United Kingdom,Stoke On Trent,England,GB3VT  C,GB3VT  G,145.725000,DUP-,0.600000,DV,,,YES,Approximate,53.000000,-2.100000,0:00
1,United Kingdom,Stornoway,Scotland,GB3IG,,145.775000,DUP-,0.600000,FM,TONE,88.5Hz,YES,Approximate,58.180000,-6.580000,0:00
1,United Kingdom,Stourbridge,England,GB3KC,,430.900000,DUP+,7.600000,FM,TONE,67.0Hz,YES,Approximate,52.440000,-2.120000,0:00
1,United Kingdom,Stourport On Sev,Wales &,GB3KR,,430.812500,DUP+,7.600000,FM,TONE,118.8Hz,YES,Approximate,52.340000,-2.260000,0:00
1,United Kingdom,Stranraer,Scotland,GB7DK,,145.687500,DUP-,0.600000,FM,TONE,103.5Hz,YES,Approximate,54.900000,-5.050000,0:00
1,United Kingdom,Stranraer,Scotland,GB7DK  B,GB7DK  G,439.650000,DUP-,9.000000,DV,,,YES,Approximate,54.900000,-5.050000,0:00
1,United Kingdom,Stroud,England,GB3SG,,430.912500,DUP+,7.600000,FM,TONE,118.8Hz,YES,Approximate,51.700000,-2.200000,0:00
1,United Kingdom,Sunderland,England,GB3TS,,433.175000,DUP+,1.600000,FM,TONE,118.8Hz,YES,Approximate,54.850000,-1.440000,0:00
1,United Kingdom,Swindon,England,GB3TD,,438.387500,DUP-,7.600000,FM,TONE,118.8Hz,YES,Approximate,51.490000,-1.700000,0:00
1,United Kingdom,Swindon,England,GB3WH,,145.650000,DUP-,0.600000,FM,TONE,118.8Hz,YES,Approximate,51.530000,-1.660000,0:00
1,United Kingdom,Tarvin,England,GB7WX  B,GB7WX  G,439.512500,DUP-,9.000000,DV,,,YES,Approximate,53.190000,-2.770000,0:00
1,United Kingdom,Telford,Wales &,GB3TF,,433.200000,DUP+,1.600000,FM,TONE,103.5Hz,YES,Approximate,52.660000,-2.520000,0:00
1,United Kingdom,Tenbury Wells,Wales &,GB3VM,,145.612500,DUP-,0.600000,FM,TONE,103.5Hz,YES,Approximate,52.380000,-2.600000,0:00
1,United Kingdom,Tenbury Wells,Wales &,GB7VO  B,GB7VO  G,439.700000,DUP-,9.000000,DV,,,YES,Approximate,52.380000,-2.600000,0:00
1,United Kingdom,Thirsk,England,GB3HG,,145.625000,DUP-,0.600000,FM,TONE,88.5Hz,YES,Approximate,54.230000,-1.210000,0:00
1,United Kingdom,Torquay,England,GB3TR,,145.650000,DUP-,0.600000,FM,TONE,94.8Hz,YES,Approximate,50.500000,-3.530000,0:00
1,United Kingdom,Torquay,England,GB7TQ,,430.887500,DUP+,7.600000,FM,TONE,94.8Hz,YES,Approximate,50.500000,-3.530000,0:00
1,United Kingdom,Towcester,England,GB3NP,,430.887500,DUP+,7.600000,FM,TONE,77.0Hz,YES,Approximate,52.170000,-1.030000,0:00
1,United Kingdom,Tring Herts,England,GB3TU,,433.225000,DUP+,1.600000,FM,TONE,77.0Hz,YES,Approximate,51.770000,-0.690000,0:00
1,United Kingdom,Upper Largo,Scotland,GB3FF,,145.600000,DUP-,0.600000,FM,TONE,103.5Hz,YES,Approximate,56.200000,-2.900000,0:00
1,United Kingdom,Ventnor,England,GB3IW,,433.225000,DUP+,1.600000,FM,TONE,71.9Hz,YES,Approximate,50.600000,-1.200000,0:00
1,United Kingdom,Wakefield,England,GB3BW,,430.812500,DUP+,7.600000,FM,TONE,82.5Hz,YES,Approximate,53.620000,-1.410000,0:00
1,United Kingdom,Wakefield,England,GB3YW,,145.787500,DUP-,0.600000,FM,TONE,82.5Hz,YES,Approximate,53.640000,-1.660000,0:00
1,United Kingdom,Wakefield,England,GB7WY  B,GB7WY  G,439.512500,DUP-,9.000000,DV,,,YES,Approximate,53.720000,-1.540000,0:00
1,United Kingdom,Warrington,England,GB7WC  B,GB7WC  G,439.487500,DUP-,9.000000,DV,,,YES,Approximate,53.340000,-2.640000,0:00
1,United Kingdom,Washington,England,GB3UK,,145.612500,DUP-,0.600000,FM,TONE,118.8Hz,YES,Approximate,54.920000,-1.500000,0:00
1,United Kingdom,Washington,England,GB3UK  C,GB3UK  G,145.612500,DUP-,0.600000,DV,,,YES,Approximate,54.920000,-1.500000,0:00
1,United Kingdom,Washington,England,GB7GW,,430.812500,DUP+,7.600000,FM,TONE,103.5Hz,YES,Approximate,54.920000,-1.500000,0:00
1,United Kingdom,Washington,England,GB7GW  B,GB7GW  G,430.812500,DUP+,7.600000,DV,,,YES,Approximate,54.920000,-1.500000,0:00
1,United Kingdom,Wells Norfolk,England,GB3NN,,433.050000,DUP+,1.600000,FM,TONE,94.8Hz,YES,Approximate,52.910000,0.830000,0:00
1,United Kingdom,Welwyn Garden Ci,England,GB3VH,,433.325000,DUP+,1.600000,FM,TONE,82.5Hz,YES,Approximate,51.810000,-0.220000,0:00
1,United Kingdom,Weston Super Mar,England,GB3WB,,433.300000,DUP+,1.600000,FM,TONE,94.8Hz,YES,Approximate,51.320000,-2.950000,0:00
1,United Kingdom,Weston Super Mar,England,GB3WE,,145.687500,DUP-,0.600000,FM,TONE,94.8Hz,YES,Approximate,51.320000,-2.950000,0:00
1,United Kingdom,Weston Super Mar,England,GB3WE  C,GB3WE  G,145.687500,DUP-,0.600000,DV,,,YES,Approximate,51.320000,-2.950000,0:00
1,United Kingdom,Weston Super Mar,England,GB7WB  B,GB7WB  G,439.487500,DUP-,9.000000,DV,,,YES,Approximate,51.320000,-2.950000,0:00
1,United Kingdom,Weymouth,No CTCSS,GB3DR,,145.737500,DUP-,0.600000,FM,OFF,88.5Hz,YES,Approximate,50.550000,-2.440000,0:00
1,United Kingdom,Weymouth,England,GB3SD,,433.350000,DUP+,1.600000,FM,TONE,71.9Hz,YES,Approximate,50.670000,-2.460000,0:00
1,United Kingdom,Whitby,England,GB7RW,,145.600000,DUP-,0.600000,FM,TONE,88.5Hz,YES,Approximate,54.430000,-0.570000,0:00
1,United Kingdom,Whitby,England,GB7RW  C,GB7RW  G,145.600000,DUP-,0.600000,DV,,,YES,Approximate,54.430000,-0.570000,0:00
1,United Kingdom,Wickhambrook,England,GB3EA,,145.687500,DUP-,0.600000,FM,TONE,110.9Hz,YES,Approximate,52.190000,0.550000,0:00
1,United Kingdom,Wigan,England,GB3EG,,430.912500,DUP+,7.600000,FM,TONE,82.5Hz,YES,Approximate,53.560000,-2.650000,0:00
1,United Kingdom,Wigan,England,GB7JL,,430.962500,DUP+,7.600000,FM,TONE,82.5Hz,YES,Approximate,53.480000,-2.580000,0:00
1,United Kingdom,Wimborne,England,GB3PB,,145.625000,DUP-,0.600000,FM,TONE,71.9Hz,YES,Approximate,50.810000,-1.920000,0:00
1,United Kingdom,Wisbech,England,GB3WI,,433.375000,DUP+,1.600000,FM,TONE,94.8Hz,YES,Approximate,52.700000,0.200000,0:00
1,United Kingdom,Withernsea,England,GB3SO,,433.000000,DUP+,1.600000,FM,TONE,71.9Hz,YES,Approximate,53.740000,0.030000,0:00
1,United Kingdom,Withernsea,England,GB3SO  B,GB3SO  G,433.000000,DUP+,1.600000,DV,,,YES,Approximate,53.740000,0.030000,0:00
1,United Kingdom,Woburn Sands,England,GB7CG,,145.712500,DUP-,0.600000,FM,TONE,77.0Hz,YES,Approximate,52.020000,-0.650000,0:00
1,United Kingdom,Woking,England,GB7WK  B,GB7WK  G,439.512500,DUP-,9.000000,DV,,,YES,Approximate,51.300000,-0.600000,0:00
1,United Kingdom,Wolverhampton,England,GB3IC,,433.125000,DUP+,1.600000,FM,TONE,67.0Hz,YES,Approximate,52.600000,-2.100000,0:00
1,United Kingdom,Worcester,Wales &,GB3NW,,145.625000,DUP-,0.600000,FM,TONE,67.0Hz,YES,Approximate,52.190000,-2.180000,0:00
1,United Kingdom,Worcester,Wales &,GB3WU,,430.825000,DUP+,7.600000,FM,TONE,118.8Hz,YES,Approximate,52.200000,-2.210000,0:00
1,United Kingdom,Worksop,England,GB3DS,,433.325000,DUP+,1.600000,FM,TONE,71.9Hz,YES,Approximate,53.300000,-1.130000,0:00
1,United Kingdom,Worksop,England,GB3XN,,430.925000,DUP+,7.600000,FM,TONE,71.9Hz,YES,Approximate,53.380000,-1.120000,0:00
1,United Kingdom,Worthing,England,GB3RW,,145.600000,DUP-,0.600000,FM,TONE,88.5Hz,YES,Approximate,50.800000,-0.400000,0:00
1,United Kingdom,Worthing,England,GB7CQ  B,GB7CQ  G,439.612500,DUP-,9.000000,DV,,,YES,Approximate,50.800000,-0.400000,0:00
1,United Kingdom,Wrexham,Wales &,GB3UO,,430.950000,DUP+,7.600000,FM,TONE,110.9Hz,YES,Approximate,53.000000,-3.080000,0:00
1,United Kingdom,Wrexham,Wales &,GB3VO,,145.637500,DUP-,0.600000,FM,TONE,110.9Hz,YES,Approximate,53.000000,-3.080000,0:00
1,United Kingdom,Wrexham,Wales &,GB7WH,,439.375000,DUP-,9.000000,FM,TONE,110.9Hz,YES,Approximate,53.100000,-3.000000,0:00
1,United Kingdom,Wymondham,England,GB3NZ,,145.600000,DUP-,0.600000,FM,TONE,94.8Hz,YES,Approximate,52.570000,1.110000,0:00
1,United Kingdom,Wymondham,England,GB3VW,,430.812500,DUP+,7.600000,FM,TONE,82.5Hz,YES,Approximate,52.570000,1.110000,0:00
1,United Kingdom,Wythall,England,GB3WL,,430.950000,DUP+,7.600000,FM,TONE,67.0Hz,YES,Approximate,52.380000,-1.890000,0:00
1,United Kingdom,Wythall,England,GB3WL  B,GB3WL  G,430.950000,DUP+,7.600000,DV,,,YES,Approximate,52.380000,-1.890000,0:00
1,United Kingdom,York,England,GB3CY,,430.862500,DUP+,7.600000,FM,TONE,88.5Hz,YES,Approximate,53.920000,-1.150000,0:00
