"CALL","BAND","CHAN","txMHz","rxMHz","CTCSS","LOC","WHERE","ANALOG","DMR","DSTAR","FUSION",
GB3AA,2M,RV53,145.662500,145.062500,94.8,IO81RO,BRISTOL,Y,,,,
GB3AB,70CM,RB15,433.375000,434.975000,82.5,IO93FK,SHEFFIELD,Y,,,,
GB3AC,70CM,RU78,430.975000,438.575000,94.8,IO81TS,BRISTOL,Y,,,,
GB3AG,2M,RV58,145.725000,145.125000,94.8,IO86ON,FORFAR,Y,,,Y,
GB3AH,70CM,RB11,433.275000,434.875000,94.8,JO02KP,EAST DEREHAM,Y,,,,
GB3AI,2M,RV59,145.737500,145.137500,103.5,IO85PK,HAWICK,Y,Y,Y,Y,
GB3AK,23CM,RM14X,1297.350000,1277.350000,94.8,IO81RO,BRISTOL,Y,,,,
GB3AL,2M,RV59,145.737500,145.137500,77.0,IO91QP,AMERSHAM,Y,,,Y,
GB3AM,6M,R50-13,50.840000,51.340000,77,IO91QP,AMERSHAM,Y,,,,
GB3AN,70CM,RB08,433.200000,434.800000,110.9,IO73UJ,AMLWCH,Y,,,Y,
GB3AR,2M,RV56,145.700000,145.100000,110.9,IO73VC,CAERNARFON,Y,,,Y,
GB3AS,2M,RV48,145.600000,145.000000,77,IO85MC,LANGHOLM,Y,,,,
GB3AU,70CM,RB07,433.175000,434.775000,82.5,IO91QP,AMERSHAM,Y,,,,
GB3AV,70CM,RB02,433.050000,434.650000,118.8,IO91OT,AYLESBURY,Y,,,,
GB3AW,70CM,RB10,433.250000,434.850000,71.9,IO91GH,NEWBURY,Y,,,,
GB3AY,2M,RV52,145.650000,145.050000,103.5,IO75OR,DALRY,Y,,,,
GB3BA,70CM,RB13,433.325000,434.925000,71.9,IO91KF,BASINGSTOKE,Y,,,,
GB3BB,2M,RV56,145.700000,145.100000,94.8,IO81GX,BRECON,Y,,,,
GB3BC,2M,RV60,145.750000,145.150000,94.8,IO81IO,PONTYPRIDD,Y,,,,
GB3BE,70CM,RU69,430.862500,438.462500,118.8,IO85SS,DUNS,Y,,,Y,
GB3BF,2M,RV63,145.787500,145.187500,77.0,IO92SC,BEDFORD,Y,,,,
GB3BI,2M,RV58,145.725000,145.125000,67,IO77RM,MUIR OF ORD,Y,,,,
GB3BK,70CM,RU72,430.900000,438.500000,103.5,JO01AK,BROMLEY,Y,,,,
GB3BL,70CM,RU70,430.875000,438.475000,77.0,IO92SD,BEDFORD,Y,,,,
GB3BM,2M,RV57,145.712500,145.112500,67.0,IO82XL,DUDLEY,Y,,,,
GB3BN,70CM,RB0,433.000000,434.600000,118.8,IO91OJ,BRACKNELL,Y,,,,
GB3BR,70CM,RU65,430.812500,438.412500,88.5,IO90VU,HOVE,Y,,,,
GB3BS,70CM,RU68,430.850000,438.450000,118.8,IO81TK,BRISTOL,Y,,,,
GB3BT,2M,RV56,145.700000,145.100000,118.8,IO85WT,BERWICK ON TWEED,Y,,,,
GB3BV,70CM,RB01,433.025000,434.625000,82.5,IO91SR,HEMEL HEMPSTEAD,Y,,,Y,
GB3BW,70CM,RU65,430.812500,438.412500,82.5,IO93HO,WAKEFIELD,Y,,,,
GB3BX,2M,RV54,145.675000,145.075000,,IO82QL,CLEOBURY NORTH,,Y,,,
GB3BY,70CM,RU78,430.975000,438.575000,82.5,IO83LT,BLACKPOOL,Y,,,,
GB3BZ,70CM,RU68,430.850000,438.450000,110.9,JO01GW,BRAINTREE,Y,Y,,,
GB3CA,70CM,RB13,433.325000,434.925000,77,IO84OT,CARLISLE,Y,,,,
GB3CB,70CM,RB14,433.350000,434.950000,67,IO92BL,BIRMINGHAM,Y,,,,
GB3CC,70CM,RU77,430.962500,438.562500,88.5,IO90PT,CHICHESTER,Y,,,,
GB3CD,2M,RV55,145.687500,145.087500,118.8,IO94DR,CROOK,Y,,,Y,
GB3CE,70CM,RB14,433.350000,434.950000,67,JO01KV,COLCHESTER,Y,,,,
GB3CF,2M,RV48,145.600000,145.000000,77.0,IO92IQ,MARKFIELD,Y,,Y,Y,
GB3CG,2M,RV58,145.725000,145.125000,118.8,IO81VU,GLOUCESTER,Y,,,,
GB3CH,70CM,RU70,430.875000,438.475000,77,IO70SM,LISKEARD,Y,,,,
GB3CI,70CM,RU66,430.825000,438.425000,77.0,IO92PM,CORBY,Y,,,,
GB3CJ,10M,,29.640000,29.540000,77.0,IO92NF,NORTHAMPTON,Y,,,,
GB3CK,70CM,RB0,433.000000,434.600000,103.5,JO01JF,CHARING KENT,Y,,,,
GB3CL,70CM,RB09,433.225000,434.825000,67,JO01OT,CLACTON,Y,,,,
GB3CM,70CM,RU69,430.862500,438.462500,94.8,IO71VW,CARMARTHEN,Y,,,Y,
GB3CN,2M,RV55,145.687500,145.087500,94.8,IO71TX,NEWCASTLE EMLYN,Y,,,,
GB3CO,2M,RV53,145.662500,145.062500,77.0,IO92PM,CORBY,Y,,,,
GB3CP,2M,RV59,145.737500,145.137500,110.9,IO64IG,FERMANAGH,Y,,,,
GB3CQ,10M,,29.620000,29.520000,88.5,IO90SU,WORTHING,Y,,,,
GB3CR,70CM,RB06,433.150000,434.750000,110.9,IO83LC,CAERGWRLE,Y,,,,
GB3CS,2M,RV60,145.750000,145.150000,103.5,IO85AU,MOTHERWELL,Y,,,,
GB3CV,70CM,RU65,430.812500,438.412500,67,IO92GK,COVENTRY,Y,,,,
GB3CW,70CM,RB04,433.100000,434.700000,103.5,IO82HL,NEWTOWN POWYS,Y,,,,
GB3CY,70CM,RU69,430.862500,438.462500,88.5,IO93KW,YORK,Y,,,,
GB3DA,2M,RV58,145.725000,145.125000,110.9,JO01GR,DANBURY,Y,,,Y,
GB3DB,6M,R50-06,50.770000,51.270000,110.9,JO01HR,DANBURY,Y,,,Y,
GB3DC,2M,RV55,145.687500,145.087500,71.9,IO92GW,DERBY,Y,,,,
GB3DD,70CM,RB10,433.250000,434.850000,94.8,IO86MM,DUNDEE,Y,,,Y,
GB3DE,70CM,RB07,433.175000,434.775000,110.9,JO02NF,IPSWICH,Y,,,,
GB3DG,2M,RV62,145.775000,145.175000,103.5,IO74UV,NEWTON STEWART,Y,,,Y,
GB3DI,70CM,RB06,433.150000,434.750000,118.8,IO91IN,DIDCOT,Y,,,,
GB3DM,70CM,RU74,430.925000,438.525000,103.5,IO75QX,DUMBARTON,Y,,,Y,
GB3DN,2M,RV51,145.637500,145.037500,77,IO70UW,STIBB CROSS,Y,,,,
GB3DP,70CM,RU69,430.862500,438.462500,88.5,IO92TR,BASTON,Y,,,,
GB3DQ,70CM,RU78,430.975000,438.575000,77,IO70RI,POLPERRO,Y,,,,
GB3DR,2M,RV59,145.737500,145.137500,,IO80SN,WEYMOUTH,Y,,,Y,
GB3DS,70CM,RB13,433.325000,434.925000,71.9,IO93KH,WORKSOP,Y,,,,
GB3DT,70CM,RB0,433.000000,434.600000,71.9,IO80WU,BLANDFORD,Y,,,Y,
GB3DU,2M,RV61,145.762500,145.162500,118.8,IO85SS,DUNS,Y,Y,Y,Y,
GB3DV,70CM,RB01,433.025000,434.625000,71.9,IO93JK,MALTBY,Y,,,,
GB3DW,2M,RV53,145.662500,145.062500,110.9,IO72WT,HARLECH,Y,,,Y,
GB3DX,70CM,RB12,433.300000,434.900000,110.9,IO65HA,DERRY/LONDONDERRY,Y,,,,
GB3DY,70CM,RB10,433.250000,434.850000,71.9,IO93FB,WIRKSWORTH,Y,Y,,,
GB3DZ,70CM,RU79,430.987500,438.587500,71.9,IO92HW,DERBY,Y,,,,
GB3EA,2M,RV55,145.687500,145.087500,110.9,JO02GE,WICKHAMBROOK,Y,,,,
GB3EB,2M,RV63,145.787500,145.187500,88.5,JO00AT,NEWHAVEN,Y,Y,Y,,
GB3ED,70CM,RB14,433.350000,434.950000,94.8,IO85JW,EDINBURGH,Y,,Y,,
GB3EE,70CM,RB12,433.300000,434.900000,71.9,IO93JD,MANSFIELD,Y,,,,
GB3EF,6M,R50-01,50.720000,51.220000,110.9,JO02NF,STOWMARKET,Y,,,,
GB3EG,70CM,RU73,430.912500,438.512500,82.5,IO83QN,WIGAN,Y,,,,
GB3EH,70CM,RU77,430.962500,438.562500,67,IO92GC,BANBURY,Y,,,,
GB3EI,2M,RV49,145.612500,145.012500,88.5,IO67IN,LOCHMADDY,Y,Y,Y,Y,
GB3EJ,23CM,RM04,1297.100000,1291.100000,77,JO02CD,CAMBRIDGE,Y,,,,
GB3EK,70CM,RU71,430.887500,438.487500,103.5,JO01QJ,MARGATE,Y,,,,
GB3EL,2M,RV48,145.600000,145.000000,82.5,JO01AM,LONDON,Y,,,,
GB3EM,2M,RV61,145.762500,145.162500,77.0,IO92LJ,COLD ASHBY,Y,,,,
GB3ER,70CM,RB03,433.075000,434.675000,110.9,JO01GR,DANBURY,Y,,,Y,
GB3ES,2M,RV54,145.675000,145.075000,103.5,JO00HV,HASTINGS,Y,,,,
GB3EU,70CM,UR67,438.437500,430.837500,77.0,IO92LJ,COLD ASHBY,Y,,,,
GB3EV,2M,RV56,145.700000,145.100000,77,IO84SQ,DUFTON,Y,,,,
GB3EW,2M,RV49,145.612500,145.012500,77,IO80FR,EXETER,Y,,,,
GB3EX,70CM,RU76,430.950000,438.550000,77,IO80GT,SILVERTON,Y,,,,
GB3EZ,70CM,RU78,430.975000,438.575000,110.9,JO02GE,WICKHAMBROOK,Y,,,,
GB3FC,70CM,RU68,430.850000,438.450000,82.5,IO83LU,BLACKPOOL,Y,,,,
GB3FE,2M,RV53,145.662500,145.062500,103.5,IO86BC,STIRLING,Y,,,,
GB3FF ,2M,RV48,145.600000,145.000000,103.5,IO86MU,UPPER LARGO,Y,,,,
GB3FG,2M,RV57,145.712500,145.112500,94.8,IO71UX,CARMARTHEN,Y,,,Y,
GB3FH,6M,R50-06,50.770000,51.270000,77,IO81OH,SOMERSET,Y,,,,
GB3FI,70CM,RU74,430.925000,438.525000,77,IO81OH,CHEDDAR,Y,,,,
GB3FJ,70CM,RU76,430.950000,438.550000,71.9,IO93XE,ASGARBY,Y,,,,
GB3FK,2M,RV60,145.750000,145.150000,103.5,JO01OC,FOLKESTONE,Y,,,Y,
GB3FM,23CM,RM2,1297.050000,1291.050000,100,IO91OF,FARNHAM,Y,,,,
GB3FN,70CM,RB15,433.375000,434.975000,82.5,IO91OF,FARNHAM,Y,,,,
GB3FR,2M,RV62,145.775000,145.175000,71.9,JO03AE,SPILSBY LINCS.,Y,,,,
GB3FU,2M,RV60,145.750000,145.150000,71.9,IO92JX,NOTTINGHAM,Y,,,,
GB3FV,70CM,RU65,430.812500,438.412500,88.5,IO86AC,STIRLING,Y,,,,
GB3FX,6M,R50-10,50.810000,51.310000,82.5,IO91OF,FARNHAM,Y,,,,
GB3GB,70CM,DMU27,439.337500,430.337500,67,IO92BM,SUTTON COLDFIELD,Y,,,,
GB3GC,6M,R50-02,50.730000,51.230000,77.0,IO70TL,LISKEARD,Y,,,,
GB3GD,2M,RV50,145.625000,145.025000,110.9,IO74SG,SNAEFELL IOM,Y,,,,
GB3GF,70CM,RB12,433.300000,434.900000,88.5,IO91RF,GUILDFORD,Y,,,,
GB3GH,70CM,RB05,433.125000,434.725000,118.8,IO81VU,GLOUCESTER,Y,,,,
GB3GJ,2M,RV51,145.637500,145.037500,71.9,IN89WE,ST HELIER,Y,Y,,,
GB3GL,70CM,RU72,430.900000,438.500000,103.5,IO75WU,GLASGOW,Y,,,Y,
GB3GN,2M,RV62,145.775000,145.175000,67,IO87TA,BANCHORY,Y,,,,
GB3GO,2M,RV63,145.787500,145.187500,110.9,IO83BH,LLANDUDNO,Y,,,Y,
GB3GR,70CM,RU68,430.850000,438.450000,71.9,IO92QV,GRANTHAM,Y,,,,
GB3GU,70CM,RB13,433.325000,434.925000,71.9,IN89RK,GUERNSEY,Y,,,,
GB3GY,70CM,RB11,433.275000,434.875000,88.5,IO93XN,CLEETHORPES,Y,,,,
GB3HA,2M,RV60,145.750000,145.150000,118.8,IO85XA,CORBRIDGE,Y,,,Y,
GB3HB,70CM,RB15,433.375000,434.975000,77,IO70OJ,ROCHE,Y,,,Y,
GB3HC,70CM,RB06,433.150000,434.750000,118.8,IO82PB,HEREFORD,Y,,,Y,
GB3HD,70CM,RB09,433.225000,434.825000,82.5,IO93BP,HUDDERSFIELD,Y,,,Y,
GB3HE,70CM,RU74,430.925000,438.525000,103.5,JO00HV,HASTINGS,Y,,,Y,
GB3HF,10M,,29.690000,29.590000,103.5,IO82KW,LLANGOLLEN,Y,,,,
GB3HG,2M,RV50,145.625000,145.025000,88.5,IO94JF,THIRSK,Y,,,Y,
GB3HH,2M,RV56,145.700000,145.100000,71.9,IO93BF,BUXTON,Y,,,,
GB3HI,2M,RV56,145.700000,145.100000,103.5,IO76DK,ISLE OF MULL,Y,,,,
GB3HJ,70CM,RB01,433.025000,434.625000,118.8,IO94EB,HARROGATE,Y,,,,
GB3HM,6M,R50-11,50.820000,51.320000,71.9,IO93GA,BELPER,Y,,,,
GB3HN,70CM,RB01,433.025000,434.625000,103.5,IO82QJ,LUDLOW,Y,,,,
GB3HO,70CM,RU71,430.887500,438.487500,88.5,IO91TB,HORSHAM,Y,,,,
GB3HR,70CM,RB14,433.350000,434.950000,82.5,IO91TO,HARROW,Y,,,,
GB3HS,2M,RV52,145.650000,145.050000,88.5,IO93RS,HULL,Y,,Y,Y,
GB3HT,70CM,RB11,433.275000,434.875000,77.0,IO92HN,HINCKLEY,Y,,,,
GB3HW,70CM,RB13,433.325000,434.925000,110.9,JO01CN,GIDEA PARK,Y,,,,
GB3HX,6M,R50-05,50.760000,51.260000,103.5,JO00HV,HASTINGS,Y,,,,
GB3HY,70CM,RU72,430.900000,438.500000,88.5,IO90WX,HAYWARDS HEATH,Y,,,,
GB3IC,70CM,RB05,433.125000,434.725000,67,IO82WO,WOLVERHAMPTON,Y,,,,
GB3IE,70CM,RU68,430.850000,438.450000,77,IO70XJ,PLYMOUTH,,,Y,,
GB3IG,2M,RV62,145.775000,145.175000,88.5,IO68QE,STORNOWAY,Y,,,,
GB3IH,70CM,RB04,433.100000,434.700000,110.9,JO02OB,IPSWICH,Y,,,,
GB3IK,2M,RV61,145.762500,145.162500,103.5,JO01FJ,ROCHESTER,Y,,,,
GB3IM-C,70CM,RU66,430.825000,438.425000,110.9,IO74SD,DOUGLAS  IOM,Y,,,,
GB3IM-P,70CM,RU70,430.875000,438.475000,110.9,IO74PF,PEEL,Y,,,,
GB3IM-R,70CM,RU66,430.825000,438.425000,71.9,IO74TI,RAMSEY  IOM,Y,,,,
GB3IM-S,70CM,RB05,433.125000,434.725000,110.9,IO74SG,DOUGLAS  IOM,Y,,,,
GB3IN,2M,RV51,145.637500,145.037500,71.9,IO93GD,ALFRETON,Y,Y,Y,Y,
GB3IP,70CM,RU78,430.975000,438.575000,82.5,IO91WF,SOUTH NUTFIELD,Y,,,,
GB3IR,2M,RV61,145.762500,145.162500,88.5,IO94DJ,RICHMOND YORKS,Y,,,,
GB3IS,70CM,RU71,430.887500,438.487500,94.8,IO67HC,ISLE OF SOUTH UIST,Y,Y,Y,Y,
GB3IW,70CM,RB09,433.225000,434.825000,71.9,IO90JO,VENTNOR,Y,,,,
GB3JB,2M,RV63,145.787500,145.187500,103.5,IO81VC,MERE WILTSHIRE,Y,Y,,,
GB3JL,2M,RV63,145.787500,145.187500,77,IO70SM,LISKEARD,Y,,,,
GB3JM,70CM,RU70,430.875000,438.475000,118.8,IO82PG,LEOMINISTER,Y,,,,
GB3JR,70CM,RU78,430.975000,438.575000,71.9,IO93HB,MANSFIELD,Y,,,,
GB3JS,70CM,RB01,433.025000,434.625000,94.8,JO02UO,GREAT YARMOUTH,Y,,,,
GB3KA,70CM,RU71,430.887500,438.487500,118.8,IO82UJ,KIDDERMINSTER,Y,,,,
GB3KC,70CM,RU72,430.900000,438.500000,67,IO82WK,STOURBRIDGE,Y,,,,
GB3KE,2M,RV55,145.687500,145.087500,103.5,IO75UV,GLASGOW,Y,,,Y,
GB3KI,2M,RV53,145.662500,145.062500,103.5,JO01NI,HERNE BAY,Y,,Y,,
GB3KK,70CM,RU78,430.975000,438.575000,110.9,IO65VE,BALLYCASTLE,Y,,,,
GB3KL,70CM,RB04,433.100000,434.700000,94.8,JO02FR,KINGS LYNN,Y,,,Y,
GB3KN,2M,RV56,145.700000,145.100000,103.5,JO01HH,MAIDSTONE,Y,,,,
GB3KR,70CM,RU65,430.812500,438.412500,118.8,IO82UI,STOURPORT ON SEVERN,Y,,,,
GB3KS,2M,RV50,145.625000,145.025000,103.5,JO01PA,DOVER,Y,,,Y,
GB3KU,70CM,RB03,433.075000,434.675000,82.5,IO83XM,ASHTON-UNDER-LYNE,Y,Y,Y,Y,
GB3KV,70CM,RU78,430.975000,438.575000,103.5,IO75XX,KILSYTH,Y,,,,
GB3KW,70CM,RU66,430.825000,438.425000,103.5,IO75UV,GLASGOW,Y,,,Y,
GB3KY,2M,RV57,145.712500,145.112500,94.8,JO02FS,KINGS LYNN,Y,,,,
GB3LA,2M,RV57,145.712500,145.112500,103.5,IO85CJ,SANQUHAR,Y,,,,
GB3LB,2M,RV63,145.787500,145.187500,118.8,IO85NS,LAUDER,Y,,,,
GB3LC,70CM,RU75,430.937500,438.537500,71.9,IO93WH,LOUTH,Y,,,,
GB3LD,2M,RV54,145.675000,145.075000,110.9,IO84OA,LANCASTER,Y,,,,
GB3LE,70CM,RB04,433.100000,434.700000,77,IO92IQ,MARKFIELD,Y,,,Y,
GB3LF,70CM,RB14,433.350000,434.950000,110.9,IO84PH,KENDAL,Y,,,,
GB3LG,6M,R50-12,50.830000,51.330000,,IO82KW,LLANGOLLEN,Y,,,,
GB3LH,70CM,RB15,433.375000,434.975000,103.5,IO82OP,SHREWSBURY,Y,,,Y,
GB3LI,70CM,RB10,433.250000,434.850000,82.5,IO83LL,LIVERPOOL,Y,,,,
GB3LL,70CM,RB0,433.000000,434.600000,94.8,IO82KW,LLANGOLLEN,Y,,,,
GB3LM,2M,RV58,145.725000,145.125000,71.9,IO93RF,LINCOLN,Y,,,Y,
GB3LN,70CM,RU74,430.925000,438.525000,118.8, IO92JO,LEICESTER,Y,,,,
GB3LP,6M,R50-04,50.750000,51.250000,77,IO83MK,LIVERPOOL,Y,,,,
GB3LR,70CM,RU69,430.862500,438.462500,88.5,JO00AS,NEWHAVEN,Y,,,,
GB3LS,70CM,RB02,433.050000,434.650000,71.9,IO93RF,LINCOLN,Y,,,,
GB3LT,70CM,RB10,433.250000,434.850000,77.0,IO91SV,LUTON,Y,,,Y,
GB3LU,2M,RV54,145.675000,145.075000,77,IP90JD,LERWICK,Y,,,,
GB3LV,70CM,RB02,433.050000,434.650000,82.5,IO91XP,NORTH LONDON,Y,,,,
GB3LY,2M,RV48,145.600000,145.000000,110.9,IO65NC,LIMAVADY,Y,,,,
GB3LZ,2M,RV53,145.662500,145.062500,77,IO80CV,LAPFORD,Y,Y,,Y,
GB3MA,6M,R50-01,50.720000,51.220000,82.5,IO83SM,ATHERTON,Y,,,,
GB3MB,70CM,RB15,433.375000,434.975000,94.8,IO81HR,MERTHYR,Y,,,Y,
GB3MC,70CM,DMU27,439.337500,430.337500,110.9,IO83KJ,LEASOWE,Y,,,Y,
GB3MD,70CM,RU77,430.962500,438.562500,103.5,IO82GN,LLANFAIR CAEREINION,Y,,,Y,
GB3ME,70CM,RB06,433.150000,434.750000,67,IO92JJ,RUGBY,Y,,,,
GB3MG,70CM,RU72,430.900000,438.500000,,IO81KP,PONTYPRIDD,,,,Y,
GB3MH,2M,RV50,145.625000,145.025000,88.5,IO91WC,EAST GRINSTEAD,Y,,,,
GB3MI,2M,RV57,145.712500,145.112500,82.5,IO83VM,MANCHESTER,Y,,Y,,
GB3MK,70CM,RB0,433.000000,434.600000,77,IO92OB,MILTON KEYNES,Y,,,Y,
GB3ML,70CM,RU73,430.912500,438.512500,103.5,IO91RK,STAINES UPON THAMES,Y,Y,Y,Y,
GB3MM,23CM,RM06,1297.150000,1291.150000,67,IO82XP,WOLVERHAMPTON,Y,,,,
GB3MN,2M,RV52,145.650000,145.050000,82.5,IO83XH,DISLEY,Y,,,Y,
GB3MR,70CM,RB14,433.350000,434.950000,82.5,IO83XH,STOCKPORT,Y,,,,
GB3MT,70CM,RU72,430.900000,438.500000,110.9,IO64QS,MAGHERAFELT,Y,,,,
GB3MW,70CM,RB10,433.250000,434.850000,67,IO92FH,LEAMINGTON SPA,Y,,,,
GB3MY,70CM,RB11,433.275000,434.875000,82.5,IO83SM,ATHERTON,Y,,,Y,
GB3NA,2M,RV49,145.612500,145.012500,71.9,IO93HN,BARNSLEY,Y,,Y,,
GB3NB,2M,RV50,145.625000,145.025000,94.8,JO02PN,NORWICH,Y,,,,
GB3NC,2M,RV58,145.725000,145.125000,77.0,IO70OJ,ROCHE,Y,,,Y,
GB3NE,2M,RV61,145.762500,145.162500,118.8,IO91HJ,NEWBURY,Y,,,,
GB3NF,2M,RV50,145.625000,145.025000,77.0,IO92KX,NOTTINGHAM,Y,,,,
GB3NG,2M,RV50,145.625000,145.025000,67,IO87XO,FRASERBURGH,Y,,,,
GB3NH,70CM,RU76,430.950000,438.550000,77.0,IO92NF,NORTHAMPTON,Y,,,,
GB3NI,2M,RV58,145.725000,145.125000,110.9,IO74CO,BELFAST  N.I.,Y,,,,
GB3NK,70CM,RB04,433.100000,434.700000,103.5,JO01BL,ERITH,Y,,,,
GB3NL,2M,RV62,145.775000,145.175000,,IO91XP,NORTH LONDON,Y,,,,
GB3NM,70CM,RB07,433.175000,434.775000,71.9,IO92KX,NOTTINGHAM,Y,,,,
GB3NN,70CM,RB02,433.050000,434.650000,94.8,JO02JV,WELLS NORFOLK,Y,,,,
GB3NO,23CM,RM0,1297.000000,1291.000000,94.8,JO02PP,NORWICH,Y,,,,
GB3NP,70CM,RU71,430.887500,438.487500,77.0,IO92LD,TOWCESTER,Y,,,Y,
GB3NR,70CM,RB0,433.000000,434.600000,94.8,JO02PP,NORWICH,Y,,,,
GB3NS,70CM,DVU54,439.675000,430.675000,82.5,IO91WG,CATERHAM,Y,,,,
GB3NT,70CM,RB0,433.000000,434.600000,118.8,IO94FW,NEWCASTLE UPON TYNE,Y,,,Y,
GB3NU,70CM,DMU26,439.325000,430.325000,71.9,IO92KX,NOTTINGHAM,Y,Y,Y,Y,
GB3NW,2M,RV50,145.625000,145.025000,67.0,IO82VE,WORCESTER,Y,,,Y,
GB3NX,70CM,RU68,430.850000,438.450000,88.5,IO91WB,CRAWLEY SUSSEX,Y,,,,
GB3NY,70CM,RU67,430.837500,438.437500,88.5,IO93RT,HULL,Y,,,Y,
GB3NZ,2M,RV48,145.600000,145.000000,94.8,JO02NN,WYMONDHAM,Y,,,,
GB3OA,2M,RV49,145.612500,145.012500,82.5,IO83LP,SOUTHPORT,Y,Y,Y,Y,
GB3OC,2M,RV52,145.650000,145.050000,77,IO88LX,KIRKWALL,Y,,,,
GB3OH,70CM,RU76,430.950000,438.550000,94.8,IO85EX,LINLITHGOW,Y,Y,Y,Y,
GB3OM,70CM,RU76,430.950000,438.550000,110.9,IO64JQ,OMAGH,Y,Y,,,
GB3OR,70CM,RU67,430.837500,438.437500,103.5,IO83BH,LLANDUDNO,Y,,,Y,
GB3OV,70CM,RB05,433.125000,434.725000,94.8,IO92VG,ST NEOTS,Y,,,,
GB3OY,70CM,RU76,430.950000,438.550000,82.5,JO01AO,BUCKHURST HILL,Y,,,,
GB3PA,2M,RV50,145.625000,145.025000,103.5,IO75QV,PAISLEY,Y,,,,
GB3PB,2M,RV50,145.625000,145.025000,71.9,IO90AT,WIMBORNE,Y,,,,
GB3PD,70CM,RU68,430.850000,438.450000,,IO80SN,WEYMOUTH,Y,,,Y,
GB3PE,2M,RV54,145.675000,145.075000,94.8,IO92TL,PETERBOROUGH,Y,,,,
GB3PF,70CM,RB12,433.300000,434.900000,82.5,IO83TR,ACCRINGTON,Y,,,,
GB3PH,2M,RV48,145.600000,145.000000,88.5,IO72SX,PWLLHELI,Y,,,,
GB3PI,2M,RV60,145.750000,145.150000,77,IO92XA,ROYSTON,Y,,,,
GB3PK,2M,RV53,145.662500,145.062500,110.9,IO65VE,BALLYCASTLE,Y,,,,
GB3PL,2M,RV61,145.762500,145.162500,77.0,IO80BH,BIGBURY,Y,,,,
GB3PM,70CM,RU72,430.900000,438.500000,71.9,IO93FK,SHEFFIELD,Y,,,,
GB3PN,70CM,RU76,430.950000,438.550000,82.5,IO83PS,PRESTON,Y,,,,
GB3PO,2M,RV52,145.650000,145.050000,110.9,JO02OB,IPSWICH,Y,,,,
GB3PP,70CM,RB15,433.375000,434.975000,82.5,IO83QR,PRESTON,Y,Y,,Y,
GB3PR,2M,RV54,145.675000,145.075000,94.8,IO86GI,PERTH,Y,,,Y,
GB3PS,23CM,RM03,1297.075000,1291.075000,77,IO92XA,ROYSTON,Y,,,,
GB3PT,70CM,RU69,430.862500,438.462500,94.8,IO83NL,PRESCOT,Y,,,,
GB3PU,70CM,RB0,433.000000,434.600000,94.8,IO86GI,PERTH,Y,,,Y,
GB3PW,2M,RV62,145.775000,145.175000,103.5,IO82HL,NEWTOWN POWYS,Y,,,,
GB3PX,6M,R50-07,50.780000,51.280000,77,IO92XA,ROYSTON,Y,,,,
GB3PY,70CM,RU72,430.900000,438.500000,77.0,JO02AF,CAMBRIDGE,Y,,,,
GB3PZ,70CM,RU72,430.900000,438.500000,82.5,IO83XL,DUKINFIELD,Y,,,,
GB3RB,70CM,RB08,433.200000,434.800000,71.9,IO93IF,BOLSOVER,Y,,,,
GB3RC,70CM,RU69,430.862500,438.462500,103.5,IO81XW,CHELTENHAM,Y,,,,
GB3RD,2M,RV54,145.675000,145.075000,118.8,IO91JM,READING,Y,,,,
GB3RE,70CM,RB11,433.275000,434.875000,103.5,JO01HH,MAIDSTONE,Y,,,,
GB3RF,2M,RV62,145.775000,145.175000,82.5,IO83TR,ACCRINGTON,Y,Y,Y,Y,
GB3RH,70CM,RB11,433.275000,434.875000,94.8,IO80MS,AXMINSTER,Y,,,,
GB3RO,70CM,RU66,430.825000,438.425000,82.5,IO83UQ,HASLINGDEN,Y,,,,
GB3RR,70CM,RU68,430.850000,438.450000,67.0,IO82XL,DUDLEY,Y,,,,
GB3RU,70CM,RB11,433.275000,434.875000,118.8,IO91LK,READING,Y,,,,
GB3RW,2M,RV48,145.600000,145.000000,88.5,IO90SU,WORTHING,Y,,,,
GB3SA,70CM,RU77,430.962500,438.562500,82.5,IO92RP,STAMFORD,Y,,,,
GB3SC,70CM,RU69,430.862500,438.462500,67.0,IO92ES,BURTON-UPON-TRENT,Y,,,,
GB3SD,70CM,RB14,433.350000,434.950000,71.9,IO80SQ,WEYMOUTH,Y,,,,
GB3SE,23CM,RM03,1297.075000,1291.075000,103.5,IO83WA,STOKE ON TRENT,Y,,,,
GB3SF,2M,RV50,145.625000,145.025000,,IO86HK,PERTH,,,,Y,
GB3SG,70CM,RU73,430.912500,438.512500,118.8,IO81VR,STROUD,Y,,,,
GB3SH,2M,RV53,145.662500,145.062500,71.9,IO90IV,SOUTHAMPTON,Y,,,,
GB3SI,2M,RV50,145.625000,145.025000,,IO70JB,HELSTON,Y,,,,
GB3SJ,2M,RV55,145.687500,145.087500,103.5,IO83RF,NORTHWICH,Y,,,,
GB3SK,70CM,RB06,433.150000,434.750000,103.5,JO01MH,CANTERBURY,Y,,,,
GB3SL,6M,R50-02,50.730000,51.230000,103.5,IO75XX,KILSYTH,Y,,,,
GB3SM,70CM,RB13,433.325000,434.925000,103.5,IO93BA,STOKE ON TRENT,Y,,,,
GB3SN,2M,RV58,145.725000,145.125000,71.9,IO91LC,ALTON HANTS,Y,,,,
GB3SO,70CM,RB0,433.000000,434.600000,71.9,JO03AR,WITHERNSEA,Y,Y,Y,Y,
GB3SP,70CM,RB04,433.100000,434.700000,94.8,IO71NQ,PEMBROKE,Y,,,Y,
GB3SR,70CM,RU73,430.912500,438.512500,71.9,JO03CB,SKEGNESS,Y,,,,
GB3SS,2M,RV48,145.600000,145.000000,67,IO87MO,ELGIN MORAY,Y,,,Y,
GB3ST,70CM,RB09,433.225000,434.825000,103.5,IO83WA,STOKE ON TRENT,Y,,,,
GB3SU,70CM,RB08,433.200000,434.800000,71.9,IO90IV,SOUTHAMPTON,Y,,,,
GB3SV,2M,RV49,145.612500,145.012500,94.8,IO82WS,STAFFORD,Y,,,,
GB3SW,2M,RV57,145.712500,145.112500,77,IO80JQ,SIDMOUTH,Y,,,,
GB3SX,6M,R50-08,50.790000,51.290000,103.5,IO93BA,STOKE ON TRENT,Y,,,,
GB3SY,70CM,RB06,433.150000,434.750000,71.9,IO93EN,BARNSLEY,Y,,,,
GB3TA,2M,RV59,145.737500,145.137500,67,IO92DP,TAMWORTH,Y,,,,
GB3TD,70CM,UR63,438.387500,430.787500,118.8,IO91DL,SWINDON,Y,,,,
GB3TE,2M,RV49,145.612500,145.012500,67,JO01OU,FRINTON ON SEA,Y,,,,
GB3TF,70CM,RB08,433.200000,434.800000,103.5,IO82RP,TELFORD,Y,,,Y,
GB3TH,70CM,RB15,433.375000,434.975000,67,IO92DP,TAMWORTH,Y,,,Y,
GB3TJ,70CM,RB12,433.300000,434.900000,118.8,IO85XA,CORBRIDGE,Y,,,Y,
GB3TP,2M,RV58,145.725000,145.125000,82.5,IO93CT,SHIPLEY,Y,,,,
GB3TR,2M,RV52,145.650000,145.050000,94.8,IO80FM,TORQUAY,Y,,,,
GB3TS,70CM,RB07,433.175000,434.775000,118.8,IO94GX,SUNDERLAND,Y,,,Y,
GB3TU,70CM,RB09,433.225000,434.825000,77,IO91PS,TRING HERTS,Y,,,,
GB3TW,2M,RV58,145.725000,145.125000,118.8,IO94EW,GATESHEAD,Y,,,Y,
GB3TX,10M,,29.650000,29.550000,94.8,JO02QP,NORWICH,Y,,,,
GB3UB,70CM,RB04,433.100000,434.700000,118.8,IO81UJ,BATH AVON,Y,,,,
GB3UK,2M,RV49,145.612500,145.012500,118.8,IO94FV,WASHINGTON,Y,Y,Y,Y,
GB3UL,70CM,RB02,433.050000,434.650000,110.9,IO74CO,BELFAST  N.I.,Y,,,,
GB3UM,6M,R50-03,50.740000,51.240000,77,IO92IQ,MARKFIELD,Y,,,,
GB3UO,70CM,RU76,430.950000,438.550000,110.9,IO83LA,WREXHAM,Y,,,Y,
GB3UP,70CM,RU73,430.912500,438.512500,94.8,IO71MX,FISHGUARD,Y,,,,
GB3US,70CM,RB0,433.000000,434.600000,103.5,IO93GI,SHEFFIELD,Y,,,,
GB3VA,2M,RV56,145.700000,145.100000,118.8,IO91LT,BRILL,Y,,,,
GB3VE,70CM,RB04,433.100000,434.700000,77.0,IO84SQ,DUFTON,,,Y,,
GB3VH,70CM,RB13,433.325000,434.925000,82.5,IO91VT,WELWYN GARDEN CITY,Y,,,,
GB3VI,6M,R50-15,50.860000,51.360000,67.0,IO82XL,DUDLEY,Y,,,,
GB3VM,2M,RV49,145.612500,145.012500,103.5,IO82QJ,TENBURY WELLS,Y,,,Y,
GB3VN,70CM,RU74,430.925000,438.525000,103.5,IO82QI,LUDLOW,Y,,,Y,
GB3VO,2M,RV51,145.637500,145.037500,110.9,IO83LA,WREXHAM,Y,,,Y,
GB3VS,70CM,RB03,433.075000,434.675000,94.8,IO80LX,TAUNTON,Y,,,,
GB3VT,2M,RV58,145.725000,145.125000,103.5,IO83WA,STOKE ON TRENT,,,Y,,
GB3VW,70CM,RU65,430.812500,438.412500,82.5,JO02NN,WYMONDHAM,Y,,,,
GB3WA,70CM,RU70,430.875000,438.475000,103.5,IO75OR,DALRY,Y,,,,
GB3WB,70CM,RB12,433.300000,434.900000,94.8,IO81MH,WESTON-SUPER-MARE,Y,,,,
GB3WC,23CM,RM15,1297.375000,1291.375000,82.5,IO93EP,WAKEFIELD,Y,,,,
GB3WD,2M,RV56,145.700000,145.100000,77,IO80AK,IVYBRIDGE,Y,,,,
GB3WE,2M,RV55,145.687500,145.087500,94.8,IO81MH,WESTON-SUPER-MARE,Y,,Y,,
GB3WF,70CM,RB14,433.350000,434.950000,82.5,IO93DV,OTLEY,Y,,,Y,
GB3WG,70CM,RU70,430.875000,438.475000,94.8,IO81CP,PORT TALBOT,Y,,,Y,
GB3WH,2M,RV52,145.650000,145.050000,118.8,IO91EM,SWINDON,Y,,,,
GB3WI,70CM,RB15,433.375000,434.975000,94.8,JO02BP,WISBECH,Y,,,Y,
GB3WK,2M,RV62,145.775000,145.175000,67,IO92FH,LEAMINGTON SPA,Y,,,,
GB3WL,70CM,RU76,430.950000,438.550000,67.0,IO92BJ,WYTHALL,Y,,Y,Y,
GB3WM,70CM,RB02,433.050000,434.650000,67,IO92AJ,LONGBRIDGE,Y,,,Y,
GB3WN,70CM,UR63,438.387500,430.787500,67.0,IO82XP,WOLVERHAMPTON,Y,,,,
GB3WO,70CM,RU78,430.975000,438.575000,88.5,IO90TT,WORTHING,Y,,,,
GB3WQ,70CM,RU71,430.887500,438.487500,77.0,IO84FN,WHITEHAVEN,Y,,,,
GB3WR,2M,RV48,145.600000,145.000000,94.8,IO81PH,CHEDDAR,Y,,,,
GB3WS,2M,RV60,145.750000,145.150000,88.5,IO91WB,CRAWLEY SUSSEX,Y,,,,
GB3WT,2M,RV62,145.775000,145.175000,110.9,IO64JQ,OMAGH,Y,,,,
GB3WU,70CM,RU66,430.825000,438.425000,118.8,IO82VE,WORCESTER,Y,,,,
GB3WW,2M,RV62,145.775000,145.175000,94.8,IO81CP,PORT TALBOT,Y,,,Y,
GB3WX,6M,R50-12,50.830000,51.330000,94.8,JO02NN,WYMONDHAM,Y,,,,
GB3WY,6M,R50-09,50.800000,51.300000,82.5,IO93EP,WAKEFIELD,Y,,,,
GB3XD,6M,R50-02,50.730000,51.230000,71.9,IO93WH,LOUTH,Y,,,,
GB3XL,70CM,RU71,430.887500,438.487500,82.5,IO93CT,SHIPLEY,Y,Y,,,
GB3XN,70CM,RU74,430.925000,438.525000,71.9,IO93KJ,WORKSOP,Y,,,,
GB3XP,2M,RV55,145.687500,145.087500,82.5,IO91VJ,MORDEN,Y,,,Y,
GB3XS,6M,R50-14,50.850000,51.350000,77.0,IO92MG,NORTHAMPTON,Y,,,,
GB3XV,70CM,DVU-R20,430.250000,439.250000,,IO92KG,DAVENTRY,,,,Y,
GB3XX,70CM,RU73,430.912500,438.512500,77.0,IO92KG,DAVENTRY,Y,,,Y,
GB3XZ,23CM,RM1,1297.025000,1291.025000,77.0,IO92KG,DAVENTRY,Y,,Y,,
GB3YA,2M,RV57,145.712500,145.112500,94.8,IO81LP,CWMBRAN,Y,,,,
GB3YC,2M,RV60,145.750000,145.150000,88.5,IO94SE,FILEY,Y,,,,
GB3YL,70CM,RB14,433.350000,434.950000,94.8,JO02UL,LOWESTOFT,Y,,,,
GB3YW,2M,RV63,145.787500,145.187500,82.5,IO93EP,WAKEFIELD,Y,,,,
GB3ZA,2M,RV59,145.737500,145.137500,118.8,IO82PB,HEREFORD,Y,,,Y,
GB3ZB,70CM,RU66,430.825000,438.425000,77,IO81QJ,BRISTOL,Y,,,,
GB3ZI,70CM,RU78,430.975000,438.575000,103.5,IO82WT,STAFFORD,Y,,,Y,
GB3ZN,2M,RV51,145.637500,145.037500,118.8,IO94GX,SOUTH SHIELDS ,Y,,,,
GB3ZW,6M,R50-10,50.810000,51.310000,103.5,IO82HL,NEWTOWN POWYS,Y,,,,
GB3ZX,70CM,RU66,430.825000,438.425000,88.5,JO00CT,EASTBOURNE,Y,,,,
GB3ZY,6M,R50-09,50.800000,51.300000,77,IO81QJ,BRISTOL,Y,,,,
GB7AA,70CM,DVU54,439.675000,430.675000,,IO81RO,BRISTOL,,Y,,,
GB7AB,70CM,DVU53,439.662500,430.662500,,IO87VD,ABERDEEN,,,,Y,
GB7AC,70CM,RU76,430.950000,438.550000,103.5,IO87NU,LARGS,Y,Y,,,
GB7AD,70CM,DVU61,439.762500,430.762500,,IO81RO,BRISTOL,,,Y,,
GB7AE,70CM,DVU34,439.425000,430.425000,,IO91CJ,MARLBOROUGH,,,Y,,
GB7AG,70CM,RU72,430.900000,438.500000,94.8,IO86NR,FORFAR,Y,Y,Y,Y,
GB7AL,70CM,DVU32,439.400000,430.400000,,JO02RD,IPSWICH,,Y,,,
GB7AM,2M,RV53,145.662500,145.062500,,IO83WI,HIGHER POYNTON,,,Y,Y,
GB7AN,70CM,DVU37,439.462500,430.462500,,IO83TS,ACCRINGTON ,,,,Y,
GB7AR,70CM,DVU42,439.525000,430.525000,,JO01DI,NEW ASH GREEN,,Y,Y,Y,
GB7AS,70CM,DVU34,439.425000,430.425000,,JO01KD,ASHFORD,,Y,,,
GB7AU,70CM,DVU56,439.700000,430.700000,,IO91GP,AMERSHAM,,,Y,Y,
GB7AV,70CM,DVU35,439.437500,430.437500,,IO91OT,AYLESBURY,,Y,,,
GB7AY,70CM,DVU36,439.450000,430.450000,,IO75TQ,KILMARNOCK,,Y,Y,Y,
GB7BA,70CM,DVU61,439.762500,430.762500,,IO93CS,BRADFORD,,Y,,,
GB7BB,70CM,DVU57,439.712500,430.712500,,IO87QP,BANFF,,Y,Y,Y,
GB7BC,70CM,DVU52,439.650000,430.650000,,IO90WT,BRIGHTON,,Y,Y,Y,
GB7BD,70CM,RU76,430.950000,438.550000,,IO81QJ,BRISTOL,,Y,,,
GB7BE,70CM,DVU53,439.662500,430.662500,,JO02TK,BECCLES,,,Y,,
GB7BF,70CM,DVU-R24,430.300000,439.300000,,IO83LU,BLACKPOOL,,Y,Y,Y,
GB7BH,70CM,DVU46,439.575000,430.575000,,IO90WU,BRIGHTON,,Y,Y,Y,
GB7BI,70CM,DVU53,439.662500,430.662500,,IO77RM,MUIR OF ORD,,Y,,,
GB7BJ,70CM,DVU59,439.737500,430.737500,,IO82TC,MALVERN,,Y,,,
GB7BK,70CM,DVU59,439.737500,430.737500,,IO91JM,READING,,Y,,,
GB7BL,70CM,DVU54,439.675000,430.675000,,IO84VV,ALLENDALE,,Y,,Y,
GB7BM,70CM,DVU32,439.400000,430.400000,,IO92BL,BIRMINGHAM,,Y,Y,,
GB7BN,70CM,DVU47,439.587500,430.587500,,IO90PT,BOGNOR REGIS,,Y,Y,,
GB7BP,70CM,DVU36,439.450000,430.450000,,IO91PX,MILTON KEYNES,,,Y,,
GB7BR,70CM,RU74,430.925000,438.525000,,IO74TI,RAMSEY IOM,,Y,,,
GB7BS,70CM,DVU13,439.162500,430.162500,,IO81TK,BRISTOL,,Y,,,
GB7BX,70CM,DVU35,439.437500,430.437500,,IO82QL,CLEOBURY NORTH,,Y,,,
GB7BZ,70CM,DVU33,439.412500,430.412500,,IO92QF,BOZEAT,,,Y,,
GB7CA,70CM,RU74,430.925000,438.525000,,IO74SD,DOUGLAS,,Y,,,
GB7CB,70CM,DVU57,439.712500,430.712500,,IO85DU,BATHGATE,,Y,,,
GB7CC,70CM,DVU-R22,430.275000,439.275000,,IO81XW,CHELTENHAM,,Y,,,
GB7CD,70CM,DVU56,439.700000,430.700000,,IO81JL,CARDIFF,,,Y,,
GB7CE,70CM,DVU49,439.612500,430.612500,,JO01NT,GREAT CLACTON,,,,Y,
GB7CF,70CM,DVU50,439.625000,430.625000,,IO90LW,CLANFIELD,,Y,,,
GB7CG,2M,RV57,145.712500,145.112500,77.0,IO92QA,WOBURN SANDS,Y,,,Y,
GB7CK,70CM,DVU59,439.737500,430.737500,,JO01OC,FOLKESTONE,,Y,,,
GB7CL,70CM,DVU51,439.637500,430.637500,,JO01OU,FRINTON ON SEA,,Y,,,
GB7CM,2M,RV56,145.700000,145.100000,71.9,IO80WU,BLANDFORD,Y,,,Y,
GB7CO,70CM,DVU39,439.487500,430.487500,,IO90JU,FAREHAM,,Y,Y,Y,
GB7CP,70CM,RU66,430.825000,438.425000,77.0,IO91RO,SLOUGH,,,,Y,
GB7CQ,70CM,DVU49,439.612500,430.612500,,IO90SU,WORTHING,,Y,Y,Y,
GB7CS,70CM,DVU62,439.775000,430.775000,,IO75VU,GLASGOW,,,,Y,
GB7CT,2M,RV51,145.637500,145.037500,,IO91PS,TRING,,Y,,,
GB7CV,70CM,DVU-R23,430.287500,439.287500,,IO92GK,COVENTRY,,Y,,,
GB7CX,70CM,RU69,430.862500,438.462500,,IO65OD,COLERAINE,,Y,Y,Y,
GB7CY,70CM,DVU50,439.625000,430.625000,,IO94DR,CROOK,,,,Y,
GB7CZ,70CM,DVU40,439.500000,430.500000,,IO94DR,CROOK,,Y,,,
GB7DA,2M,RV62,145.775000,145.175000,,IO85AV,AIRDRIE,,Y,Y,Y,
GB7DB,70CM,DVU53,439.662500,430.662500,,IO92QA,WOBURN SANDS,,Y,,,
GB7DC,70CM,RU70,430.875000,438.475000,71.9,IO92GW,DERBY,Y,Y,Y,Y,
GB7DD,70CM,DVU53,439.662500,430.662500,,IO86NL,DUNDEE,,Y,,,
GB7DE,2M,RV51,145.637500,145.037500,,IO85JW,EDINBURGH,,Y,,,
GB7DH,70CM,DVU47,439.587500,430.587500,,IO83RF,NORTHWICH,,,Y,Y,
GB7DJ,70CM,DVU53,439.662500,430.662500,,IO83RF,NORTHWICH,,Y,,,
GB7DK,2M,RV55,145.687500,145.087500,103.5,IO74LV,STRANRAER,Y,,,Y,
GB7DK-B,70CM,DVU52,439.650000,430.650000,,IO74LV,STRANRAER,,,Y,,
GB7DL,70CM,DVU54,439.675000,430.675000,,JO03DD,SKEGNESS,,,Y,,
GB7DM,70CM,DVU60,439.750000,430.750000,103.5,IO86NL,MONIFIETH,Y,Y,Y,Y,
GB7DN,70CM,DVU33,439.412500,430.412500,,IO64MW,DUNGIVEN,,,Y,,
GB7DO,70CM,DVU56,439.700000,430.700000,,IO93LO,DONCASTER,,Y,,,
GB7DP,70CM,DVU47,439.587500,430.587500,,IO71MV,TREFFGARNE,,Y,,,
GB7DR,70CM,DVU34,439.425000,430.425000,,IO90AR,POOLE,,Y,,,
GB7DS,70CM,DVU34,439.425000,430.425000,,JO02PP,NORWICH,,Y,Y,Y,
GB7DV,70CM,DVU49,439.612500,430.612500,,IO83QJ,ST. HELENS,,,Y,,
GB7DX,70CM,DVU56,439.700000,430.700000,,JO00LW,NEW ROMNEY,,Y,,,
GB7DY,70CM,DVU46,439.575000,430.575000,,IO82WL,DUDLEY,,Y,,,
GB7DZ,70CM,RB02,433.050000,434.650000,103.5,IO83VC,CONGLETON,Y,,,Y,
GB7EA,70CM,DMU30,439.375000,430.375000,,IO75SV,ERSKINE,Y,,,Y,
GB7EB,70CM,DVU46,439.575000,430.575000,,JO02TK,BECCLES,,Y,,,
GB7EC,70CM,RU74,430.925000,438.525000,,IO87WD,ABERDEEN ,,Y,,,
GB7ED,70CM,DVU54,439.675000,430.675000,,IO80GR,EXETER,,Y,,,
GB7EE,70CM,RU74,430.925000,438.525000,,IO85JW,EDINBURGH,,Y,,,
GB7EG,70CM,DVU61,439.762500,430.762500,,IO91XC,EAST GRINSTEAD,,Y,,,
GB7EH,70CM,RU75,430.937500,438.537500,,IO92GC,BANBURY,,Y,,,
GB7EI,70CM,RU68,430.850000,438.450000,88.5,IO67IN,LOCHMADDY,Y,Y,Y,Y,
GB7EL,70CM,DVU57,439.712500,430.712500,,IO83VT,NELSON,,Y,,,
GB7EP,70CM,DVU32,439.400000,430.400000,,IO91UI,EPSOM,,Y,,,
GB7ER,2M,RV62,145.775000,145.175000,77,IO80GR,EXETER,Y,,,Y,
GB7ES,70CM,DVU35,439.437500,430.437500,,JO00DT,EASTBOURNE,,,Y,,
GB7ET,70CM,U321A,434.018750,434.018750,,IO91VF,REIGATE,,,,,
GB7EU,70CM,RU67,430.837500,438.437500,94.8,IO85JW,EDINBURGH,Y,,,,
GB7EW,70CM,DVU42,439.525000,430.525000,,IO80FR,EXETER,,Y,,,
GB7EX,70CM,DVU57,439.712500,430.712500,,JO01GN,SOUTHEND ON SEA,,Y,,,
GB7EY,70CM,DVU41,439.512500,430.512500,,IO85NM,SELKIRK,,Y,Y,Y,
GB7EZ,70CM,DVU62,439.775000,430.775000,,IO92CM,ERDINGTON,,Y,,,
GB7FD,70CM,DVU58,439.725000,430.725000,,IO83LV,FLEETWOOD,,,,Y,
GB7FE,70CM,DVU38,439.475000,430.475000,,IO86BC,STIRLING,,Y,Y,Y,
GB7FG,70CM,RU76,430.950000,438.550000,94.8,IO71WW,CARMARTHEN,Y,,,Y,
GB7FI,70CM,RU71,430.887500,438.487500,,IO81OH,AXBRIDGE,,Y,,,
GB7FK-B,70CM,DVU54,439.675000,430.675000,,JO01OC,FOLKESTONE,,,Y,,
GB7FO,70CM,DVU-R22,430.275000,439.275000,,IO83LT,BLACKPOOL,,Y,,,
GB7FR,70CM,DVU40,439.500000,430.500000,,IO90ST,WORTHING,,Y,,,
GB7FT,70CM,DVU57,439.712500,430.712500,,IO90LT,PORTSMOUTH,,Y,,,
GB7FU,70CM,RU71,430.887500,438.487500,,IO93JA,NOTTINGHAM,Y,,,Y,
GB7GB,70CM,DVU61,439.762500,430.762500,,IO92BM,SUTTON COLDFIELD,,Y,,,
GB7GC,70CM,DVU35,439.437500,430.437500,,IO93WN,GRIMSBY,,Y,Y,,
GB7GD,2M,RV55,145.687500,145.087500,,IO87WE,ABERDEEN,,Y,Y,Y,
GB7GF,70CM,DVU55,439.687500,430.687500,,IO91RF,GUILDFORD,,Y,,,
GB7GG,70CM,DVU50,439.625000,430.625000,,IO85AV,AIRDRIE,,Y,Y,Y,
GB7GJ,70CM,RU72,430.900000,438.500000,88.5,IN89WE,ST HELIER,Y,Y,,,
GB7GL,70CM,RU68,430.850000,438.450000,,IO75VV,GLASGOW,,Y,,,
GB7GP,70CM,DVU52,439.650000,430.650000,,IO91PP,HIGH WYCOMBE,,Y,,Y,
GB7GR,70CM,DVU36,439.450000,430.450000,,IO92QW,GRANTHAM,,Y,Y,Y,
GB7GS,70CM,DVU36,439.450000,430.450000,,JO02EO,DOWNHAM MARKET,,Y,,Y,
GB7GT,70CM,DVU33,439.412500,430.412500,,IO82QJ,CLEE HILL,,Y,,,
GB7GW,70CM,RU65,430.812500,438.412500,103.5,IO94FV,WASHINGTON,Y,Y,Y,Y,
GB7GY,70CM,DVU55,439.687500,430.687500,,IN89RL,ST. PETER PORT,,Y,,,
GB7HA,70CM,DVU34,439.425000,430.425000,,IO91TU,HARPENDEN,,,,Y,
GB7HB,70CM,DVU50,439.625000,430.625000,,IO64TI,TANDRAGEE,,Y,,,
GB7HC,70CM,DVU42,439.525000,430.525000,,IO82PA,HEREFORD,,Y,,,
GB7HE,70CM,DVU43,439.537500,430.537500,,JO00HV,HASTINGS,,,Y,,
GB7HH,70CM,DVU60,439.750000,430.750000,,JO01CN,ROMFORD,,Y,Y,Y,
GB7HI,70CM,DVU59,439.737500,430.737500,,IO64XN,LISBURN,,Y,Y,Y,
GB7HM,70CM,DVU51,439.637500,430.637500,,IO83LC,CAERGWRLE,,Y,,,
GB7HN,70CM,RU70,430.875000,438.475000,82.5,IO83RL,LEIGH,Y,,,,
GB7HR,70CM,DVU36,439.450000,430.450000,,IO91SL,HEATHROW,,Y,,,
GB7HS,70CM,DVU34,439.425000,430.425000,,IO83XR,HEPTONSTALL,,Y,,,
GB7HT,70CM,DVU59,439.737500,430.737500,,IO95FE,ASHINGTON,,Y,,,
GB7HU,70CM,DVU39,439.487500,430.487500,,IO93RS,SOUTH CAVE,,,Y,,
GB7HX,70CM,DVU46,439.575000,430.575000,,IO93BP,HUDDERSFIELD,,Y,Y,,
GB7IC-A,23CM,23CM,1290.650000,1270.650000,,JO01NI,HERNE BAY,,,Y,,
GB7IC-B,70CM,DVU36,439.450000,430.450000,,JO01NI,HERNE BAY,,,Y,,
GB7IC-C,2M,RV53,145.662500,145.062500,,JO01NI,HERNE BAY,Y,,Y,,
GB7IE,2M,RV54,145.675000,145.075000,77,IO70WJ,PLYMOUTH,Y,,,Y,
GB7II,70CM,DVU36,439.450000,430.450000,,IO77UL,INVERNESS,,Y,,,
GB7IK,70CM,DVU43,439.537500,430.537500,,JO01FJ,ROCHESTER,,Y,,,
GB7IL,2M,RV53,145.662500,145.062500,,IO77UL,INVERNESS,,Y,,,
GB7IN,70CM,DVU52,439.650000,430.650000,,IO93GD,ALFRETON,,Y,,,
GB7IP,2M,RV52,145.650000,145.050000,,IO92KP,LEICESTER,,Y,,,
GB7IS,70CM,DVU43,439.537500,430.537500,,IO81MH,WESTON-SUPER-MARE,,,,Y,
GB7IT,70CM,DVU41,439.512500,430.512500,,IO81MH,WESTON-SUPER-MARE,,Y,,,
GB7IV,2M,RV62,145.775000,145.175000,,IO90IV,SOUTHAMPTON,,,Y,,
GB7JB,70CM,DVU37,439.462500,430.462500,,IO81TB,WINCANTON,,Y,,,
GB7JD,70CM,DVU33,439.412500,430.412500,,IO85RL,JEDBURGH,,Y,Y,,
GB7JF,70CM,DVU51,439.637500,430.637500,,IO92NE,NORTHAMPTON,,,Y,,
GB7JI,70CM,RU68,430.850000,438.450000,,IN89WE,ST HELIER,,,Y,,
GB7JL,70CM,RU77,430.962500,438.562500,82.5,IO83QL,WIGAN,Y,Y,,,
GB7JM,70CM,DVU47,439.587500,430.587500,,JO03BI,ALFORD,,Y,Y,Y,
GB7KB,2M,RV52,145.650000,145.050000,,JO00CX,HEATHFIELD,,Y,,,
GB7KD,70CM,DVU55,439.687500,430.687500,,JO00DV,HAILSHAM,,Y,,,
GB7KK,70CM,RU74,430.925000,438.525000,,IO65VE,BALLYCASTLE,,Y,Y,Y,
GB7KL,70CM,RU70,430.875000,438.475000,110.9,IO84RD,KIRKBY LONSDALE,Y,,,Y,
GB7KN,70CM,DVU35,439.437500,430.437500,,IO85HV,EDINBURGH,,Y,Y,Y,
GB7KP,70CM,DVU46,439.575000,430.575000,,IO74DM,COMBER,,Y,Y,Y,
GB7KR,70CM,DVU-R24,430.300000,439.300000,,IO82UJ,KIDDERMINSTER,,Y,,,
GB7KS,70CM,DVU-R20,430.250000,439.250000,,IO81VR,STROUD,,Y,,,
GB7KT,70CM,DVU40,439.500000,430.500000,,IO91GE,ANDOVER,,Y,,,
GB7KU,70CM,DVU42,439.525000,430.525000,,IO92TT,BOURNE,,Y,Y,Y,
GB7KY,70CM,DVU52,439.650000,430.650000,103.5,IO86JC,KIRKCALDY,Y,Y,Y,Y,
GB7LD,70CM,DVU35,439.437500,430.437500,,IO83PQ,LEYLAND,,Y,,,
GB7LE,70CM,DVU53,439.662500,430.662500,,IO93FU,LEEDS,,Y,,,
GB7LF,70CM,DVU43,439.537500,430.537500,,IO84OA,LANCASTER,,,Y,,
GB7LK,70CM,RU65,430.812500,438.412500,,IO70SM,LISKEARD,,Y,,,
GB7LL,70CM,DVU40,439.496875,430.496875,,IO82KW,LLANGOLLEN,,Y,,,
GB7LN,70CM,DVU32,439.400000,430.400000,,IO93RF,LINCOLN,,Y,,,
GB7LP,70CM,DVU32,439.400000,430.400000,,IO83MK,LIVERPOOL,,Y,,,
GB7LR,70CM,DVU38,439.475000,430.475000,,IO92IQ,LEICESTER,,Y,,,
GB7LS,70CM,DVU32,439.400000,430.400000,,IO85NO,GALASHIELS ,,Y,Y,Y,
GB7LV,2M,RV49,145.612500,145.012500,,IO85FV,LIVINGSTON,Y,Y,Y,Y,
GB7LZ,70CM,RU73,430.912500,438.512500,77.0,IO80CV,LAPFORD,Y,Y,,,
GB7MB,70CM,DVU56,439.700000,430.700000,,IO84NB,MORECAMBE,,,,Y,
GB7MC,70CM,DVU43,439.537500,430.537500,,IO70NI,ST AUSTELL,,,Y,Y,
GB7MD,70CM,DVU32,439.400000,430.400000,,IO80UT,BLANDFORD FORUM,,,,Y,
GB7ME,70CM,DVU58,439.725000,430.725000,,IO92JJ,RUGBY,,Y,,,
GB7MF,70CM,DVU54,439.675000,430.675000,,IO64QR,MAGHERAFELT,,Y,Y,Y,
GB7MH,70CM,DVU51,439.637500,430.637500,,IO91WC,EAST GRINSTEAD,,Y,Y,Y,
GB7MJ,70CM,DVU51,439.637500,430.637500,,IO91GA,ROMSEY,,Y,,,
GB7MK,70CM,DVU48,439.600000,430.600000,,JO02OB,IPSWICH,,Y,,,
GB7MM,70CM,DVU60,439.750000,430.750000,,IO87BN,NAIRN,,Y,Y,Y,
GB7MN,70CM,DVU33,439.412500,430.412500,,IO83XH,STOCKPORT,,Y,,,
GB7MP,70CM,DVU60,439.750000,430.750000,,IO84NB,HEYSHAM,,Y,,,
GB7MR,70CM,DVU59,439.737500,430.737500,,IO83TP,BURY,,Y,,,
GB7MS,2M,RV62,145.775000,145.175000,,IO94EX,NEWCASTLE UPON TYNE,,Y,,,
GB7MT,70CM,DVU53,439.662500,430.662500,,IO90IV,SOUTHAMPTON,,,,Y,
GB7MW,70CM,DVU39,439.487500,430.487500,,IO74BS,CARRICKFERGUS,,Y,Y,Y,
GB7NA-A,23CM,RM12,1297.300000,1291.300000,,IO93HN,BARNSLEY,,,Y,,
GB7NA-B,70CM,DVU36,439.450000,430.450000,,IO93HN,BARNSLEY,,,Y,,
GB7NA-C,2M,RV54,145.675000,145.075000,,IO93HN,BARNSLEY,,,Y,,
GB7NB,70CM,DVU55,439.687500,430.687500,,JO02PN,NORWICH,,,Y,,
GB7ND,70CM,DVU33,439.412500,430.412500,,JO02LM,GREAT ELLINGHAM,,Y,,,
GB7NE,70CM,DVU36,439.450000,430.450000,,IO95FE,ASHINGTON,,Y,Y,Y,
GB7NF,70CM,DVU39,439.487500,430.487500,,JO00AS,NEWHAVEN,,Y,,,
GB7NI,2M,RV60,145.750000,145.150000,,IO74BS,CARRICKFERGUS,,Y,Y,Y,
GB7NL,70CM,DVU37,439.462500,430.462500,,IO80FR,EXETER,,,Y,,
GB7NM,2M,RV59,145.737500,145.137500,,JO02LM,ATTLEBOURGH,,,Y,Y,
GB7NN,70CM,DVU60,439.750000,430.750000,,IO93KH,WORKSOP,,,,Y,
GB7NR,70CM,DVU35,439.437500,430.437500,,IO92KX,NOTTINGHAM,,Y,Y,,
GB7NS,70CM,DVU13,439.162500,430.162500,,IO91WG,CATERHAM,,Y,,,
GB7NT,70CM,RU74,430.925000,438.525000,118.8,IO91IJ,NEWBURY,Y,,,Y,
GB7NV,70CM,RU66,430.825000,438.425000,,IO93JB,HUCKNALL,Y,Y,Y,,
GB7NW,70CM,DVU58,439.725000,430.725000,,IO91DN,SWINDON,,,,Y,
GB7NY,70CM,DVU55,439.687500,430.687500,,IO64TE,BESSBROOK,,Y,Y,Y,
GB7OK,2M,RV57,145.712500,145.112500,,IO91XJ,BECKENHAM,,Y,Y,Y,
GB7OR,70CM,DVU37,439.462500,430.462500,,IO88LX,KIRKWALL,,Y,,,
GB7PB,2M,RV53,145.662500,145.062500,,IO94FR,DURHAM,,,Y,,
GB7PD,2M,RV59,145.737500,145.137500,94.8,IO71OV,MAENCLOCHOG,Y,,Y,Y,
GB7PE,70CM,DVU40,439.500000,430.500000,,IO92TL,PETERBOROUGH,,Y,,,
GB7PF,70CM,DVU51,439.637500,430.637500,,IO80AN,PRINCETOWN,,Y,,,
GB7PI,70CM,DVU61,439.762500,430.762500,,IO92XA,ROYSTON,,,Y,,
GB7PM,70CM,DVU35,439.437500,430.437500,,IO81PH,CHEDDAR,,,,Y,
GB7PN,70CM,DVU34,439.425000,430.425000,,IO83HH,PRESTATYN,,Y,,,
GB7PO,70CM,DVU59,439.737500,430.737500,,IO90KT,PORTSMOUTH,,,,Y,
GB7PP,70CM,DVU35,439.437500,430.437500,,JO02MG,IPSWICH,,Y,Y,Y,
GB7PR,70CM,U324,434.050000,434.050000,,IO83PS,PRESTON,,,,,
GB7PS,2M,RV55,145.687500,145.087500,,IO90LT,PORTSMOUTH,,Y,,,
GB7PT,70CM,DVU57,439.712500,430.712500,,IO92XA,ROYSTON,,Y,Y,Y,
GB7PX,70CM,DVU62,439.775000,430.775000,,IO92XA,ROYSTON,,Y,Y,,
GB7PY,70CM,RU74,430.925000,438.525000,,JO02AF,CAMBRIDGE,,Y,,,
GB7RA,70CM,DVU52,439.650000,430.650000,,IO83LH,NESTON,,Y,Y,Y,
GB7RB-C,2M,RV54,145.675000,145.075000,,IO81GK,COWBRIDGE,,,Y,,
GB7RC,70CM,DVU-R21,430.262500,439.262500,,IO81XW,CHELTENHAM,,,Y,,
GB7RD,70CM,DVU55,439.687500,430.687500,,IO70XM,YELVERTON,,Y,,,
GB7RE,70CM,DVU57,439.712500,430.712500,,IO93MH,RETFORD,,Y,,,
GB7RJ,70CM,DVU43,439.537500,430.537500,,IO82LW,CHIRK,,Y,Y,,
GB7RK,70CM,DVU35,439.437500,430.437500,,IO74AN,BELFAST,,Y,Y,Y,
GB7RL,70CM,DVU62,439.775000,430.775000,,IO83RU,LONGRIDGE,,Y,Y,Y,
GB7RM,70CM,U324,434.050000,434.050000,,JO01CO,ROMFORD,,,,,
GB7RN,2M,RV51,145.637500,145.037500,,IO90JT,FAREHAM,,,Y,,
GB7RO,70CM,DVU-R21,430.262500,439.262500,,IO83UQ,HASLINGDEN,,,,Y,
GB7RR,70CM,DVU49,439.612500,430.612500,,IO92JX,NOTTINGHAM,,Y,,,
GB7RT,70CM,DVU33,439.412500,430.412500,,IO91QJ,SUNNINGDALE,,Y,,,
GB7RV,70CM,DVU50,439.625000,430.625000,,IO83ST,BLACKBURN,,Y,,,
GB7RW,2M,RV48,145.600000,145.000000,88.5,IO94SO,WHITBY,Y,,Y,,
GB7RY,70CM,RU76,430.950000,438.550000,103.5,JO00HW,RYE,Y,,,Y,
GB7SA,70CM,DVU-R24,430.300000,439.300000,,IO81CP,PORT TALBOT,,Y,,,
GB7SB,70CM,DVU53,439.662500,430.662500,,IO92AJ,BIRMINGHAM,,Y,,,
GB7SC,70CM,DVU38,439.475000,430.475000,,IO90QT,BOGNOR REGIS,,Y,,,
GB7SD,70CM,DVU33,439.412500,430.412500,,IO80SQ,WEYMOUTH,,Y,,,
GB7SE,70CM,DVU38,439.475000,430.475000,,JO01DM,THURROCK,,Y,,,
GB7SF-C,2M,RV59,145.737500,145.137500,,IO93GK,SHEFFIELD,,,Y,,
GB7SG,2M,RV61,145.762500,145.162500,,IO83MK,LIVERPOOL,,Y,,,
GB7SH,70CM,RU77,430.962500,438.562500,71.9,IO93GK,SHEFFIELD,Y,,,Y,
GB7SI,70CM,DVU61,439.762500,430.762500,,IO83WA,LEEK,,Y,,,
GB7SJ,70CM,RB07,433.175000,434.775000,103.5,IO83RF,NORTHWICH,Y,,,Y,
GB7SK,70CM,DVU37,439.462500,430.462500,,IO92NO,LEICESTER,,Y,,,
GB7SM,70CM,DVU47,439.587500,430.587500,103.5,IO86OE,ST MONANS,Y,Y,Y,Y,
GB7SN,70CM,DVU54,439.675000,430.675000,,IO93GH,SHEFFIELD,,Y,,,
GB7SO,70CM,DVU42,439.525000,430.525000,,IO90KT,GOSPORT,,Y,Y,,
GB7SP,70CM,DVU60,439.750000,430.750000,,IO91CB,SALISBURY,,Y,,,
GB7SQ,70CM,DVU54,439.675000,430.675000,,IO85LU,DALKEITH,,Y,,,
GB7SR,70CM,DVU51,439.637500,430.637500,,IO93GK,SHEFFIELD,,Y,,,
GB7SS,70CM,DVU47,439.587500,430.587500,,IO87IP,ELGIN,,Y,,,
GB7ST,70CM,DVU36,439.450000,430.450000,,IO83WA,STOKE ON TRENT,,Y,,,
GB7SU,70CM,DVU36,439.450000,430.450000,,IO90IV,SOUTHAMPTON,,Y,,,
GB7SV,70CM,RB11,433.275000,434.875000,82.5,IO91UW,HITCHIN,Y,,,Y,
GB7SW,2M,RV51,145.637500,145.037500,,IO81VL,CHIPPENHAM,,,Y,,
GB7SZ,70CM,RU75,430.937500,438.537500,71.9,IO90AR,POOLE,Y,,,,
GB7TC,70CM,DVU42,439.525000,430.525000,,IO91DL,SWINDON,,Y,,,
GB7TD,70CM,DVU13,439.162500,430.162500,,IO93EP,WAKEFIELD,,Y,,,
GB7TE,2M,RV62,145.775000,145.175000,,JO01OT,CLACTON ON SEA,,,Y,,
GB7TF,70CM,DVU39,439.487500,430.487500,,IO91QT,TRING,,,,Y,
GB7TH,70CM,DVU-R23,430.287500,439.287500,,JO01QJ,MARGATE,,Y,,,
GB7TM,70CM,DVU59,439.737500,430.737500,,JO02NH,EYE,,,,Y,
GB7TP,70CM,DVU55,439.687500,430.687500,,IO93CT,SHIPLEY,,Y,Y,Y,
GB7TQ,70CM,RU71,430.887500,438.487500,94.8,IO80FM,TORQUAY,Y,,,Y,
GB7TT,70CM,DVU40,439.503125,430.503125,,IO82RJ,LUDLOW,,,,,
GB7TX,70CM,U321A,434.018750,434.018750,,JO02TK,BECCLES,,,,,
GB7TY,70CM,DVU49,439.612500,430.612500,,IO84XX,HEXHAM,,Y,Y,,
GB7UL,70CM,DVU42,439.525000,430.525000,,IO74BS,CARRICKFERGUS,,Y,,,
GB7VO,70CM,DVU56,439.700000,430.700000,,IO82QJ,TENBURY WELLS,,Y,Y,Y,
GB7VT,70CM,,431.175000,431.175000,,IO83WA,STOKE-ON-TRENT,,Y,,,
GB7WA,2M,RV55,145.687500,145.087500,,IO93WM,GRIMSBY,,Y,Y,,
GB7WB,70CM,DVU39,439.487500,430.487500,,IO81MH,WESTON-SUPER-MARE,,,Y,,
GB7WC,70CM,DVU39,439.487500,430.487500,,IO83QI,WARRINGTON,,,Y,,
GB7WD,70CM,DVU57,439.712500,430.712500,,IO82WM,SEDGLEY,,Y,,,
GB7WF,70CM,DVU39,439.487500,430.487500,,IO82UJ,BEWDLEY,,Y,Y,Y,
GB7WH,70CM,DMU30,439.375000,430.375000,110.9,IO83LB,WREXHAM,Y,,,Y,
GB7WI,70CM,DVU33,439.412500,430.412500,,IO93TR,HULL,,Y,,,
GB7WK,70CM,DVU41,439.512500,430.512500,,IO91QH,WOKING,,Y,Y,Y,
GB7WL,70CM,DVU37,439.462500,430.462500,,IO91QP,AMERSHAM,,Y,,,
GB7WM,70CM,DVU55,439.687500,430.687500,,IO83SM,ASTLEY,,,,Y,
GB7WN,70CM,DVU60,439.750000,430.750000,,IO82XP,WOLVERHAMPTON,,Y,,,
GB7WR,70CM,DVU37,439.462500,430.462500,, IO82UB,GREAT MALVERN,,,Y,Y,
GB7WT,70CM,DVU48,439.600000,430.600000,,IO64HQ,OMAGH,,Y,Y,Y,
GB7WV,70CM,DVU55,439.687500,430.687500,,IO92NL,MARKET HARBOROUGH,,Y,,,
GB7WX,70CM,DVU41,439.512500,430.512500,,IO83OE,TARVIN,,Y,Y,Y,
GB7WY,70CM,DVU41,439.512500,430.512500,,IO93FR,WAKEFIELD,,,Y,,
GB7XG,70CM,RU70,430.875000,438.475000,103.5,IO86JF,GLENROTHES,Y,Y,Y,Y,
GB7XX,70CM,DVU37,439.462500,430.462500,,IO94FW,FELLING,,Y,,,
GB7XY,70CM,DVU34,439.425000,430.425000,,IO94EX,NEWCASTLE UPON TYNE,,Y,,,
GB7YI,70CM,DVU46,439.575000,430.575000,,IO84WX,HEXHAM,,Y,,,
GB7YJ,70CM,DVU47,439.587500,430.587500,,IO92FH,LEAMINGTON SPA,,Y,,,
GB7YL,2M,RV63,145.787500,145.187500,,JO02UL,LOWESTOFT,,Y,,,
GB7YR,70CM,DVU42,439.525000,430.525000,,IO93LM,DONCASTER,,Y,,,
GB7YZ,70CM,DVU38,439.475000,430.475000,,IO83JE,MOLD,,Y,,Y,
GB7ZE,70CM,RB02,433.050000,434.650000,103.5,JO00GU,HASTINGS,Y,Y,,,
GB7ZP,70CM,DVU39,439.487500,430.487500,,JO01FS,CHELMSFORD,,,Y,,
