"repeater","band","channel","TX","RX","mode","QTHR","where","region","code","keeper","status",
GB3AA,2M,RV53,145.662500,145.062500,AV,IO81RO,BRISTOL,SW,94.8,G4CJZ,OPERATIONAL,
GB3AB,70CM,RB15,433.375000,434.975000,AV,IO93FK,SHEFFIELD,NOR,82.5,M0GAV,OPERATIONAL,
GB3AC,70CM,RU78,430.975000,438.575000,AV,IO81TS,BRISTOL,SW,94.8,G4CJZ,OPERATIONAL,
GB3AG,2M,RV58,145.725000,145.125000,MULTI,IO86ON,FORFAR,SCOT,94.8,MM0XET,OPERATIONAL,
GB3AH,70CM,RB11,433.275000,434.875000,AV,JO02KP,EAST DEREHAM,SE,94.8,G0LGJ,OPERATIONAL,
GB3AI,2M,RV59,145.737500,145.137500,MULTI,IO85PK,HAWICK,SCOT,3,GM8SJP,NOT OPERATIONAL,
GB3AK,23CM,RM14X,1297.350000,1277.350000,AV,IO81RO,BRISTOL,SW,94.8,G4CJZ,OPERATIONAL,
GB3AL,2M,RV59,145.737500,145.137500,MULTI,IO91QP,AMERSHAM,SW,77.0,M0ZPU,OPERATIONAL,
GB3AM,6M,R50-13,50.840000,51.340000,AV,IO91QP,AMERSHAM,SW,77,M0ZPU,OPERATIONAL,
GB3AN,70CM,RB08,433.200000,434.800000,MULTI,IO73UJ,AMLWCH,WM,110.9,MW0GCT,OPERATIONAL,
GB3AR,2M,RV56,145.700000,145.100000,MULTI,IO73VC,CAERNARFON,WM,110.9,GW4KAZ,OPERATIONAL,
GB3AS,2M,RV48,145.600000,145.000000,AV,IO85MC,LANGHOLM,SCOT,77,GM6LJE,OPERATIONAL,
GB3AU,70CM,RB07,433.175000,434.775000,AV,IO91QP,AMERSHAM,SW,82.5,M0ZPU,OPERATIONAL,
GB3AV,70CM,RB02,433.050000,434.650000,AV,IO91OT,AYLESBURY,SW,118.8,G8GQJ,OPERATIONAL,
GB3AW,70CM,RB10,433.250000,434.850000,AV,IO91GH,NEWBURY,SW,71.9,G8DOR,OPERATIONAL,
GB3AY,2M,RV52,145.650000,145.050000,AV,IO75OR,DALRY,SCOT,103.5,MM0YET,OPERATIONAL,
GB3BA,70CM,RB13,433.325000,434.925000,AV,IO91KF,BASINGSTOKE,SW,71.9,G8GTZ,OPERATIONAL,
GB3BB,2M,RV56,145.700000,145.100000,AV,IO81GX,BRECON,WM,94.8,MW0XDD,OPERATIONAL,
GB3BC,2M,RV60,145.750000,145.150000,AV,IO81IO,PONTYPRIDD,WM,94.8,GW0UXJ,OPERATIONAL,
GB3BE,70CM,RU69,430.862500,438.462500,MULTI,IO85SS,DUNS,SCOT,118.8,GM7LUN,OPERATIONAL,
GB3BF,2M,RV63,145.787500,145.187500,AV,IO92SC,BEDFORD,MIDL,77.0,G8MGP,OPERATIONAL,
GB3BI,2M,RV58,145.725000,145.125000,AV,IO77RM,MUIR OF ORD,SCOT,67,MM0GKB,OPERATIONAL,
GB3BK,70CM,RU72,430.900000,438.500000,AV,JO01AK,BROMLEY,SE,103.5,G0WYG,OPERATIONAL,
GB3BL,70CM,RU70,430.875000,438.475000,AV,IO92SD,BEDFORD,MIDL,77.0,G8MGP,NOT OPERATIONAL,
GB3BM,2M,RV57,145.712500,145.112500,AV,IO82XL,DUDLEY,MIDL,67.0,G8PYT,OPERATIONAL,
GB3BN,70CM,RB0,433.000000,434.600000,AV,IO91OJ,BRACKNELL,SW,118.8,G8DOR,OPERATIONAL,
GB3BR,70CM,RU65,430.812500,438.412500,AV,IO90VU,HOVE,SE,88.5,G4WTV,OPERATIONAL,
GB3BS,70CM,RU68,430.850000,438.450000,AV,IO81TK,BRISTOL,SW,118.8,G4SDR,OPERATIONAL,
GB3BT,2M,RV56,145.700000,145.100000,AV,IO85WT,BERWICK ON TWEED,SCOT,118.8,GM1JFF,REDUCED OUTPUT,
GB3BV,70CM,RB01,433.025000,434.625000,MULTI,IO91SR,HEMEL HEMPSTEAD,SE,82.5,G7HMV,OPERATIONAL,
GB3BW,70CM,RU65,430.812500,438.412500,AV,IO93HO,WAKEFIELD,NOR,82.5,M0YDG,OPERATIONAL,
GB3BX,2M,RV54,145.675000,145.075000,DV,IO82QL,CLEOBURY NORTH,WM,13,G4VZO,REDUCED OUTPUT,
GB3BY,70CM,RU78,430.975000,438.575000,AV,IO83LT,BLACKPOOL,NOR,82.5,M0DKR,NOT OPERATIONAL,
GB3BZ,70CM,RU68,430.850000,438.450000,MULTI,JO01GW,BRAINTREE,SE,3,G0DEC,OPERATIONAL,
GB3CA,70CM,RB13,433.325000,434.925000,AV,IO84OT,CARLISLE,NOR,77,G1XSZ,OPERATIONAL,
GB3CB,70CM,RB14,433.350000,434.950000,AV,IO92BL,BIRMINGHAM,MIDL,67,G8NDT,OPERATIONAL,
GB3CC,70CM,RU77,430.962500,438.562500,AV,IO90PT,CHICHESTER,SE,88.5,G4WTV,OPERATIONAL,
GB3CD,2M,RV55,145.687500,145.087500,MULTI,IO94DR,CROOK,NOR,118.8,G0OCB,OPERATIONAL,
GB3CE,70CM,RB14,433.350000,434.950000,AV,JO01KV,COLCHESTER,SE,67,G0MBA,OPERATIONAL,
GB3CF,2M,RV48,145.600000,145.000000,MULTI,IO92IQ,MARKFIELD,MIDL,77.0,M0VSE,OPERATIONAL,
GB3CG,2M,RV58,145.725000,145.125000,AV,IO81VU,GLOUCESTER,SW,118.8,G3LVP,OPERATIONAL,
GB3CH,70CM,RU70,430.875000,438.475000,AV,IO70SM,LISKEARD,SW,77,G4RKY,OPERATIONAL,
GB3CI,70CM,RU66,430.825000,438.425000,AV,IO92PM,CORBY,MIDL,77.0,G7HPE,OPERATIONAL,
GB3CJ,10M,10M,29.640000,29.540000,AV,IO92NF,NORTHAMPTON,MIDL,77.0,G1IRG,NOT OPERATIONAL,
GB3CK,70CM,RB0,433.000000,434.600000,AV,JO01JF,CHARING KENT,SE,103.5,G6RVS,OPERATIONAL,
GB3CL,70CM,RB09,433.225000,434.825000,AV,JO01OT,CLACTON,SE,67,G0MBA,OPERATIONAL,
GB3CM,70CM,RU69,430.862500,438.462500,MULTI,IO71VW,CARMARTHEN,WM,94.8,GW8KCY,OPERATIONAL,
GB3CN,2M,RV55,145.687500,145.087500,AV,IO71TX,NEWCASTLE EMLYN,WM,94.8,GW6JSO,OPERATIONAL,
GB3CO,2M,RV53,145.662500,145.062500,AV,IO92PM,CORBY,MIDL,77.0,G1DIW,OPERATIONAL,
GB3CP,2M,RV59,145.737500,145.137500,AV,IO64IG,FERMANAGH,NI,110.9,GI6JPO,OPERATIONAL,
GB3CQ,10M,10M,29.620000,29.520000,AV,IO90SU,WORTHING,SE,88.5,G4WTV,OPERATIONAL,
GB3CR,70CM,RB06,433.150000,434.750000,AV,IO83LC,CAERGWRLE,WM,110.9,M0OBW,OPERATIONAL,
GB3CS,2M,RV60,145.750000,145.150000,AV,IO85AU,MOTHERWELL,SCOT,103.5,GM8HBY,OPERATIONAL,
GB3CV,70CM,RU65,430.812500,438.412500,AV,IO92GK,COVENTRY,MIDL,67,G4USP,OPERATIONAL,
GB3CW,70CM,RB04,433.100000,434.700000,AV,IO82HL,NEWTOWN POWYS,WM,103.5,GW4IQP,NOT OPERATIONAL,
GB3CY,70CM,RU69,430.862500,438.462500,AV,IO93KW,YORK,NOR,88.5,G4FUO,OPERATIONAL,
GB3DA,2M,RV58,145.725000,145.125000,MULTI,JO01GR,DANBURY,SE,110.9,G6JYB,OPERATIONAL,
GB3DB,6M,R50-06,50.770000,51.270000,MULTI,JO01HR,DANBURY,SE,110.9,G6JYB,OPERATIONAL,
GB3DC,2M,RV55,145.687500,145.087500,AV,IO92GW,DERBY,MIDL,71.9,G7NPW,REDUCED OUTPUT,
GB3DD,70CM,RB10,433.250000,434.850000,MULTI,IO86MM,DUNDEE,SCOT,94.8,GM4UGF,OPERATIONAL,
GB3DE,70CM,RB07,433.175000,434.775000,AV,JO02NF,IPSWICH,SE,110.9,G1NRL,OPERATIONAL,
GB3DG,2M,RV62,145.775000,145.175000,MULTI,IO74UV,NEWTON STEWART,SCOT,103.5,GM8CJG,OPERATIONAL,
GB3DI,70CM,RB06,433.150000,434.750000,AV,IO91IN,DIDCOT,SW,118.8,G8CUL,OPERATIONAL,
GB3DM,70CM,RU74,430.925000,438.525000,MULTI,IO75QX,DUMBARTON,SCOT,103.5,GM7GDE,OPERATIONAL,
GB3DN,2M,RV51,145.637500,145.037500,AV,IO70UW,STIBB CROSS,SW,77,G1BHM,OPERATIONAL,
GB3DP,70CM,RU69,430.862500,438.462500,AV,IO92TR,BASTON,MIDL,88.5,G6YCA,OPERATIONAL,
GB3DQ,70CM,RU78,430.975000,438.575000,AV,IO70RI,POLPERRO,SW,77,G1YDQ,OPERATIONAL,
GB3DR,2M,RV59,145.737500,145.137500,MULTI,IO80SN,WEYMOUTH,SW,,G3VPF,OPERATIONAL,
GB3DS,70CM,RB13,433.325000,434.925000,AV,IO93KH,WORKSOP,MIDL,71.9,G3XXN,OPERATIONAL,
GB3DT,70CM,RB0,433.000000,434.600000,MULTI,IO80WU,BLANDFORD,SW,71.9,G0ZEP,OPERATIONAL,
GB3DU,2M,RV61,145.762500,145.162500,MULTI,IO85SS,DUNS,SCOT,1,GM7LUN,OPERATIONAL,
GB3DV,70CM,RB01,433.025000,434.625000,AV,IO93JK,MALTBY,NOR,71.9,G0EPX,OPERATIONAL,
GB3DW,2M,RV53,145.662500,145.062500,MULTI,IO72WT,HARLECH,WM,110.9,MW0VTK,OPERATIONAL,
GB3DX,70CM,RB12,433.300000,434.900000,AV,IO65HA,DERRY/LONDONDERRY,NI,110.9,GI4YWT,OPERATIONAL,
GB3DY,70CM,RB10,433.250000,434.850000,MULTI,IO93FB,WIRKSWORTH,MIDL,71.9,G3ZYC,NOT OPERATIONAL,
GB3DZ,70CM,RU79,430.987500,438.587500,AV,IO92HW,DERBY,MIDL,71.9,G7NPW,OPERATIONAL,
GB3EA,2M,RV55,145.687500,145.087500,AV,JO02GE,WICKHAMBROOK,SE,110.9,G1YFF,OPERATIONAL,
GB3EB,2M,RV63,145.787500,145.187500,MULTI,JO00AT,NEWHAVEN,SE,88.5,G0TJH,OPERATIONAL,
GB3ED,70CM,RB14,433.350000,434.950000,MULTI,IO85JW,EDINBURGH,SCOT,94.8,GM4GZW,OPERATIONAL,
GB3EE,70CM,RB12,433.300000,434.900000,AV,IO93JD,MANSFIELD,MIDL,71.9,G0RRZ,OPERATIONAL,
GB3EF,6M,R50-01,50.720000,51.220000,AV,JO02NF,STOWMARKET,SE,110.9,G0OZS,REDUCED OUTPUT,
GB3EG,70CM,RU73,430.912500,438.512500,AV,IO83QN,WIGAN,NOR,82.5,M1EGH,OPERATIONAL,
GB3EH,70CM,RU77,430.962500,438.562500,AV,IO92GC,BANBURY,MIDL,67,G4OHB,OPERATIONAL,
GB3EI,2M,RV49,145.612500,145.012500,MULTI,IO67IN,LOCHMADDY,SCOT,88.5,GM8SAU,OPERATIONAL,
GB3EJ,23CM,RM04,1297.100000,1291.100000,AV,JO02CD,CAMBRIDGE,SE,77,G8MLA,NOT OPERATIONAL,
GB3EK,70CM,RU71,430.887500,438.487500,AV,JO01QJ,MARGATE,SE,103.5,M0LMK,OPERATIONAL,
GB3EL,2M,RV48,145.600000,145.000000,AV,JO01AM,LONDON,SE,82.5,G4RZZ,OPERATIONAL,
GB3EM,2M,RV61,145.762500,145.162500,AV,IO92LJ,COLD ASHBY,MIDL,77.0,M1FJB,REDUCED OUTPUT,
GB3ER,70CM,RB03,433.075000,434.675000,MULTI,JO01GR,DANBURY,SE,110.9,G6JYB,OPERATIONAL,
GB3ES,2M,RV54,145.675000,145.075000,AV,JO00HV,HASTINGS,SE,103.5,G6ZZX,OPERATIONAL,
GB3EU,70CM,UR67,438.437500,430.837500,AV,IO92LJ,COLD ASHBY,MIDL,77.0,M1FJB,NOT OPERATIONAL,
GB3EV,2M,RV56,145.700000,145.100000,AV,IO84SQ,DUFTON,NOR,77,G0TNF,OPERATIONAL,
GB3EW,2M,RV49,145.612500,145.012500,AV,IO80FR,EXETER,SW,77,G6ATJ,OPERATIONAL,
GB3EX,70CM,RU76,430.950000,438.550000,AV,IO80GT,SILVERTON,SW,77,G7NBU,OPERATIONAL,
GB3EZ,70CM,RU78,430.975000,438.575000,AV,JO02GE,WICKHAMBROOK,SE,110.9,G1YFF,NOT OPERATIONAL,
GB3FC,70CM,RU68,430.850000,438.450000,AV,IO83LU,BLACKPOOL,NOR,82.5,M0DKR,OPERATIONAL,
GB3FE,2M,RV53,145.662500,145.062500,AV,IO86BC,STIRLING,SCOT,103.5,GM0MZB,OPERATIONAL,
GB3FF ,2M,RV48,145.600000,145.000000,AV,IO86MU,UPPER LARGO,SCOT,103.5,GM7LUN,OPERATIONAL,
GB3FG,2M,RV57,145.712500,145.112500,MULTI,IO71UX,CARMARTHEN,WM,94.8,GW8KCY,OPERATIONAL,
GB3FH,6M,R50-06,50.770000,51.270000,AV,IO81OH,SOMERSET,SW,77,G4RKY,OPERATIONAL,
GB3FI,70CM,RU74,430.925000,438.525000,AV,IO81OH,CHEDDAR,SW,77,G4RKY,OPERATIONAL,
GB3FJ,70CM,RU76,430.950000,438.550000,AV,IO93XE,ASGARBY,MIDL,71.9,G3ZPU,OPERATIONAL,
GB3FK,2M,RV60,145.750000,145.150000,MULTI,JO01OC,FOLKESTONE,SE,103.5,M1CMN,OPERATIONAL,
GB3FM,23CM,RM2,1297.050000,1291.050000,AV,IO91OF,FARNHAM,SW,100,G4EPX,REDUCED OUTPUT,
GB3FN,70CM,RB15,433.375000,434.975000,AV,IO91OF,FARNHAM,SW,82.5,G4EPX,OPERATIONAL,
GB3FR,2M,RV62,145.775000,145.175000,AV,JO03AE,SPILSBY LINCS.,MIDL,71.9,M1FJB,OPERATIONAL,
GB3FU,2M,RV60,145.750000,145.150000,AV,IO92JX,NOTTINGHAM,MIDL,71.9,M5ADU,REDUCED OUTPUT,
GB3FV,70CM,RU65,430.812500,438.412500,AV,IO86AC,STIRLING,SCOT,88.5,GM0WUR,OPERATIONAL,
GB3FX,6M,R50-10,50.810000,51.310000,AV,IO91OF,FARNHAM,SW,82.5,G4EPX,OPERATIONAL,
GB3GB,70CM,DMU27,439.337500,430.337500,AV,IO92BM,SUTTON COLDFIELD,MIDL,67,G8NDT,NOT OPERATIONAL,
GB3GC,6M,R50-02,50.730000,51.230000,AV,IO70TL,LISKEARD,SW,77.0,M0WMB,OPERATIONAL,
GB3GD,2M,RV50,145.625000,145.025000,AV,IO74SG,SNAEFELL IOM,NOR,110.9,GD4HOZ,OPERATIONAL,
GB3GF,70CM,RB12,433.300000,434.900000,AV,IO91RF,GUILDFORD,SE,88.5,G4EML,OPERATIONAL,
GB3GH,70CM,RB05,433.125000,434.725000,AV,IO81VU,GLOUCESTER,SW,118.8,G3LVP,OPERATIONAL,
GB3GJ,2M,RV51,145.637500,145.037500,MULTI,IN89WE,ST HELIER,SW,71.9,GJ8PVL,OPERATIONAL,
GB3GL,70CM,RU72,430.900000,438.500000,MULTI,IO75WU,GLASGOW,SCOT,103.5,GM3SAN,OPERATIONAL,
GB3GN,2M,RV62,145.775000,145.175000,AV,IO87TA,BANCHORY,SCOT,67,GM4ZUK,OPERATIONAL,
GB3GO,2M,RV63,145.787500,145.187500,MULTI,IO83BH,LLANDUDNO,WM,110.9,M0BUQ,OPERATIONAL,
GB3GR,70CM,RU68,430.850000,438.450000,AV,IO92QV,GRANTHAM,MIDL,71.9,G0OJF,OPERATIONAL,
GB3GU,70CM,RB13,433.325000,434.925000,AV,IN89RK,GUERNSEY,SW,71.9,GU6EFB,OPERATIONAL,
GB3GY,70CM,RB11,433.275000,434.875000,AV,IO93XN,CLEETHORPES,MIDL,88.5,M0KWK,OPERATIONAL,
GB3HA,2M,RV60,145.750000,145.150000,MULTI,IO85XA,CORBRIDGE,NOR,118.8,M0TKF,OPERATIONAL,
GB3HB,70CM,RB15,433.375000,434.975000,MULTI,IO70OJ,ROCHE,SW,77,G4WVD,OPERATIONAL,
GB3HC,70CM,RB06,433.150000,434.750000,MULTI,IO82PB,HEREFORD,WM,118.8,G0JWJ,OPERATIONAL,
GB3HD,70CM,RB09,433.225000,434.825000,MULTI,IO93BP,HUDDERSFIELD,NOR,82.5,G0ISX,OPERATIONAL,
GB3HE,70CM,RU74,430.925000,438.525000,MULTI,JO00HV,HASTINGS,SE,103.5,G3TCG,OPERATIONAL,
GB3HF,10M,10M,29.690000,29.590000,AV,IO82KW,LLANGOLLEN,WM,103.5,GW0NIS,NOT OPERATIONAL,
GB3HG,2M,RV50,145.625000,145.025000,MULTI,IO94JF,THIRSK,NOR,88.5,G8IMZ,OPERATIONAL,
GB3HH,2M,RV56,145.700000,145.100000,AV,IO93BF,BUXTON,MIDL,71.9,G7EKY,OPERATIONAL,
GB3HI,2M,RV56,145.700000,145.100000,AV,IO76DK,ISLE OF MULL,SCOT,103.5,MM0JRM,NOT OPERATIONAL,
GB3HJ,70CM,RB01,433.025000,434.625000,AV,IO94EB,HARROGATE,NOR,118.8,G4MEM,OPERATIONAL,
GB3HM,6M,R50-11,50.820000,51.320000,AV,IO93GA,BELPER,MIDL,71.9,G8IQP,OPERATIONAL,
GB3HN,70CM,RB01,433.025000,434.625000,AV,IO82QJ,LUDLOW,WM,103.5,M0HOY,OPERATIONAL,
GB3HO,70CM,RU71,430.887500,438.487500,AV,IO91TB,HORSHAM,SE,88.5,G4EFO,OPERATIONAL,
GB3HR,70CM,RB14,433.350000,434.950000,AV,IO91TO,HARROW,SE,82.5,G3YXZ,REDUCED OUTPUT,
GB3HS,2M,RV52,145.650000,145.050000,MULTI,IO93RS,HULL,NOR,88.5,G3GJA,OPERATIONAL,
GB3HT,70CM,RB11,433.275000,434.875000,AV,IO92HN,HINCKLEY,MIDL,77.0,M0RVD,OPERATIONAL,
GB3HW,70CM,RB13,433.325000,434.925000,AV,JO01CN,GIDEA PARK,SE,110.9,G4GBW,OPERATIONAL,
GB3HX,6M,R50-05,50.760000,51.260000,AV,JO00HV,HASTINGS,SE,103.5,M0HOW,NOT OPERATIONAL,
GB3HY,70CM,RU72,430.900000,438.500000,AV,IO90WX,HAYWARDS HEATH,SE,88.5,G6DGK,OPERATIONAL,
GB3IC,70CM,RB05,433.125000,434.725000,AV,IO82WO,WOLVERHAMPTON,MIDL,67,G7CFC,OPERATIONAL,
GB3IE,70CM,RU68,430.850000,438.450000,DSTAR,IO70XJ,PLYMOUTH,SW,77,G7DQC,NOT OPERATIONAL,
GB3IG,2M,RV62,145.775000,145.175000,AV,IO68QE,STORNOWAY,SCOT,88.5,GM0LZE,OPERATIONAL,
GB3IH,70CM,RB04,433.100000,434.700000,AV,JO02OB,IPSWICH,SE,110.9,G7CIY,OPERATIONAL,
GB3IK,2M,RV61,145.762500,145.162500,AV,JO01FJ,ROCHESTER,SE,103.5,G6CKK,OPERATIONAL,
GB3IM-C,70CM,RU66,430.825000,438.425000,AV,IO74SD,DOUGLAS  IOM,NOR,110.9,GD4HOZ,OPERATIONAL,
GB3IM-P,70CM,RU70,430.875000,438.475000,AV,IO74PF,PEEL,NOR,110.9,GD4HOZ,OPERATIONAL,
GB3IM-R,70CM,RU66,430.825000,438.425000,AV,IO74TI,RAMSEY  IOM,NOR,71.9,GD4HOZ,OPERATIONAL,
GB3IM-S,70CM,RB05,433.125000,434.725000,AV,IO74SG,DOUGLAS  IOM,NOR,110.9,GD4HOZ,OPERATIONAL,
GB3IN,2M,RV51,145.637500,145.037500,MULTI,IO93GD,ALFRETON,MIDL,71.9,G4TSN,OPERATIONAL,
GB3IP,70CM,RU78,430.975000,438.575000,AV,IO91WF,SOUTH NUTFIELD,SE,82.5,M0ZAH,OPERATIONAL,
GB3IR,2M,RV61,145.762500,145.162500,AV,IO94DJ,RICHMOND YORKS,NOR,88.5,G4FZN,OPERATIONAL,
GB3IS,70CM,RU71,430.887500,438.487500,MULTI,IO67HC,ISLE OF SOUTH UIST,SCOT,94.8,GM8SAU,OPERATIONAL,
GB3IW,70CM,RB09,433.225000,434.825000,AV,IO90JO,VENTNOR,SW,71.9,G4IKI,OPERATIONAL,
GB3JB,2M,RV63,145.787500,145.187500,MULTI,IO81VC,MERE WILTSHIRE,SW,5,G3ZXX,OPERATIONAL,
GB3JL,2M,RV63,145.787500,145.187500,AV,IO70SM,LISKEARD,SW,77,G4RKY,OPERATIONAL,
GB3JM,70CM,RU70,430.875000,438.475000,AV,IO82PG,LEOMINISTER,WM,118.8,M0WYP,OPERATIONAL,
GB3JR,70CM,RU78,430.975000,438.575000,AV,IO93HB,MANSFIELD,MIDL,71.9,M5ADU,OPERATIONAL,
GB3JS,70CM,RB01,433.025000,434.625000,AV,JO02UO,GREAT YARMOUTH,SE,94.8,M0JGX,OPERATIONAL,
GB3KA,70CM,RU71,430.887500,438.487500,AV,IO82UJ,KIDDERMINSTER,WM,118.8,G7SAI,OPERATIONAL,
GB3KC,70CM,RU72,430.900000,438.500000,AV,IO82WK,STOURBRIDGE,MIDL,67,G0EWH,OPERATIONAL,
GB3KE,2M,RV55,145.687500,145.087500,MULTI,IO75UV,GLASGOW,SCOT,103.5,GM7SVK,OPERATIONAL,
GB3KI,2M,RV53,145.662500,145.062500,MULTI,JO01NI,HERNE BAY,SE,103.5,G4TKR,OPERATIONAL,
GB3KK,70CM,RU78,430.975000,438.575000,AV,IO65VE,BALLYCASTLE,NI,110.9,MI0CRQ,OPERATIONAL,
GB3KL,70CM,RB04,433.100000,434.700000,MULTI,JO02FR,KINGS LYNN,SE,94.8,G0IJU,OPERATIONAL,
GB3KN,2M,RV56,145.700000,145.100000,AV,JO01HH,MAIDSTONE,SE,103.5,G3VFC,OPERATIONAL,
GB3KR,70CM,RU65,430.812500,438.412500,AV,IO82UI,STOURPORT ON SEVERN,WM,118.8,G7SAI,OPERATIONAL,
GB3KS,2M,RV50,145.625000,145.025000,MULTI,JO01PA,DOVER,SE,103.5,M1CMN,OPERATIONAL,
GB3KU,70CM,RB03,433.075000,434.675000,MULTI,IO83XM,ASHTON-UNDER-LYNE,NOR,82.5,M0NCZ,OPERATIONAL,
GB3KV,70CM,RU78,430.975000,438.575000,AV,IO75XX,KILSYTH,SCOT,103.5,GM3SAN,OPERATIONAL,
GB3KW,70CM,RU66,430.825000,438.425000,MULTI,IO75UV,GLASGOW,SCOT,103.5,GM7SVK,OPERATIONAL,
GB3KY,2M,RV57,145.712500,145.112500,AV,JO02FS,KINGS LYNN,SE,94.8,G1SCQ,OPERATIONAL,
GB3LA,2M,RV57,145.712500,145.112500,AV,IO85CJ,SANQUHAR,SCOT,103.5,GM3SAN,OPERATIONAL,
GB3LB,2M,RV63,145.787500,145.187500,AV,IO85NS,LAUDER,SCOT,118.8,GM7LUN,OPERATIONAL,
GB3LC,70CM,RU75,430.937500,438.537500,AV,IO93WH,LOUTH,MIDL,71.9,G7AJP,OPERATIONAL,
GB3LD,2M,RV54,145.675000,145.075000,AV,IO84OA,LANCASTER,NOR,110.9,G3VVT,OPERATIONAL,
GB3LE,70CM,RB04,433.100000,434.700000,MULTI,IO92IQ,MARKFIELD,MIDL,77,M1NAS,OPERATIONAL,
GB3LF,70CM,RB14,433.350000,434.950000,AV,IO84PH,KENDAL,NOR,110.9,G3VVT,OPERATIONAL,
GB3LG,6M,R50-12,50.830000,51.330000,AV,IO82KW,LLANGOLLEN,WM,,GW0NIS,NOT OPERATIONAL,
GB3LH,70CM,RB15,433.375000,434.975000,MULTI,IO82OP,SHREWSBURY,WM,103.5,G8DIR,OPERATIONAL,
GB3LI,70CM,RB10,433.250000,434.850000,AV,IO83LL,LIVERPOOL,NOR,82.5,G3WIC,OPERATIONAL,
GB3LL,70CM,RB0,433.000000,434.600000,AV,IO82KW,LLANGOLLEN,WM,94.8,G7RPG,OPERATIONAL,
GB3LM,2M,RV58,145.725000,145.125000,MULTI,IO93RF,LINCOLN,MIDL,71.9,M0TEF,OPERATIONAL,
GB3LN,70CM,RU74,430.925000,438.525000,AV, IO92JO,LEICESTER,MIDL,118.8,M0HEL,OPERATIONAL,
GB3LP,6M,R50-04,50.750000,51.250000,AV,IO83MK,LIVERPOOL,NOR,77,M1SWB,OPERATIONAL,
GB3LR,70CM,RU69,430.862500,438.462500,AV,JO00AS,NEWHAVEN,SE,88.5,G0TJH,OPERATIONAL,
GB3LS,70CM,RB02,433.050000,434.650000,AV,IO93RF,LINCOLN,MIDL,71.9,M0TEF,OPERATIONAL,
GB3LT,70CM,RB10,433.250000,434.850000,MULTI,IO91SV,LUTON,MIDL,77.0,G6OUA,OPERATIONAL,
GB3LU,2M,RV54,145.675000,145.075000,AV,IP90JD,LERWICK,SCOT,77,GM0GFL,OPERATIONAL,
GB3LV,70CM,RB02,433.050000,434.650000,AV,IO91XP,NORTH LONDON,SE,82.5,G4DFB,REDUCED OUTPUT,
GB3LY,2M,RV48,145.600000,145.000000,AV,IO65NC,LIMAVADY,NI,110.9,MI1VOX,OPERATIONAL,
GB3LZ,2M,RV53,145.662500,145.062500,MULTI,IO80CV,LAPFORD,SW,77,G4MQQ,OPERATIONAL,
GB3MA,6M,R50-01,50.720000,51.220000,AV,IO83SM,ATHERTON,NOR,82.5,G4YYB,NOT OPERATIONAL,
GB3MB,70CM,RB15,433.375000,434.975000,MULTI,IO81HR,MERTHYR,WM,94.8,GW0UXJ,OPERATIONAL,
GB3MC,70CM,DMU27,439.337500,430.337500,MULTI,IO83KJ,LEASOWE,NOR,110.9,G4YWD,OPERATIONAL,
GB3MD,70CM,RU77,430.962500,438.562500,MULTI,IO82GN,LLANFAIR CAEREINION,WM,103.5,GW4BML,NOT OPERATIONAL,
GB3ME,70CM,RB06,433.150000,434.750000,AV,IO92JJ,RUGBY,MIDL,67,G7BQM,OPERATIONAL,
GB3MG,70CM,RU72,430.900000,438.500000,DV,IO81KP,PONTYPRIDD,WM,,GW0UXJ,NOT OPERATIONAL,
GB3MH,2M,RV50,145.625000,145.025000,AV,IO91WC,EAST GRINSTEAD,SE,88.5,G3NZP,OPERATIONAL,
GB3MI,2M,RV57,145.712500,145.112500,MULTI,IO83VM,MANCHESTER,NOR,82.5,G0TOG,OPERATIONAL,
GB3MK,70CM,RB0,433.000000,434.600000,MULTI,IO92OB,MILTON KEYNES,SW,77,G6GEI,OPERATIONAL,
GB3ML,70CM,RU73,430.912500,438.512500,MULTI,IO91RK,STAINES UPON THAMES,SE,3,M0TIG,OPERATIONAL,
GB3MM,23CM,RM06,1297.150000,1291.150000,AV,IO82XP,WOLVERHAMPTON,MIDL,67,G8NDT,NOT OPERATIONAL,
GB3MN,2M,RV52,145.650000,145.050000,MULTI,IO83XH,DISLEY,NOR,82.5,G8LZO,OPERATIONAL,
GB3MR,70CM,RB14,433.350000,434.950000,AV,IO83XH,STOCKPORT,NOR,82.5,G8LZO,OPERATIONAL,
GB3MT,70CM,RU72,430.900000,438.500000,AV,IO64QS,MAGHERAFELT,NI,110.9,MI0GRN,OPERATIONAL,
GB3MW,70CM,RB10,433.250000,434.850000,AV,IO92FH,LEAMINGTON SPA,MIDL,67,G6FEO,NOT OPERATIONAL,
GB3MY,70CM,RB11,433.275000,434.875000,MULTI,IO83SM,ATHERTON,NOR,82.5,G4YYB,OPERATIONAL,
GB3NA,2M,RV49,145.612500,145.012500,MULTI,IO93HN,BARNSLEY,NOR,71.9,G4LUE,OPERATIONAL,
GB3NB,2M,RV50,145.625000,145.025000,AV,JO02PN,NORWICH,SE,94.8,G8VLL,OPERATIONAL,
GB3NC,2M,RV58,145.725000,145.125000,MULTI,IO70OJ,ROCHE,SW,77.0,G4WVD,OPERATIONAL,
GB3NE,2M,RV61,145.762500,145.162500,AV,IO91HJ,NEWBURY,SW,118.8,G6IBI,OPERATIONAL,
GB3NF,2M,RV50,145.625000,145.025000,AV,IO92KX,NOTTINGHAM,MIDL,77.0,M0VUB,OPERATIONAL,
GB3NG,2M,RV50,145.625000,145.025000,AV,IO87XO,FRASERBURGH,SCOT,67,GM4ZUK,OPERATIONAL,
GB3NH,70CM,RU76,430.950000,438.550000,AV,IO92NF,NORTHAMPTON,MIDL,77.0,G1IRG,OPERATIONAL,
GB3NI,2M,RV58,145.725000,145.125000,AV,IO74CO,BELFAST  N.I.,NI,110.9,MI1VOX,OPERATIONAL,
GB3NK,70CM,RB04,433.100000,434.700000,AV,JO01BL,ERITH,SE,103.5,G4EGU,OPERATIONAL,
GB3NL,2M,RV62,145.775000,145.175000,AV,IO91XP,NORTH LONDON,SE,,G4DFB,OPERATIONAL,
GB3NM,70CM,RB07,433.175000,434.775000,AV,IO92KX,NOTTINGHAM,MIDL,71.9,M0VUB,OPERATIONAL,
GB3NN,70CM,RB02,433.050000,434.650000,AV,JO02JV,WELLS NORFOLK,SE,94.8,G0FVF,OPERATIONAL,
GB3NO,23CM,RM0,1297.000000,1291.000000,AV,JO02PP,NORWICH,SE,94.8,G8VLL,OPERATIONAL,
GB3NP,70CM,RU71,430.887500,438.487500,MULTI,IO92LD,TOWCESTER,MIDL,77.0,G1IRG,OPERATIONAL,
GB3NR,70CM,RB0,433.000000,434.600000,AV,JO02PP,NORWICH,SE,94.8,G8VLL,OPERATIONAL,
GB3NS,70CM,DVU54,439.675000,430.675000,AV,IO91WG,CATERHAM,SE,82.5,G0OLX,OPERATIONAL,
GB3NT,70CM,RB0,433.000000,434.600000,MULTI,IO94FW,NEWCASTLE UPON TYNE,NOR,118.8,M0MNE,OPERATIONAL,
GB3NU,70CM,DMU26,439.325000,430.325000,MULTI,IO92KX,NOTTINGHAM,MIDL,71.9,M0VUB,OPERATIONAL,
GB3NW,2M,RV50,145.625000,145.025000,MULTI,IO82VE,WORCESTER,WM,67.0,G4IDF,OPERATIONAL,
GB3NX,70CM,RU68,430.850000,438.450000,AV,IO91WB,CRAWLEY SUSSEX,SE,88.5,G4EFO,OPERATIONAL,
GB3NY,70CM,RU67,430.837500,438.437500,MULTI,IO93RT,HULL,NOR,88.5,M0DPH,OPERATIONAL,
GB3NZ,2M,RV48,145.600000,145.000000,AV,JO02NN,WYMONDHAM,SE,94.8,M0ZAH,OPERATIONAL,
GB3OA,2M,RV49,145.612500,145.012500,MULTI,IO83LP,SOUTHPORT,NOR,82.5,G4EID,OPERATIONAL,
GB3OC,2M,RV52,145.650000,145.050000,AV,IO88LX,KIRKWALL,SCOT,77,GM0HQG,OPERATIONAL,
GB3OH,70CM,RU76,430.950000,438.550000,MULTI,IO85EX,LINLITHGOW,SCOT,94.8,GM0MZB,OPERATIONAL,
GB3OM,70CM,RU76,430.950000,438.550000,MULTI,IO64JQ,OMAGH,NI,1,GI4SXV,OPERATIONAL,
GB3OR,70CM,RU67,430.837500,438.437500,MULTI,IO83BH,LLANDUDNO,WM,103.5,MW0JWP,OPERATIONAL,
GB3OV,70CM,RB05,433.125000,434.725000,AV,IO92VG,ST NEOTS,MIDL,94.8,G6OHM,OPERATIONAL,
GB3OY,70CM,RU76,430.950000,438.550000,AV,JO01AO,BUCKHURST HILL,SE,82.5,G7UZN,OPERATIONAL,
GB3PA,2M,RV50,145.625000,145.025000,AV,IO75QV,PAISLEY,SCOT,103.5,GM7OAW,OPERATIONAL,
GB3PB,2M,RV50,145.625000,145.025000,AV,IO90AT,WIMBORNE,SW,71.9,G7ICH,OPERATIONAL,
GB3PD,70CM,RU68,430.850000,438.450000,MULTI,IO80SN,WEYMOUTH,SW,,G1ZSE,NOT OPERATIONAL,
GB3PE,2M,RV54,145.675000,145.075000,AV,IO92TL,PETERBOROUGH,SE,94.8,M0ZPU,OPERATIONAL,
GB3PF,70CM,RB12,433.300000,434.900000,AV,IO83TR,ACCRINGTON,NOR,82.5,M0NFI,OPERATIONAL,
GB3PH,2M,RV48,145.600000,145.000000,AV,IO72SX,PWLLHELI,WM,88.5,MW0XTK,NOT OPERATIONAL,
GB3PI,2M,RV60,145.750000,145.150000,AV,IO92XA,ROYSTON,SE,77,M0ZPU,OPERATIONAL,
GB3PK,2M,RV53,145.662500,145.062500,AV,IO65VE,BALLYCASTLE,NI,110.9,MI0CRR,OPERATIONAL,
GB3PL,2M,RV61,145.762500,145.162500,AV,IO80BH,BIGBURY,SW,77.0,M0WMB,OPERATIONAL,
GB3PM,70CM,RU72,430.900000,438.500000,AV,IO93FK,SHEFFIELD,NOR,71.9,M0HOY,NOT OPERATIONAL,
GB3PN,70CM,RU76,430.950000,438.550000,AV,IO83PS,PRESTON,NOR,82.5,M0VXT,OPERATIONAL,
GB3PO,2M,RV52,145.650000,145.050000,AV,JO02OB,IPSWICH,SE,110.9,G7CIY,OPERATIONAL,
GB3PP,70CM,RB15,433.375000,434.975000,MULTI,IO83QR,PRESTON,NOR,82.5,M0NED,REDUCED OUTPUT,
GB3PR,2M,RV54,145.675000,145.075000,MULTI,IO86GI,PERTH,SCOT,94.8,GM8KPH,OPERATIONAL,
GB3PS,23CM,RM03,1297.075000,1291.075000,AV,IO92XA,ROYSTON,SE,77,M0ZPU,NOT OPERATIONAL,
GB3PT,70CM,RU69,430.862500,438.462500,AV,IO83NL,PRESCOT,NOR,94.8,M0NFI,OPERATIONAL,
GB3PU,70CM,RB0,433.000000,434.600000,MULTI,IO86GI,PERTH,SCOT,94.8,GM8KPH,OPERATIONAL,
GB3PW,2M,RV62,145.775000,145.175000,AV,IO82HL,NEWTOWN POWYS,WM,103.5,GW4IQP,OPERATIONAL,
GB3PX,6M,R50-07,50.780000,51.280000,AV,IO92XA,ROYSTON,SE,77,M0ZPU,OPERATIONAL,
GB3PY,70CM,RU72,430.900000,438.500000,AV,JO02AF,CAMBRIDGE,SE,77.0,M0ZPU,OPERATIONAL,
GB3PZ,70CM,RU72,430.900000,438.500000,AV,IO83XL,DUKINFIELD,NOR,82.5,G4ZPZ,OPERATIONAL,
GB3RB,70CM,RB08,433.200000,434.800000,AV,IO93IF,BOLSOVER,MIDL,71.9,G1SLE,OPERATIONAL,
GB3RC,70CM,RU69,430.862500,438.462500,AV,IO81XW,CHELTENHAM,SW,103.5,M0URF,OPERATIONAL,
GB3RD,2M,RV54,145.675000,145.075000,AV,IO91JM,READING,SW,118.8,G8DOR,OPERATIONAL,
GB3RE,70CM,RB11,433.275000,434.875000,AV,JO01HH,MAIDSTONE,SE,103.5,G6RVS,OPERATIONAL,
GB3RF,2M,RV62,145.775000,145.175000,MULTI,IO83TR,ACCRINGTON,NOR,82.5,M0NFI,OPERATIONAL,
GB3RH,70CM,RB11,433.275000,434.875000,AV,IO80MS,AXMINSTER,SW,94.8,G6WWY,OPERATIONAL,
GB3RO,70CM,RU66,430.825000,438.425000,AV,IO83UQ,HASLINGDEN,NOR,82.5,M0LMN,OPERATIONAL,
GB3RR,70CM,RU68,430.850000,438.450000,AV,IO82XL,DUDLEY,MIDL,67.0,G8PYT,OPERATIONAL,
GB3RU,70CM,RB11,433.275000,434.875000,AV,IO91LK,READING,SW,118.8,G8DOR,OPERATIONAL,
GB3RW,2M,RV48,145.600000,145.000000,AV,IO90SU,WORTHING,SE,88.5,G4WTV,OPERATIONAL,
GB3SA,70CM,RU77,430.962500,438.562500,AV,IO92RP,STAMFORD,MIDL,82.5,G8IOA,OPERATIONAL,
GB3SC,70CM,RU69,430.862500,438.462500,AV,IO92ES,BURTON-UPON-TRENT,MIDL,67.0,G8EKG,OPERATIONAL,
GB3SD,70CM,RB14,433.350000,434.950000,AV,IO80SQ,WEYMOUTH,SW,71.9,G0ECX,OPERATIONAL,
GB3SE,23CM,RM03,1297.075000,1291.075000,AV,IO83WA,STOKE ON TRENT,MIDL,103.5,G8NSS,OPERATIONAL,
GB3SF,2M,RV50,145.625000,145.025000,MULTI,IO86HK,PERTH,SCOT,,GM3NFO,OPERATIONAL,
GB3SG,70CM,RU73,430.912500,438.512500,AV,IO81VR,STROUD,SW,118.8,G1MAW,OPERATIONAL,
GB3SH,2M,RV53,145.662500,145.062500,AV,IO90IV,SOUTHAMPTON,SW,71.9,G4MYS,OPERATIONAL,
GB3SI,2M,RV50,145.625000,145.025000,AV,IO70JB,HELSTON,SW,,M1ERD,OPERATIONAL,
GB3SJ,2M,RV55,145.687500,145.087500,AV,IO83RF,NORTHWICH,NOR,103.5,M0WTX,OPERATIONAL,
GB3SK,70CM,RB06,433.150000,434.750000,AV,JO01MH,CANTERBURY,SE,103.5,G6DIK,OPERATIONAL,
GB3SL,6M,R50-02,50.730000,51.230000,AV,IO75XX,KILSYTH,SCOT,103.5,GM4COX,OPERATIONAL,
GB3SM,70CM,RB13,433.325000,434.925000,AV,IO93BA,STOKE ON TRENT,MIDL,103.5,G4SCY,OPERATIONAL,
GB3SN,2M,RV58,145.725000,145.125000,AV,IO91LC,ALTON HANTS,SW,71.9,G4EPX,OPERATIONAL,
GB3SO,70CM,RB0,433.000000,434.600000,MULTI,JO03AR,WITHERNSEA,NOR,71.9,M0MFP,OPERATIONAL,
GB3SP,70CM,RB04,433.100000,434.700000,MULTI,IO71NQ,PEMBROKE,WM,94.8,GW3XJQ,OPERATIONAL,
GB3SR,70CM,RU73,430.912500,438.512500,AV,JO03CB,SKEGNESS,MIDL,71.9,G7UVD,OPERATIONAL,
GB3SS,2M,RV48,145.600000,145.000000,MULTI,IO87MO,ELGIN MORAY,SCOT,67,GM4ILS,OPERATIONAL,
GB3ST,70CM,RB09,433.225000,434.825000,AV,IO83WA,STOKE ON TRENT,MIDL,103.5,G8NSS,OPERATIONAL,
GB3SU,70CM,RB08,433.200000,434.800000,AV,IO90IV,SOUTHAMPTON,SW,71.9,G4MYS,OPERATIONAL,
GB3SV,2M,RV49,145.612500,145.012500,AV,IO82WS,STAFFORD,MIDL,94.8,G7PFT,OPERATIONAL,
GB3SW,2M,RV57,145.712500,145.112500,AV,IO80JQ,SIDMOUTH,SW,77,G6XUV,OPERATIONAL,
GB3SX,6M,R50-08,50.790000,51.290000,AV,IO93BA,STOKE ON TRENT,MIDL,103.5,G4SCY,OPERATIONAL,
GB3SY,70CM,RB06,433.150000,434.750000,AV,IO93EN,BARNSLEY,NOR,71.9,G8POK,OPERATIONAL,
GB3TA,2M,RV59,145.737500,145.137500,AV,IO92DP,TAMWORTH,MIDL,67,M0TSD,NOT OPERATIONAL,
GB3TD,70CM,UR63,438.387500,430.787500,AV,IO91DL,SWINDON,SW,118.8,G4XUT,OPERATIONAL,
GB3TE,2M,RV49,145.612500,145.012500,AV,JO01OU,FRINTON ON SEA,SE,67,G0MBA,OPERATIONAL,
GB3TF,70CM,RB08,433.200000,434.800000,MULTI,IO82RP,TELFORD,WM,103.5,M0JZH,OPERATIONAL,
GB3TH,70CM,RB15,433.375000,434.975000,MULTI,IO92DP,TAMWORTH,MIDL,67,G8YUQ,NOT OPERATIONAL,
GB3TJ,70CM,RB12,433.300000,434.900000,MULTI,IO85XA,CORBRIDGE,NOR,118.8,M0TKF,OPERATIONAL,
GB3TP,2M,RV58,145.725000,145.125000,AV,IO93CT,SHIPLEY,NOR,82.5,G8ZMG,OPERATIONAL,
GB3TR,2M,RV52,145.650000,145.050000,AV,IO80FM,TORQUAY,SW,94.8,G8XST,OPERATIONAL,
GB3TS,70CM,RB07,433.175000,434.775000,MULTI,IO94GX,SUNDERLAND,NOR,118.8,G7MFN,OPERATIONAL,
GB3TU,70CM,RB09,433.225000,434.825000,AV,IO91PS,TRING HERTS,SW,77,M0ZPU,OPERATIONAL,
GB3TW,2M,RV58,145.725000,145.125000,MULTI,IO94EW,GATESHEAD,NOR,118.8,M0MNE,NOT OPERATIONAL,
GB3TX,10M,10M,29.650000,29.550000,AV,JO02QP,NORWICH,SE,94.8,M0ZAH,OPERATIONAL,
GB3UB,70CM,RB04,433.100000,434.700000,AV,IO81UJ,BATH AVON,SW,118.8,G4KVI,OPERATIONAL,
GB3UK,2M,RV49,145.612500,145.012500,MULTI,IO94FV,WASHINGTON,NOR,10,G1LBU,OPERATIONAL,
GB3UL,70CM,RB02,433.050000,434.650000,AV,IO74CO,BELFAST  N.I.,NI,110.9,MI1VOX,OPERATIONAL,
GB3UM,6M,R50-03,50.740000,51.240000,AV,IO92IQ,MARKFIELD,MIDL,77,M1NAS,OPERATIONAL,
GB3UO,70CM,RU76,430.950000,438.550000,MULTI,IO83LA,WREXHAM,WM,110.9,GW0WZZ,OPERATIONAL,
GB3UP,70CM,RU73,430.912500,438.512500,AV,IO71MX,FISHGUARD,WM,94.8,GW6TKK,OPERATIONAL,
GB3US,70CM,RB0,433.000000,434.600000,AV,IO93GI,SHEFFIELD,NOR,103.5,M0RFT,OPERATIONAL,
GB3VA,2M,RV56,145.700000,145.100000,AV,IO91LT,BRILL,SW,118.8,G8GQJ,OPERATIONAL,
GB3VE,70CM,RB04,433.100000,434.700000,DSTAR,IO84SQ,DUFTON,NOR,77.0,G0TNF,NOT OPERATIONAL,
GB3VH,70CM,RB13,433.325000,434.925000,AV,IO91VT,WELWYN GARDEN CITY,SE,82.5,G4THF,OPERATIONAL,
GB3VI,6M,R50-15,50.860000,51.360000,AV,IO82XL,DUDLEY,MIDL,67.0,G8PYT,NOT OPERATIONAL,
GB3VM,2M,RV49,145.612500,145.012500,MULTI,IO82QJ,TENBURY WELLS,WM,103.5,G8XYJ,OPERATIONAL,
GB3VN,70CM,RU74,430.925000,438.525000,MULTI,IO82QI,LUDLOW,WM,103.5,G4OYX,OPERATIONAL,
GB3VO,2M,RV51,145.637500,145.037500,MULTI,IO83LA,WREXHAM,WM,110.9,GW0WZZ,OPERATIONAL,
GB3VS,70CM,RB03,433.075000,434.675000,AV,IO80LX,TAUNTON,SW,94.8,G4UVZ,NOT OPERATIONAL,
GB3VT,2M,RV58,145.725000,145.125000,DSTAR,IO83WA,STOKE ON TRENT,MIDL,103.5,G8NSS,OPERATIONAL,
GB3VW,70CM,RU65,430.812500,438.412500,AV,JO02NN,WYMONDHAM,SE,82.5,M0ZAH,OPERATIONAL,
GB3WA,70CM,RU70,430.875000,438.475000,AV,IO75OR,DALRY,SCOT,103.5,GM7GDE,OPERATIONAL,
GB3WB,70CM,RB12,433.300000,434.900000,AV,IO81MH,WESTON-SUPER-MARE,SW,94.8,G1VSX,OPERATIONAL,
GB3WC,23CM,RM15,1297.375000,1291.375000,AV,IO93EP,WAKEFIELD,NOR,82.5,G1XCC,OPERATIONAL,
GB3WD,2M,RV56,145.700000,145.100000,AV,IO80AK,IVYBRIDGE,SW,77,M0ZCP,OPERATIONAL,
GB3WE,2M,RV55,145.687500,145.087500,MULTI,IO81MH,WESTON-SUPER-MARE,SW,94.8,G4SZM,OPERATIONAL,
GB3WF,70CM,RB14,433.350000,434.950000,MULTI,IO93DV,OTLEY,NOR,82.5,M0SNW,OPERATIONAL,
GB3WG,70CM,RU70,430.875000,438.475000,MULTI,IO81CP,PORT TALBOT,WM,94.8,MW0HAC,OPERATIONAL,
GB3WH,2M,RV52,145.650000,145.050000,AV,IO91EM,SWINDON,SW,118.8,G4LDL,OPERATIONAL,
GB3WI,70CM,RB15,433.375000,434.975000,MULTI,JO02BP,WISBECH,SE,94.8,M0DUQ,OPERATIONAL,
GB3WK,2M,RV62,145.775000,145.175000,AV,IO92FH,LEAMINGTON SPA,MIDL,67,G6FEO,NOT OPERATIONAL,
GB3WL,70CM,RU76,430.950000,438.550000,MULTI,IO92BJ,WYTHALL,MIDL,67.0,G3YXM,OPERATIONAL,
GB3WM,70CM,RB02,433.050000,434.650000,MULTI,IO92AJ,LONGBRIDGE,MIDL,67,M0JZT,OPERATIONAL,
GB3WN,70CM,UR63,438.387500,430.787500,AV,IO82XP,WOLVERHAMPTON,MIDL,67.0,G8NDT,NOT OPERATIONAL,
GB3WO,70CM,RU78,430.975000,438.575000,AV,IO90TT,WORTHING,SE,88.5,M0IAD,NOT OPERATIONAL,
GB3WQ,70CM,RU71,430.887500,438.487500,AV,IO84FN,WHITEHAVEN,NOR,77.0,G0NIS,NOT OPERATIONAL,
GB3WR,2M,RV48,145.600000,145.000000,AV,IO81PH,CHEDDAR,SW,94.8,G4RKY,OPERATIONAL,
GB3WS,2M,RV60,145.750000,145.150000,AV,IO91WB,CRAWLEY SUSSEX,SE,88.5,G4EFO,OPERATIONAL,
GB3WT,2M,RV62,145.775000,145.175000,AV,IO64JQ,OMAGH,NI,110.9,GI3NVW,OPERATIONAL,
GB3WU,70CM,RU66,430.825000,438.425000,AV,IO82VE,WORCESTER,WM,118.8,G8TIC,OPERATIONAL,
GB3WW,2M,RV62,145.775000,145.175000,MULTI,IO81CP,PORT TALBOT,WM,94.8,MW0HAC,OPERATIONAL,
GB3WX,6M,R50-12,50.830000,51.330000,AV,JO02NN,WYMONDHAM,SE,94.8,M0ZAH,NOT OPERATIONAL,
GB3WY,6M,R50-09,50.800000,51.300000,AV,IO93EP,WAKEFIELD,NOR,82.5,G1XCC,OPERATIONAL,
GB3XD,6M,R50-02,50.730000,51.230000,AV,IO93WH,LOUTH,MIDL,71.9,G7AJP,OPERATIONAL,
GB3XL,70CM,RU71,430.887500,438.487500,MULTI,IO93CT,SHIPLEY,NOR,82.5,M0IRK,DMR ONLY,
GB3XN,70CM,RU74,430.925000,438.525000,AV,IO93KJ,WORKSOP,MIDL,71.9,G3XXN,OPERATIONAL,
GB3XP,2M,RV55,145.687500,145.087500,MULTI,IO91VJ,MORDEN,SE,82.5,M0SGL,REDUCED OUTPUT,
GB3XS,6M,R50-14,50.850000,51.350000,AV,IO92MG,NORTHAMPTON,MIDL,77.0,G7SYT,REDUCED OUTPUT,
GB3XV,70CM,DVU-R20,430.250000,439.250000,DM FUSION,IO92KG,DAVENTRY,MIDL,,G8KHF,REDUCED OUTPUT,
GB3XX,70CM,RU73,430.912500,438.512500,MULTI,IO92KG,DAVENTRY,MIDL,77.0,G8KHF,OPERATIONAL,
GB3XZ,23CM,RM1,1297.025000,1291.025000,MULTI,IO92KG,DAVENTRY,MIDL,77.0,G8KHF,OPERATIONAL,
GB3YA,2M,RV57,145.712500,145.112500,AV,IO81LP,CWMBRAN,WM,94.8,MW0YAC,OPERATIONAL,
GB3YC,2M,RV60,145.750000,145.150000,AV,IO94SE,FILEY,NOR,88.5,M0KXQ,REDUCED OUTPUT,
GB3YL,70CM,RB14,433.350000,434.950000,AV,JO02UL,LOWESTOFT,SE,94.8,G4RKP,OPERATIONAL,
GB3YW,2M,RV63,145.787500,145.187500,AV,IO93EP,WAKEFIELD,NOR,82.5,G1XCC,OPERATIONAL,
GB3ZA,2M,RV59,145.737500,145.137500,MULTI,IO82PB,HEREFORD,WM,118.8,G0JWJ,OPERATIONAL,
GB3ZB,70CM,RU66,430.825000,438.425000,AV,IO81QJ,BRISTOL,SW,77,G4RKY,OPERATIONAL,
GB3ZI,70CM,RU78,430.975000,438.575000,MULTI,IO82WT,STAFFORD,MIDL,103.5,G4YFF,OPERATIONAL,
GB3ZN,2M,RV51,145.637500,145.037500,AV,IO94GX,SOUTH SHIELDS ,NOR,118.8,M0OMT ,OPERATIONAL,
GB3ZW,6M,R50-10,50.810000,51.310000,AV,IO82HL,NEWTOWN POWYS,WM,103.5,GW4IQP,OPERATIONAL,
GB3ZX,70CM,RU66,430.825000,438.425000,AV,JO00CT,EASTBOURNE,SE,88.5,G6ZZX,OPERATIONAL,
GB3ZY,6M,R50-09,50.800000,51.300000,AV,IO81QJ,BRISTOL,SW,77,G4RKY,OPERATIONAL,
GB7AA,70CM,DVU54,439.675000,430.675000,DM DMR,IO81RO,BRISTOL,SW,1,G4CJZ,OPERATIONAL,
GB7AB,70CM,DVU53,439.662500,430.662500,DV,IO87VD,ABERDEEN,SCOT,,GM7KBK,OPERATIONAL,
GB7AC,70CM,RU76,430.950000,438.550000,MULTI,IO87NU,LARGS,SCOT,3,GM7RYR,OPERATIONAL,
GB7AD,70CM,DVU61,439.762500,430.762500,DSTAR,IO81RO,BRISTOL,SW,,G4CJZ,OPERATIONAL,
GB7AE,70CM,DVU34,439.425000,430.425000,DSTAR,IO91CJ,MARLBOROUGH,SW,3,M1CJE,OPERATIONAL,
GB7AG,70CM,RU72,430.900000,438.500000,MULTI,IO86NR,FORFAR,SCOT,94.8,GM1TCN,OPERATIONAL,
GB7AL,70CM,DVU32,439.400000,430.400000,DV,JO02RD,IPSWICH,SE,2,M1NIZ,OPERATIONAL,
GB7AM,2M,RV53,145.662500,145.062500,MULTI,IO83WI,HIGHER POYNTON,NOR,,G1DVA,OPERATIONAL,
GB7AN,70CM,DVU37,439.462500,430.462500,DV,IO83TS,ACCRINGTON ,NOR,,M0NFI,OPERATIONAL,
GB7AR,70CM,DVU42,439.525000,430.525000,MULTI,JO01DI,NEW ASH GREEN,SE,15,G6VBJ,OPERATIONAL,
GB7AS,70CM,DVU34,439.425000,430.425000,DV,JO01KD,ASHFORD,SE,3,M1CMN,OPERATIONAL,
GB7AU,70CM,DVU56,439.700000,430.700000,MULTI,IO91GP,AMERSHAM,SW,,M0ZPU,OPERATIONAL,
GB7AV,70CM,DVU35,439.437500,430.437500,DV,IO91OT,AYLESBURY,SW,3,G0RAS,OPERATIONAL,
GB7AY,70CM,DVU36,439.450000,430.450000,MULTI,IO75TQ,KILMARNOCK,SCOT,1,GM0ONX,OPERATIONAL,
GB7BA,70CM,DVU61,439.762500,430.762500,DV,IO93CS,BRADFORD,NOR,13,G1XCC,OPERATIONAL,
GB7BB,70CM,DVU57,439.712500,430.712500,MULTI,IO87QP,BANFF,SCOT,1,MM0BUH,OPERATIONAL,
GB7BC,70CM,DVU52,439.650000,430.650000,MULTI,IO90WT,BRIGHTON,SE,3,G7TXU,OPERATIONAL,
GB7BD,70CM,RU76,430.950000,438.550000,DV,IO81QJ,BRISTOL,SW,3,G4RKY,OPERATIONAL,
GB7BE,70CM,DVU53,439.662500,430.662500,DSTAR,JO02TK,BECCLES,SE,,M0JGX,OPERATIONAL,
GB7BF,70CM,DVU-R24,430.300000,439.300000,MULTI,IO83LU,BLACKPOOL,NOR,5,M0DKR,OPERATIONAL,
GB7BH,70CM,DVU46,439.575000,430.575000,MULTI,IO90WU,BRIGHTON,SE,4,G7TXU,OPERATIONAL,
GB7BI,70CM,DVU53,439.662500,430.662500,DV,IO77RM,MUIR OF ORD,SCOT,1,GM0UDL,OPERATIONAL,
GB7BJ,70CM,DVU59,439.737500,430.737500,DV,IO82TC,MALVERN,WM,13,G3PWJ,OPERATIONAL,
GB7BK,70CM,DVU59,439.737500,430.737500,DV,IO91JM,READING,SW,3,G8DOR,OPERATIONAL,
GB7BL,70CM,DVU54,439.675000,430.675000,MULTI,IO84VV,ALLENDALE,NOR,5,M0UKB,OPERATIONAL,
GB7BM,70CM,DVU32,439.400000,430.400000,MULTI,IO92BL,BIRMINGHAM,MIDL,3,G8VIQ,OPERATIONAL,
GB7BN,70CM,DVU47,439.587500,430.587500,MULTI,IO90PT,BOGNOR REGIS,SE,3,G0TJH,OPERATIONAL,
GB7BP,70CM,DVU36,439.450000,430.450000,DSTAR,IO91PX,MILTON KEYNES,SW,,M1ACB,OPERATIONAL,
GB7BR,70CM,RU74,430.925000,438.525000,DV,IO74TI,RAMSEY IOM,NOR,3,GD4HOZ,OPERATIONAL,
GB7BS,70CM,DVU13,439.162500,430.162500,DV,IO81TK,BRISTOL,SW,3,G4SDR,OPERATIONAL,
GB7BX,70CM,DVU35,439.437500,430.437500,DV,IO82QL,CLEOBURY NORTH,WM,11,G4VZO,OPERATIONAL,
GB7BZ,70CM,DVU33,439.412500,430.412500,DSTAR,IO92QF,BOZEAT,MIDL,,M5WOB,NOT OPERATIONAL,
GB7CA,70CM,RU74,430.925000,438.525000,DV,IO74SD,DOUGLAS,NOR,2,GD4HOZ,OPERATIONAL,
GB7CB,70CM,DVU57,439.712500,430.712500,DV,IO85DU,BATHGATE,SCOT,4,GM7RYR,OPERATIONAL,
GB7CC,70CM,DVU-R22,430.275000,439.275000,DV,IO81XW,CHELTENHAM,SW,2,G8WVW,OPERATIONAL,
GB7CD,70CM,DVU56,439.700000,430.700000,DSTAR,IO81JL,CARDIFF,WM,,GW6CUR,OPERATIONAL,
GB7CE,70CM,DVU49,439.612500,430.612500,DV,JO01NT,GREAT CLACTON,SE,,G0DZZ,OPERATIONAL,
GB7CF,70CM,DVU50,439.625000,430.625000,DV,IO90LW,CLANFIELD,SW,3,M0PPR,OPERATIONAL,
GB7CG,2M,RV57,145.712500,145.112500,MULTI,IO92QA,WOBURN SANDS,SW,77.0,G0WTZ,OPERATIONAL,
GB7CK,70CM,DVU59,439.737500,430.737500,DV,JO01OC,FOLKESTONE,SE,3,M1CMN,OPERATIONAL,
GB7CL,70CM,DVU51,439.637500,430.637500,DV,JO01OU,FRINTON ON SEA,SE,3,G0MBA,OPERATIONAL,
GB7CM,2M,RV56,145.700000,145.100000,MULTI,IO80WU,BLANDFORD,SW,71.9,M0MRP,OPERATIONAL,
GB7CO,70CM,DVU39,439.487500,430.487500,MULTI,IO90JU,FAREHAM,SW,3,G3ZDF,OPERATIONAL,
GB7CP,70CM,RU66,430.825000,438.425000,DM FUSION,IO91RO,SLOUGH,SW,77.0,M0WAQ,OPERATIONAL,
GB7CQ,70CM,DVU49,439.612500,430.612500,MULTI,IO90SU,WORTHING,SE,4,G4WTV,OPERATIONAL,
GB7CS,70CM,DVU62,439.775000,430.775000,DV,IO75VU,GLASGOW,SCOT,,GM7GDE,OPERATIONAL,
GB7CT,2M,RV51,145.637500,145.037500,DV,IO91PS,TRING,SW,3,M0ZPU,NOT OPERATIONAL,
GB7CV,70CM,DVU-R23,430.287500,439.287500,DV,IO92GK,COVENTRY,MIDL,5,G4USP,OPERATIONAL,
GB7CX,70CM,RU69,430.862500,438.462500,MULTI,IO65OD,COLERAINE,NI,12,MI0PKO,OPERATIONAL,
GB7CY,70CM,DVU50,439.625000,430.625000,DV,IO94DR,CROOK,NOR,,G0OCB,OPERATIONAL,
GB7CZ,70CM,DVU40,439.500000,430.500000,DV,IO94DR,CROOK,NOR,10,G0OCB,OPERATIONAL,
GB7DA,2M,RV62,145.775000,145.175000,MULTI,IO85AV,AIRDRIE,SCOT,1,GM4AUP,OPERATIONAL,
GB7DB,70CM,DVU53,439.662500,430.662500,DV,IO92QA,WOBURN SANDS,SW,3,G0WTZ,OPERATIONAL,
GB7DC,70CM,RU70,430.875000,438.475000,MULTI,IO92GW,DERBY,MIDL,71.9,G7NPW,REDUCED OUTPUT,
GB7DD,70CM,DVU53,439.662500,430.662500,MULTI,IO86NL,DUNDEE,SCOT,1,MM0DUN,OPERATIONAL,
GB7DE,2M,RV51,145.637500,145.037500,DV,IO85JW,EDINBURGH,SCOT,1,GM7RYR,OPERATIONAL,
GB7DH,70CM,DVU47,439.587500,430.587500,MULTI,IO83RF,NORTHWICH,NOR,,M0XDR,OPERATIONAL,
GB7DJ,70CM,DVU53,439.662500,430.662500,DV,IO83RF,NORTHWICH,NOR,3,M0WTX,OPERATIONAL,
GB7DK,2M,RV55,145.687500,145.087500,MULTI,IO74LV,STRANRAER,SCOT,103.5,GM0HPK,OPERATIONAL,
GB7DK-B,70CM,DVU52,439.650000,430.650000,DSTAR,IO74LV,STRANRAER,SCOT,,GM0HPK,OPERATIONAL,
GB7DL,70CM,DVU54,439.675000,430.675000,DSTAR,JO03DD,SKEGNESS,MIDL,,G4HFG,OPERATIONAL,
GB7DM,70CM,DVU60,439.750000,430.750000,MULTI,IO86NL,MONIFIETH,SCOT,1,MM0DRA,OPERATIONAL,
GB7DN,70CM,DVU33,439.412500,430.412500,DSTAR,IO64MW,DUNGIVEN,NI,,GI0AZB,OPERATIONAL,
GB7DO,70CM,DVU56,439.700000,430.700000,DV,IO93LO,DONCASTER,NOR,2,G0WDA,NOT OPERATIONAL,
GB7DP,70CM,DVU47,439.587500,430.587500,DV,IO71MV,TREFFGARNE,WM,3,MW0XDN,NOT OPERATIONAL,
GB7DR,70CM,DVU34,439.425000,430.425000,DV,IO90AR,POOLE,SW,5,G7ICH,OPERATIONAL,
GB7DS,70CM,DVU34,439.425000,430.425000,MULTI,JO02PP,NORWICH,SE,1,M0ZAH,OPERATIONAL,
GB7DV,70CM,DVU49,439.612500,430.612500,DSTAR,IO83QJ,ST. HELENS,NOR,,G1DVA,OPERATIONAL,
GB7DX,70CM,DVU56,439.700000,430.700000,DV,JO00LW,NEW ROMNEY,SE,3,G0GCQ,OPERATIONAL,
GB7DY,70CM,DVU46,439.575000,430.575000,DV,IO82WL,DUDLEY,MIDL,11,G4VZO,OPERATIONAL,
GB7DZ,70CM,RB02,433.050000,434.650000,MULTI,IO83VC,CONGLETON,NOR,103.5,M0XDR,OPERATIONAL,
GB7EA,70CM,DMU30,439.375000,430.375000,MULTI,IO75SV,ERSKINE,SCOT,1,MM0PAZ,OPERATIONAL,
GB7EB,70CM,DVU46,439.575000,430.575000,DV,JO02TK,BECCLES,SE,2,M0JGX,OPERATIONAL,
GB7EC,70CM,RU74,430.925000,438.525000,DV,IO87WD,ABERDEEN ,SCOT,11,GM7RYR,OPERATIONAL,
GB7ED,70CM,DVU54,439.675000,430.675000,DV,IO80GR,EXETER,SW,5,M0ZZT,OPERATIONAL,
GB7EE,70CM,RU74,430.925000,438.525000,DV,IO85JW,EDINBURGH,SCOT,1,GM7RYR,OPERATIONAL,
GB7EG,70CM,DVU61,439.762500,430.762500,DV,IO91XC,EAST GRINSTEAD,SE,2,G7KBR,OPERATIONAL,
GB7EH,70CM,RU75,430.937500,438.537500,DV,IO92GC,BANBURY,MIDL,8,G8NDT,REDUCED OUTPUT,
GB7EI,70CM,RU68,430.850000,438.450000,MULTI,IO67IN,LOCHMADDY,SCOT,88.5,GM8SAU,OPERATIONAL,
GB7EL,70CM,DVU57,439.712500,430.712500,DV,IO83VT,NELSON,NOR,2,G4BLH,OPERATIONAL,
GB7EP,70CM,DVU32,439.400000,430.400000,DV,IO91UI,EPSOM,SE,3,G0OXZ,OPERATIONAL,
GB7ER,2M,RV62,145.775000,145.175000,MULTI,IO80GR,EXETER,SW,77,M0ZZT,OPERATIONAL,
GB7ES,70CM,DVU35,439.437500,430.437500,DSTAR,JO00DT,EASTBOURNE,SE,,M0LRE,OPERATIONAL,
GB7ET,70CM,U321A,434.018750,434.018750,DV,IO91VF,REIGATE,SE,,M0IDD,NOT OPERATIONAL,
GB7EU,70CM,RU67,430.837500,438.437500,MULTI,IO85JW,EDINBURGH,SCOT,94.8,GM7RYR,OPERATIONAL,
GB7EW,70CM,DVU42,439.525000,430.525000,DV,IO80FR,EXETER,SW,3,G6ATJ,OPERATIONAL,
GB7EX,70CM,DVU57,439.712500,430.712500,DV,JO01GN,SOUTHEND ON SEA,SE,3,G8YPK,OPERATIONAL,
GB7EY,70CM,DVU41,439.512500,430.512500,MULTI,IO85NM,SELKIRK,SCOT,1,GM4AUP,OPERATIONAL,
GB7EZ,70CM,DVU62,439.775000,430.775000,DV,IO92CM,ERDINGTON,MIDL,14,M0SNR,OPERATIONAL,
GB7FD,70CM,DVU58,439.725000,430.725000,DV,IO83LV,FLEETWOOD,NOR,,M0RGV,OPERATIONAL,
GB7FE,70CM,DVU38,439.475000,430.475000,MULTI,IO86BC,STIRLING,SCOT,1,GM0MZB,OPERATIONAL,
GB7FG,70CM,RU76,430.950000,438.550000,MULTI,IO71WW,CARMARTHEN,WM,94.8,GW8KCY,OPERATIONAL,
GB7FI,70CM,RU71,430.887500,438.487500,DV,IO81OH,AXBRIDGE,SW,3,G4RKY,OPERATIONAL,
GB7FK-B,70CM,DVU54,439.675000,430.675000,DSTAR,JO01OC,FOLKESTONE,SE,,M1CMN,OPERATIONAL,
GB7FO,70CM,DVU-R22,430.275000,439.275000,DV,IO83LT,BLACKPOOL,NOR,1,G0WDA,NOT OPERATIONAL,
GB7FR,70CM,DVU40,439.500000,430.500000,DV,IO90ST,WORTHING,SE,4,G7RZU,OPERATIONAL,
GB7FT,70CM,DVU57,439.712500,430.712500,DV,IO90LT,PORTSMOUTH,SW,3,M0PPR,OPERATIONAL,
GB7FU,70CM,RU71,430.887500,438.487500,MULTI,IO93JA,NOTTINGHAM,MIDL,,G0LCG,OPERATIONAL,
GB7GB,70CM,DVU61,439.762500,430.762500,DV,IO92BM,SUTTON COLDFIELD,MIDL,8,G8NDT,NOT OPERATIONAL,
GB7GC,70CM,DVU35,439.437500,430.437500,MULTI,IO93WN,GRIMSBY,MIDL,2,G7EOG,OPERATIONAL,
GB7GD,2M,RV55,145.687500,145.087500,MULTI,IO87WE,ABERDEEN,SCOT,1,MM0RDM,OPERATIONAL,
GB7GF,70CM,DVU55,439.687500,430.687500,DV,IO91RF,GUILDFORD,SE,3,G4EML,OPERATIONAL,
GB7GG,70CM,DVU50,439.625000,430.625000,MULTI,IO85AV,AIRDRIE,SCOT,1,GM4AUP,OPERATIONAL,
GB7GJ,70CM,RU72,430.900000,438.500000,MULTI,IN89WE,ST HELIER,SW,88.5,GJ8PVL,OPERATIONAL,
GB7GL,70CM,RU68,430.850000,438.450000,DV,IO75VV,GLASGOW,SCOT,7,GM7RYR,OPERATIONAL,
GB7GP,70CM,DVU52,439.650000,430.650000,MULTI,IO91PP,HIGH WYCOMBE,SW,5,M0GUY,OPERATIONAL,
GB7GR,70CM,DVU36,439.450000,430.450000,MULTI,IO92QW,GRANTHAM,MIDL,5,G6SSN,OPERATIONAL,
GB7GS,70CM,DVU36,439.450000,430.450000,MULTI,JO02EO,DOWNHAM MARKET,SE,3,G0FHM,OPERATIONAL,
GB7GT,70CM,DVU33,439.412500,430.412500,DV,IO82QJ,CLEE HILL,WM,13,G3PWJ,OPERATIONAL,
GB7GW,70CM,RU65,430.812500,438.412500,MULTI,IO94FV,WASHINGTON,NOR,10,G1LBU,OPERATIONAL,
GB7GY,70CM,DVU55,439.687500,430.687500,DV,IN89RL,ST. PETER PORT,SW,5,GU7DAI,OPERATIONAL,
GB7HA,70CM,DVU34,439.425000,430.425000,DV,IO91TU,HARPENDEN,SE,,G7HMV,OPERATIONAL,
GB7HB,70CM,DVU50,439.625000,430.625000,DV,IO64TI,TANDRAGEE,NI,1,MI0IRZ,OPERATIONAL,
GB7HC,70CM,DVU42,439.525000,430.525000,DV,IO82PA,HEREFORD,WM,5,G3PWJ,OPERATIONAL,
GB7HE,70CM,DVU43,439.537500,430.537500,DSTAR,JO00HV,HASTINGS,SE,,M0HOW,NOT OPERATIONAL,
GB7HH,70CM,DVU60,439.750000,430.750000,MULTI,JO01CN,ROMFORD,SE,3,M0UPM,OPERATIONAL,
GB7HI,70CM,DVU59,439.737500,430.737500,MULTI,IO64XN,LISBURN,NI,1,GI6DKQ,OPERATIONAL,
GB7HM,70CM,DVU51,439.637500,430.637500,DV,IO83LC,CAERGWRLE,WM,1,G1SYG,OPERATIONAL,
GB7HN,70CM,RU70,430.875000,438.475000,AV,IO83RL,LEIGH,NOR,82.5,M0HOY,OPERATIONAL,
GB7HR,70CM,DVU36,439.450000,430.450000,DV,IO91SL,HEATHROW,SE,3,G0OXZ,OPERATIONAL,
GB7HS,70CM,DVU34,439.425000,430.425000,DV,IO83XR,HEPTONSTALL,NOR,2,G1XCC,OPERATIONAL,
GB7HT,70CM,DVU59,439.737500,430.737500,DV,IO95FE,ASHINGTON,NOR,10,G4NAB,OPERATIONAL,
GB7HU,70CM,DVU39,439.487500,430.487500,DSTAR,IO93RS,SOUTH CAVE,NOR,,G0VRM,OPERATIONAL,
GB7HX,70CM,DVU46,439.575000,430.575000,MULTI,IO93BP,HUDDERSFIELD,NOR,1,G0ISX,OPERATIONAL,
GB7IC-A,23CM,23CM,1290.650000,1270.650000,DSTAR,JO01NI,HERNE BAY,SE,,G4TKR,OPERATIONAL,
GB7IC-B,70CM,DVU36,439.450000,430.450000,DSTAR,JO01NI,HERNE BAY,SE,,G4TKR,OPERATIONAL,
GB7IC-C,2M,RV53,145.662500,145.062500,MULTI,JO01NI,HERNE BAY,SE,,G4TKR,OPERATIONAL,
GB7IE,2M,RV54,145.675000,145.075000,MULTI,IO70WJ,PLYMOUTH,SW,77,G1LOE,OPERATIONAL,
GB7II,70CM,DVU36,439.450000,430.450000,DV,IO77UL,INVERNESS,SCOT,3,GM6GRE,OPERATIONAL,
GB7IK,70CM,DVU43,439.537500,430.537500,DV,JO01FJ,ROCHESTER,SE,3,G6CKK,OPERATIONAL,
GB7IL,2M,RV53,145.662500,145.062500,DV,IO77UL,INVERNESS,SCOT,5,GM6GRE,OPERATIONAL,
GB7IN,70CM,DVU52,439.650000,430.650000,DV,IO93GD,ALFRETON,MIDL,1,G0LCG,OPERATIONAL,
GB7IP,2M,RV52,145.650000,145.050000,DV,IO92KP,LEICESTER,MIDL,1,M1FJB,OPERATIONAL,
GB7IS,70CM,DVU43,439.537500,430.537500,DV,IO81MH,WESTON-SUPER-MARE,SW,,G4SZM,OPERATIONAL,
GB7IT,70CM,DVU41,439.512500,430.512500,DV,IO81MH,WESTON-SUPER-MARE,SW,1,G4SZM,OPERATIONAL,
GB7IV,2M,RV62,145.775000,145.175000,DSTAR,IO90IV,SOUTHAMPTON,SW,,G4MYS,OPERATIONAL,
GB7JB,70CM,DVU37,439.462500,430.462500,DV,IO81TB,WINCANTON,SW,1,G3ZXX,NOT OPERATIONAL,
GB7JD,70CM,DVU33,439.412500,430.412500,MULTI,IO85RL,JEDBURGH,SCOT,1,GM4UPX,OPERATIONAL,
GB7JF,70CM,DVU51,439.637500,430.637500,DSTAR,IO92NE,NORTHAMPTON,MIDL,,G1IRG,NOT OPERATIONAL,
GB7JI,70CM,RU68,430.850000,438.450000,DM DSTAR,IN89WE,ST HELIER,SW,2,GJ8PVL,OPERATIONAL,
GB7JL,70CM,RU77,430.962500,438.562500,MULTI,IO83QL,WIGAN,NOR,82.5,G1EFU,OPERATIONAL,
GB7JM,70CM,DVU47,439.587500,430.587500,MULTI,JO03BI,ALFORD,MIDL,3,M0AQC,OPERATIONAL,
GB7KB,2M,RV52,145.650000,145.050000,DV,JO00CX,HEATHFIELD,SE,3,G1ERJ,OPERATIONAL,
GB7KD,70CM,DVU55,439.687500,430.687500,DV,JO00DV,HAILSHAM,SE,3,G1ERJ,OPERATIONAL,
GB7KK,70CM,RU74,430.925000,438.525000,MULTI,IO65VE,BALLYCASTLE,NI,1,MI0CRR,OPERATIONAL,
GB7KL,70CM,RU70,430.875000,438.475000,MULTI,IO84RD,KIRKBY LONSDALE,NOR,110.9,M1JCB,NOT OPERATIONAL,
GB7KN,70CM,DVU35,439.437500,430.437500,MULTI,IO85HV,EDINBURGH,SCOT,1,GM7HHB,OPERATIONAL,
GB7KP,70CM,DVU46,439.575000,430.575000,MULTI,IO74DM,COMBER,NI,1,GI0VKP,OPERATIONAL,
GB7KR,70CM,DVU-R24,430.300000,439.300000,DV,IO82UJ,KIDDERMINSTER,WM,8,G0EWH,OPERATIONAL,
GB7KS,70CM,DVU-R20,430.250000,439.250000,DV,IO81VR,STROUD,SW,2,G1MAW,NOT OPERATIONAL,
GB7KT,70CM,DVU40,439.500000,430.500000,DV,IO91GE,ANDOVER,SW,1,G8FHI,OPERATIONAL,
GB7KU,70CM,DVU42,439.525000,430.525000,MULTI,IO92TT,BOURNE,MIDL,5,G6SSN,OPERATIONAL,
GB7KY,70CM,DVU52,439.650000,430.650000,MULTI,IO86JC,KIRKCALDY,SCOT,1,GM0MMN,OPERATIONAL,
GB7LD,70CM,DVU35,439.437500,430.437500,DV,IO83PQ,LEYLAND,NOR,15,M0XRS,OPERATIONAL,
GB7LE,70CM,DVU53,439.662500,430.662500,DV,IO93FU,LEEDS,NOR,2,G1XCC,OPERATIONAL,
GB7LF,70CM,DVU43,439.537500,430.537500,DSTAR,IO84OA,LANCASTER,NOR,,G3VVT,OPERATIONAL,
GB7LK,70CM,RU65,430.812500,438.412500,DV,IO70SM,LISKEARD,SW,5,G4RKY,OPERATIONAL,
GB7LL,70CM,DVU40,439.496875,430.496875,MULTI,IO82KW,LLANGOLLEN,WM,12,GW0NIS,NOT OPERATIONAL,
GB7LN,70CM,DVU32,439.400000,430.400000,DV,IO93RF,LINCOLN,MIDL,1,G0RZR,OPERATIONAL,
GB7LP,70CM,DVU32,439.400000,430.400000,DV,IO83MK,LIVERPOOL,NOR,1,M1SWB,OPERATIONAL,
GB7LR,70CM,DVU38,439.475000,430.475000,DV,IO92IQ,LEICESTER,MIDL,1,M1FJB,OPERATIONAL,
GB7LS,70CM,DVU32,439.400000,430.400000,MULTI,IO85NO,GALASHIELS ,SCOT,,GM7LUN,OPERATIONAL,
GB7LV,2M,RV49,145.612500,145.012500,MULTI,IO85FV,LIVINGSTON,SCOT,1,GM7HHB,OPERATIONAL,
GB7LZ,70CM,RU73,430.912500,438.512500,MULTI,IO80CV,LAPFORD,SW,77.0,G4MQQ,NOT OPERATIONAL,
GB7MB,70CM,DVU56,439.700000,430.700000,DV,IO84NB,MORECAMBE,NOR,,G0VGS,OPERATIONAL,
GB7MC,70CM,DVU43,439.537500,430.537500,MULTI,IO70NI,ST AUSTELL,SW,,M1DNS,OPERATIONAL,
GB7MD,70CM,DVU32,439.400000,430.400000,DV,IO80UT,BLANDFORD FORUM,SW,,M0RHS,OPERATIONAL,
GB7ME,70CM,DVU58,439.725000,430.725000,DV,IO92JJ,RUGBY,MIDL,3,M0IJS,OPERATIONAL,
GB7MF,70CM,DVU54,439.675000,430.675000,MULTI,IO64QR,MAGHERAFELT,NI,3,MI0JPD,OPERATIONAL,
GB7MH,70CM,DVU51,439.637500,430.637500,MULTI,IO91WC,EAST GRINSTEAD,SE,2,G3NZP,OPERATIONAL,
GB7MJ,70CM,DVU51,439.637500,430.637500,DV,IO91GA,ROMSEY,SW,5,G3KYG,OPERATIONAL,
GB7MK,70CM,DVU48,439.600000,430.600000,DV,JO02OB,IPSWICH,SE,13,M1NIZ,OPERATIONAL,
GB7MM,70CM,DVU60,439.750000,430.750000,MULTI,IO87BN,NAIRN,SCOT,5,GM0RML,OPERATIONAL,
GB7MN,70CM,DVU33,439.412500,430.412500,DV,IO83XH,STOCKPORT,NOR,2,G8NSS,OPERATIONAL,
GB7MP,70CM,DVU60,439.750000,430.750000,MULTI,IO84NB,HEYSHAM,NOR,3,G6CRV,OPERATIONAL,
GB7MR,70CM,DVU59,439.737500,430.737500,DV,IO83TP,BURY,NOR,2,G1XCC,OPERATIONAL,
GB7MS,2M,RV62,145.775000,145.175000,DV,IO94EX,NEWCASTLE UPON TYNE,NOR,10,M0DMP,OPERATIONAL,
GB7MT,70CM,DVU53,439.662500,430.662500,DV,IO90IV,SOUTHAMPTON,SW,,G4MYS,OPERATIONAL,
GB7MW,70CM,DVU39,439.487500,430.487500,MULTI,IO74BS,CARRICKFERGUS,NI,15,GI6DKQ,NOT OPERATIONAL,
GB7NA-A,23CM,RM12,1297.300000,1291.300000,DSTAR,IO93HN,BARNSLEY,NOR,,G4LUE,OPERATIONAL,
GB7NA-B,70CM,DVU36,439.450000,430.450000,DSTAR,IO93HN,BARNSLEY,NOR,,G4LUE,OPERATIONAL,
GB7NA-C,2M,RV54,145.675000,145.075000,DSTAR,IO93HN,BARNSLEY,NOR,,G4LUE,OPERATIONAL,
GB7NB,70CM,DVU55,439.687500,430.687500,DSTAR,JO02PN,NORWICH,SE,,G0LGJ,OPERATIONAL,
GB7ND,70CM,DVU33,439.412500,430.412500,DV,JO02LM,GREAT ELLINGHAM,SE,1,G0LGJ,OPERATIONAL,
GB7NE,70CM,DVU36,439.450000,430.450000,MULTI,IO95FE,ASHINGTON,NOR,3,G0UDZ,OPERATIONAL,
GB7NF,70CM,DVU39,439.487500,430.487500,DV,JO00AS,NEWHAVEN,SE,1,G0TJH,OPERATIONAL,
GB7NI,2M,RV60,145.750000,145.150000,MULTI,IO74BS,CARRICKFERGUS,NI,1,GI6DKQ,NOT OPERATIONAL,
GB7NL,70CM,DVU37,439.462500,430.462500,DSTAR,IO80FR,EXETER,SW,,M0ZZT,OPERATIONAL,
GB7NM,2M,RV59,145.737500,145.137500,MULTI,JO02LM,ATTLEBOURGH,SE,,G0LGJ,OPERATIONAL,
GB7NN,70CM,DVU60,439.750000,430.750000,DV,IO93KH,WORKSOP,MIDL,,M0GET,OPERATIONAL,
GB7NR,70CM,DVU35,439.437500,430.437500,MULTI,IO92KX,NOTTINGHAM,MIDL,1,M0VUB,OPERATIONAL,
GB7NS,70CM,DVU13,439.162500,430.162500,DV,IO91WG,CATERHAM,SE,3,G0OLX,OPERATIONAL,
GB7NT,70CM,RU74,430.925000,438.525000,MULTI,IO91IJ,NEWBURY,SW,118.8,G3WYW,OPERATIONAL,
GB7NV,70CM,RU66,430.825000,438.425000,MULTI,IO93JB,HUCKNALL,MIDL,1,M0NGT,OPERATIONAL,
GB7NW,70CM,DVU58,439.725000,430.725000,DV,IO91DN,SWINDON,SW,,G4XIB,OPERATIONAL,
GB7NY,70CM,DVU55,439.687500,430.687500,MULTI,IO64TE,BESSBROOK,NI,1,MI0PYN,OPERATIONAL,
GB7OK,2M,RV57,145.712500,145.112500,MULTI,IO91XJ,BECKENHAM,SE,3,G1HIG,NOT OPERATIONAL,
GB7OR,70CM,DVU37,439.462500,430.462500,DV,IO88LX,KIRKWALL,SCOT,1,GM4WMM,OPERATIONAL,
GB7PB,2M,RV53,145.662500,145.062500,DSTAR,IO94FR,DURHAM,NOR,,G7VIL,OPERATIONAL,
GB7PD,2M,RV59,145.737500,145.137500,MULTI,IO71OV,MAENCLOCHOG,WM,94.8,GW4OZU,OPERATIONAL,
GB7PE,70CM,DVU40,439.500000,430.500000,DV,IO92TL,PETERBOROUGH,SE,3,M0ZPU,OPERATIONAL,
GB7PF,70CM,DVU51,439.637500,430.637500,DV,IO80AN,PRINCETOWN,SW,3,G3XOU,OPERATIONAL,
GB7PI,70CM,DVU61,439.762500,430.762500,DSTAR,IO92XA,ROYSTON,SE,,M0ZPU,OPERATIONAL,
GB7PM,70CM,DVU35,439.437500,430.437500,DV,IO81PH,CHEDDAR,SW,,G4RKY,OPERATIONAL,
GB7PN,70CM,DVU34,439.425000,430.425000,DV,IO83HH,PRESTATYN,WM,1,G4NOY,OPERATIONAL,
GB7PO,70CM,DVU59,439.737500,430.737500,DV,IO90KT,PORTSMOUTH,SW,,M0VMX,OPERATIONAL,
GB7PP,70CM,DVU35,439.437500,430.437500,MULTI,JO02MG,IPSWICH,SE,1,G0FEA,OPERATIONAL,
GB7PR,70CM,U324,434.050000,434.050000,DV,IO83PS,PRESTON,NOR,,M0VXT,OPERATIONAL,
GB7PS,2M,RV55,145.687500,145.087500,DV,IO90LT,PORTSMOUTH,SW,3,M0PPR,NOT OPERATIONAL,
GB7PT,70CM,DVU57,439.712500,430.712500,MULTI,IO92XA,ROYSTON,SE,,M0ZPU,OPERATIONAL,
GB7PX,70CM,DVU62,439.775000,430.775000,MULTI,IO92XA,ROYSTON,SE,10,M0ZPU,OPERATIONAL,
GB7PY,70CM,RU74,430.925000,438.525000,DV,JO02AF,CAMBRIDGE,SE,3,M0ZPU,OPERATIONAL,
GB7RA,70CM,DVU52,439.650000,430.650000,MULTI,IO83LH,NESTON,NOR,5,M0ORA,OPERATIONAL,
GB7RB-C,2M,RV54,145.675000,145.075000,DSTAR,IO81GK,COWBRIDGE,WM,,GW6CUR,OPERATIONAL,
GB7RC,70CM,DVU-R21,430.262500,439.262500,DSTAR,IO81XW,CHELTENHAM,SW,,M0URF,OPERATIONAL,
GB7RD,70CM,DVU55,439.687500,430.687500,DV,IO70XM,YELVERTON,SW,3,G1ZKJ,OPERATIONAL,
GB7RE,70CM,DVU57,439.712500,430.712500,DV,IO93MH,RETFORD,MIDL,1,G0EAK,OPERATIONAL,
GB7RJ,70CM,DVU43,439.537500,430.537500,MULTI,IO82LW,CHIRK,WM,5,G7MHF,OPERATIONAL,
GB7RK,70CM,DVU35,439.437500,430.437500,MULTI,IO74AN,BELFAST,NI,3,MI5DAW,OPERATIONAL,
GB7RL,70CM,DVU62,439.775000,430.775000,MULTI,IO83RU,LONGRIDGE,NOR,10,G7TRL ,OPERATIONAL,
GB7RM,70CM,U324,434.050000,434.050000,DV,JO01CO,ROMFORD,SE,,M0UPM,OPERATIONAL,
GB7RN,2M,RV51,145.637500,145.037500,DSTAR,IO90JT,FAREHAM,SW,,G3ZDF,OPERATIONAL,
GB7RO,70CM,DVU-R21,430.262500,439.262500,DV,IO83UQ,HASLINGDEN,NOR,,M0LMN,OPERATIONAL,
GB7RR,70CM,DVU49,439.612500,430.612500,DV,IO92JX,NOTTINGHAM,MIDL,1,G0LCG,OPERATIONAL,
GB7RT,70CM,DVU33,439.412500,430.412500,DV,IO91QJ,SUNNINGDALE,SW,3,M0HBK,OPERATIONAL,
GB7RV,70CM,DVU50,439.625000,430.625000,DV,IO83ST,BLACKBURN,NOR,2,M0NWI,OPERATIONAL,
GB7RW,2M,RV48,145.600000,145.000000,MULTI,IO94SO,WHITBY,NOR,88.5,G4EQS,OPERATIONAL,
GB7RY,70CM,RU76,430.950000,438.550000,MULTI,JO00HW,RYE,SE,103.5,M0HOW,OPERATIONAL,
GB7SA,70CM,DVU-R24,430.300000,439.300000,DV,IO81CP,PORT TALBOT,WM,5,MW0IBF,OPERATIONAL,
GB7SB,70CM,DVU53,439.662500,430.662500,DV,IO92AJ,BIRMINGHAM,MIDL,5,M0UEM,OPERATIONAL,
GB7SC,70CM,DVU38,439.475000,430.475000,DV,IO90QT,BOGNOR REGIS,SE,3,G0AFN,OPERATIONAL,
GB7SD,70CM,DVU33,439.412500,430.412500,DV,IO80SQ,WEYMOUTH,SW,1,G3VPF,OPERATIONAL,
GB7SE,70CM,DVU38,439.475000,430.475000,DV,JO01DM,THURROCK,SE,3,M0PFX,OPERATIONAL,
GB7SF-C,2M,RV59,145.737500,145.137500,DSTAR,IO93GK,SHEFFIELD,NOR,,M1ERS,OPERATIONAL,
GB7SG,2M,RV61,145.762500,145.162500,DV,IO83MK,LIVERPOOL,NOR,1,M1SWB,OPERATIONAL,
GB7SH,70CM,RU77,430.962500,438.562500,MULTI,IO93GK,SHEFFIELD,NOR,71.9,M1ERS,OPERATIONAL,
GB7SI,70CM,DVU61,439.762500,430.762500,DV,IO83WA,LEEK,MIDL,1,G8NSS,NOT OPERATIONAL,
GB7SJ,70CM,RB07,433.175000,434.775000,MULTI,IO83RF,NORTHWICH,NOR,103.5,M0WTX,OPERATIONAL,
GB7SK,70CM,DVU37,439.462500,430.462500,DV,IO92NO,LEICESTER,MIDL,1,M1FJB,OPERATIONAL,
GB7SM,70CM,DVU47,439.587500,430.587500,MULTI,IO86OE,ST MONANS,SCOT,1,MM0DXE,OPERATIONAL,
GB7SN,70CM,DVU54,439.675000,430.675000,DV,IO93GH,SHEFFIELD,NOR,1,M1ERS,OPERATIONAL,
GB7SO,70CM,DVU42,439.525000,430.525000,MULTI,IO90KT,GOSPORT,SW,1,G7CHO,OPERATIONAL,
GB7SP,70CM,DVU60,439.750000,430.750000,DV,IO91CB,SALISBURY,SW,3,G8PCB,OPERATIONAL,
GB7SQ,70CM,DVU54,439.675000,430.675000,MULTI,IO85LU,DALKEITH,SCOT,1,MM1BJO,NOT OPERATIONAL,
GB7SR,70CM,DVU51,439.637500,430.637500,DV,IO93GK,SHEFFIELD,NOR,2,M0GAV,OPERATIONAL,
GB7SS,70CM,DVU47,439.587500,430.587500,DV,IO87IP,ELGIN,SCOT,1,GM7LSI,OPERATIONAL,
GB7ST,70CM,DVU36,439.450000,430.450000,DV,IO83WA,STOKE ON TRENT,MIDL,1,G8NSS,OPERATIONAL,
GB7SU,70CM,DVU36,439.450000,430.450000,DV,IO90IV,SOUTHAMPTON,SW,8,G4WFR,OPERATIONAL,
GB7SV,70CM,RB11,433.275000,434.875000,MULTI,IO91UW,HITCHIN,SE,82.5,G6YIQ,OPERATIONAL,
GB7SW,2M,RV51,145.637500,145.037500,DSTAR,IO81VL,CHIPPENHAM,SW,2,G0RMA,OPERATIONAL,
GB7SZ,70CM,RU75,430.937500,438.537500,AV,IO90AR,POOLE,SW,71.9,M1EZF,OPERATIONAL,
GB7TC,70CM,DVU42,439.525000,430.525000,DV,IO91DL,SWINDON,SW,2,G8VRI,OPERATIONAL,
GB7TD,70CM,DVU13,439.162500,430.162500,DV,IO93EP,WAKEFIELD,NOR,1,G1XCC,OPERATIONAL,
GB7TE,2M,RV62,145.775000,145.175000,DSTAR,JO01OT,CLACTON ON SEA,SE,,G0MBA,OPERATIONAL,
GB7TF,70CM,DVU39,439.487500,430.487500,DV,IO91QT,TRING,SE,,G7HMV,NOT OPERATIONAL,
GB7TH,70CM,DVU-R23,430.287500,439.287500,DV,JO01QJ,MARGATE,SE,5,M0LMK,OPERATIONAL,
GB7TM,70CM,DVU59,439.737500,430.737500,DV,JO02NH,EYE,SE,,G0JSV,OPERATIONAL,
GB7TP,70CM,DVU55,439.687500,430.687500,MULTI,IO93CT,SHIPLEY,NOR,1,M0IRK,OPERATIONAL,
GB7TQ,70CM,RU71,430.887500,438.487500,MULTI,IO80FM,TORQUAY,SW,94.8,G8XST,OPERATIONAL,
GB7TT,70CM,DVU40,439.503125,430.503125,DV,IO82RJ,LUDLOW,SW,,G1MAW,OPERATIONAL,
GB7TX,70CM,U321A,434.018750,434.018750,DV,JO02TK,BECCLES,SE,,M0JGX,OPERATIONAL,
GB7TY,70CM,DVU49,439.612500,430.612500,MULTI,IO84XX,HEXHAM,NOR,10,G1HZI,OPERATIONAL,
GB7UL,70CM,DVU42,439.525000,430.525000,DV,IO74BS,CARRICKFERGUS,NI,1,GI6DKQ,OPERATIONAL,
GB7VO,70CM,DVU56,439.700000,430.700000,MULTI,IO82QJ,TENBURY WELLS,WM,1,G8XYJ,OPERATIONAL,
GB7VT,70CM,,431.175000,431.175000,DV,IO83WA,STOKE-ON-TRENT,MIDL,5,G8NSS,OPERATIONAL,
GB7WA,2M,RV55,145.687500,145.087500,MULTI,IO93WM,GRIMSBY,MIDL,2,G7EOG,OPERATIONAL,
GB7WB,70CM,DVU39,439.487500,430.487500,DSTAR,IO81MH,WESTON-SUPER-MARE,SW,2,G4SZM,OPERATIONAL,
GB7WC,70CM,DVU39,439.487500,430.487500,DSTAR,IO83QI,WARRINGTON,NOR,,G4VSS,OPERATIONAL,
GB7WD,70CM,DVU57,439.712500,430.712500,DV,IO82WM,SEDGLEY,MIDL,11,G4VZO,OPERATIONAL,
GB7WF,70CM,DVU39,439.487500,430.487500,MULTI,IO82UJ,BEWDLEY,WM,13,G8OXG,OPERATIONAL,
GB7WH,70CM,DMU30,439.375000,430.375000,MULTI,IO83LB,WREXHAM,WM,110.9,M0XDR,OPERATIONAL,
GB7WI,70CM,DVU33,439.412500,430.412500,DV,IO93TR,HULL,NOR,1,M0TTL,OPERATIONAL,
GB7WK,70CM,DVU41,439.512500,430.512500,MULTI,IO91QH,WOKING,SE,15,M0MXC,OPERATIONAL,
GB7WL,70CM,DVU37,439.462500,430.462500,DV,IO91QP,AMERSHAM,SW,3,M0ZPU,OPERATIONAL,
GB7WM,70CM,DVU55,439.687500,430.687500,DV,IO83SM,ASTLEY,NOR,,G4WLI,OPERATIONAL,
GB7WN,70CM,DVU60,439.750000,430.750000,DV,IO82XP,WOLVERHAMPTON,MIDL,8,G8NDT,NOT OPERATIONAL,
GB7WR,70CM,DVU37,439.462500,430.462500,MULTI, IO82UB,GREAT MALVERN,MIDL,,M0XZS,REDUCED OUTPUT,
GB7WT,70CM,DVU48,439.600000,430.600000,MULTI,IO64HQ,OMAGH,NI,1,GI3NVW,OPERATIONAL,
GB7WV,70CM,DVU55,439.687500,430.687500,DV,IO92NL,MARKET HARBOROUGH,MIDL,2,G1IVG,OPERATIONAL,
GB7WX,70CM,DVU41,439.512500,430.512500,MULTI,IO83OE,TARVIN,NOR,3,G7NEH,OPERATIONAL,
GB7WY,70CM,DVU41,439.512500,430.512500,DSTAR,IO93FR,WAKEFIELD,NOR,,M0DUB,OPERATIONAL,
GB7XG,70CM,RU70,430.875000,438.475000,MULTI,IO86JF,GLENROTHES,SCOT,1,MM0DXE,OPERATIONAL,
GB7XX,70CM,DVU37,439.462500,430.462500,DV,IO94FW,FELLING,NOR,10,G4MSF,OPERATIONAL,
GB7XY,70CM,DVU34,439.425000,430.425000,DV,IO94EX,NEWCASTLE UPON TYNE,NOR,10,M0DMP,OPERATIONAL,
GB7YI,70CM,DVU46,439.575000,430.575000,DV,IO84WX,HEXHAM,NOR,10,G1HZI,OPERATIONAL,
GB7YJ,70CM,DVU47,439.587500,430.587500,DV,IO92FH,LEAMINGTON SPA,MIDL,3,G4USP,OPERATIONAL,
GB7YL,2M,RV63,145.787500,145.187500,DV,JO02UL,LOWESTOFT,SE,1,M0JGX,OPERATIONAL,
GB7YR,70CM,DVU42,439.525000,430.525000,DV,IO93LM,DONCASTER,NOR,2,M1DAH,OPERATIONAL,
GB7YZ,70CM,DVU38,439.475000,430.475000,MULTI,IO83JE,MOLD,WM,,M0WTX,NOT OPERATIONAL,
GB7ZE,70CM,RB02,433.050000,434.650000,MULTI,JO00GU,HASTINGS,SE,3,M0JBR,OPERATIONAL,
GB7ZP,70CM,DVU39,439.487500,430.487500,DSTAR,JO01FS,CHELMSFORD,SE,,G0URK,OPERATIONAL,
