"CALL","BAND","CHAN","txMHz","rxMHz","CTCSS","REG","Netw","Col","QTHR","NGR","WHERE","DMR","DSTAR","FUSION","NXDN",
2E0LNX,70CM,DVU35,439.437500,430.437500,,SW,BRANDMEISTER,3,IO90KT,,GOSPORT,Y,,Y,,
2E0XTA,70CM,RU69,430.862500,438.462500,,SE,,,JO01FR,TL7006,CHELMSFORD,Y,,,,
G8YDE,70CM,DVU46,439.575000,430.575000,,SE,BRANDMEISTER,5,IO91,SP9600,CHESHAM,Y,,,,
GB3AG,2M,RV58,145.725000,145.125000,94.8,SCOT,,,IO86ON,NO4841,ANGUS,,,Y,,
GB3AL,2M,RV59,145.737500,145.137500,77.0,SE,,,IO91QP,SU9595,AMERSHAM,,,Y,,
GB3AN,70CM,RB08,433.200000,434.800000,110.9,WM,,,IO73UJ,SH4790,AMLWCH,,,Y,,
GB3BG,2M,RV60,145.750000,145.150000,118.8,SW,,1,IO80,SS6609,CHULMLEIGH,Y,,,,
GB3BH,70CM,RU79,430.987500,438.587500,77.0,SE,BRANDMEISTER,3,JO00FU,TQ7408,BEXHILL-ON-SEA,Y,,,,
GB3BT,2M,RV56,145.700000,145.100000,118.8,SCOT,BRANDMEISTER,1,IO85WT,NT9458,BERWICK ON TWEED,,,Y,,
GB3BV,70CM,RB01,433.025000,434.625000,82.5,SE,,,IO91SR,TL0804,HEMEL HEMPSTEAD,,,Y,,
GB3BX,2M,RV54,145.675000,145.075000,,WM,SALOP DMR,13,IO82,SO5986,CLEOBURY NORTH,Y,,,,
GB3BZ,70CM,RU68,430.850000,438.450000,110.9,SE,DV Scotland Phoenix,3,JO01GW,TL7428,BRAINTREE,Y,,,,
GB3CD,2M,RV55,145.687500,145.087500,118.8,NOR,,,IO94DR,NZ1637,CROOK,,,Y,,
GB3CF,2M,RV48,145.600000,145.000000,77.0,CEN,,1,IO92IQ,SK4810,MARKFIELD,,Y,Y,Y,
GB3CM,70CM,RU69,430.862500,438.462500,94.8,WM,,,IO71VW,SN4727,CARMARTHEN,,,Y,,
GB3CU,70CM,UR63,438.387500,430.787500,77.0,NOR,,,IO84GQ,NY0533,MARYPORT,,,Y,,
GB3DA,2M,RV58,145.725000,145.125000,110.9,SE,,,JO01GR,TL7705,DANBURY,,,Y,,
GB3DB,6M,R50-06,50.770000,51.270000,110.9,SE,,,JO01HR,TL7906,DANBURY,,,Y,,
GB3DD,70CM,RB10,433.250000,434.850000,94.8,SCOT,,,IO86MM,NO4035,DUNDEE,,,Y,,
GB3DG,2M,RV62,145.775000,145.175000,103.5,SCOT,,,IO74UV,NX5257,NEWTON STEWART,,,Y,,
GB3DM,70CM,RU74,430.925000,438.525000,103.5,SCOT,,,IO75QX,NS3878,DUMBARTON,Y,Y,Y,,
GB3DP,70CM,DVU34,439.425000,430.425000,88.5,CEN,,,IO92TR,TF1114,BASTON,,,Y,,
GB3DT,70CM,RB0,433.000000,434.600000,71.9,SW,,,IO80WU,ST9107,BLANDFORD,,,Y,,
GB3DU,2M,RV61,145.762500,145.162500,118.8,SCOT,,1,IO85,NT7354,DUNS,Y,Y,Y,,
GB3ED,70CM,RU71,430.887500,438.487500,94.8,SCOT,,1,IO85JW,NT2471,EDINBURGH,,Y,,,
GB3EI,2M,RV49,145.612500,145.012500,88.5,SCOT,BRANDMEISTER,6,IO67IN,NF8164,LOCHMADDY,Y,Y,Y,,
GB3ER,70CM,RB03,433.075000,434.675000,110.9,SE,,,JO01GR,TL7705,DANBURY,,,Y,,
GB3FG,2M,RV57,145.712500,145.112500,94.8,WM,,,IO71,SN4034,CARMARTHEN,,,Y,,
GB3FK,2M,RV60,145.750000,145.150000,103.5,SE,,,JO01,TR2238,FOLKESTONE,,,Y,,
GB3FV,70CM,RU65,430.812500,438.412500,88.5,SCOT,freeDMR,5,IO86,NS8090,STIRLING,Y,Y,Y,,
GB3GL,70CM,RU72,430.900000,438.500000,103.5,SCOT,,,IO75WU,NS6863,GLASGOW,,,Y,,
GB3GM,2M,RV50,145.625000,145.025000,67.0,WM,,,IO82UC,SO7746,GREAT MALVERN,,,Y,,
GB3GO,2M,RV63,145.787500,145.187500,110.9,WM,,,IO83BH,SH7683,LLANDUDNO,,,Y,,
GB3HA,2M,RV60,145.750000,145.150000,118.8,NOR,,,IO84,NY9064,HEXHAM,,,Y,,
GB3HB,70CM,RB15,433.375000,434.975000,77,SW,,,IO70OJ,SW9957,ROCHE,,,Y,,
GB3HC,70CM,RB06,433.150000,434.750000,118.8,WM,,,IO82PB,SO5141,HEREFORD,,,Y,,
GB3HD,70CM,RB09,433.225000,434.825000,82.5,NOR,,,IO93BP,SE0816,HUDDERSFIELD,,,Y,,
GB3HE,70CM,RU74,430.925000,438.525000,103.5,SE,,,JO00HV,TQ8212,HASTINGS,,,Y,,
GB3HG,2M,RV50,145.625000,145.025000,88.5,NOR,,,IO94JF,SE5181,THIRSK,,,Y,,
GB3HL,70CM,RU71,430.887500,438.487500,67.0,SCOT,BRANDMEISTER,1,IO87,NJ5824,LESLIE,Y,,,,
GB3HS,2M,RV52,145.650000,145.050000,88.5,NOR,,,IO93RS,SE9532,HULL,,Y,Y,,
GB3IN,2M,RV51,145.637500,145.037500,71.9,CEN,freeDMR,1,IO93GC,SK3559,TANSLEY NR MATLOCK,Y,Y,Y,Y,
GB3IS,70CM,RU71,430.887500,438.487500,94.8,SCOT,BRANDMEISTER,7,IO67HC,NF7614,ISLE OF SOUTH UIST,Y,Y,Y,,
GB3IW,70CM,RB09,433.225000,434.825000,71.9,SW,,,IO90IQ,SZ5187,NEWPORT,,,Y,,
GB3JB,2M,RV63,145.787500,145.187500,103.5,SW,SW CLUSTER,5,IO81VC,ST8633,MERE WILTSHIRE,Y,,,,
GB3JG,70CM,DVU62,439.775000,430.775000,71.9,SW,,,IO80SO,SY6778,WEYMOUTH,,,Y,,
GB3KE,2M,RV55,145.687500,145.087500,103.5,SCOT,,,IO75UV,NS5571,GLASGOW,,,Y,,
GB3KI,2M,RV53,145.662500,145.062500,103.5,SE,,,JO01NI,TR1967,HERNE BAY,,Y,,,
GB3KL,70CM,RB04,433.100000,434.700000,94.8,CEN,,,JO02FR,TF6315,KINGS LYNN,,,Y,,
GB3KS,2M,RV50,145.625000,145.025000,103.5,SE,,,JO01PA,TR3243,DOVER,,,Y,,
GB3KU,70CM,RB03,433.075000,434.675000,82.5,NOR,DV Scotland Phoenix,10,IO83XM,SD9401,ASHTON-UNDER-LYNE,Y,Y,Y,Y,
GB3KW,70CM,RU66,430.825000,438.425000,103.5,SCOT,,,IO75UV,NS5571,GLASGOW,,,Y,,
GB3LC,70CM,RU75,430.937500,438.537500,71.9,CEN,,3,IO93WH,TF2582,LOUTH,Y,Y,Y,Y,
GB3LE,70CM,RB04,433.100000,434.700000,77,CEN,,,IO92IQ,SK4810,MARKFIELD,,,Y,,
GB3LH,70CM,RB15,433.375000,434.975000,103.5,WM,,,IO82OP,SJ4706,SHREWSBURY,,,Y,,
GB3LM,2M,RV58,145.725000,145.125000,71.9,CEN,,,IO93RF,SK9771,LINCOLN,,,Y,,
GB3LT,70CM,RB10,433.250000,434.850000,77.0,SE,,,IO91SV,TL0624,LUTON,,,Y,,
GB3MB,70CM,RB15,433.375000,434.975000,94.8,WM,,,IO81HR,SO0205,MERTHYR,,,Y,,
GB3MC,70CM,DMU27,439.337500,430.337500,110.9,NOR,,,IO83KJ,SJ2790,LEASOWE,,,Y,,
GB3MD,70CM,RU77,430.962500,438.562500,103.5,WM,,,IO82GN,SN9997,LLANFAIR CAEREINION,,,Y,,
GB3MG,70CM,RU72,430.900000,438.500000,,WM,,,IO81KP,ST0991,PONTYPRIDD,,,Y,,
GB3MK,70CM,RB0,433.000000,434.600000,77.0,SE,,,IO92OB,SP8539,MILTON KEYNES,,,Y,,
GB3ML,70CM,RU73,430.912500,438.512500,103.5,SE,BRANDMEISTER,3,IO91RK,TQ0371,STAINES UPON THAMES,Y,Y,Y,,
GB3MN,2M,RV52,145.650000,145.050000,82.5,NOR,,,IO83XH,SJ9781,DISLEY,,,Y,,
GB3MS ,70CM,RB0,433.000000,434.600000,67,WM,,,IO82UC,SO7746,MALVERN ,,,Y,,
GB3MX,2M,RV51,145.637500,145.037500,77.0,NOR,,,IO84GQ,NY0533,MARYPORT,,,Y,,
GB3MY,70CM,RB11,433.275000,434.875000,82.5,NOR,,,IO83SM,SD6603,ATHERTON,,,Y,,
GB3NA,2M,RV49,145.612500,145.012500,71.9,NOR,,,IO93HN,SE3907,BARNSLEY,,Y,Y,,
GB3NC,2M,RV58,145.725000,145.125000,77.0,SW,,,IO70OJ,SW9957,ROCHE,,,Y,,
GB3ND,70CM,DVU59,439.737500,430.737500,,SW,,1,IO70,SS3807,NEAR HOLSWORTHY,Y,,,,
GB3NP,70CM,RU71,430.887500,438.487500,77.0,CEN,,,IO92LD,SP6652,TOWCESTER,,,Y,,
GB3NT,70CM,RB0,433.000000,434.600000,118.8,NOR,,,IO94EW,NZ2660,NEWCASTLE UPON TYNE,,,Y,,
GB3NU,70CM,DMU26,439.325000,430.325000,71.9,CEN,FREESTAR,3,IO92,SK5943,NOTTINGHAM,Y,Y,Y,Y,
GB3NW,70CM,DVU39,439.487500,430.487500,71.9,CEN,,1,IO92,SK5244,NOTTINGHAM,Y,,,,
GB3NX,2M,RV47,145.587500,144.987500,77,SW,,,IO70,SS3807,NEAR HOLSWORTHY,Y,Y,Y,,
GB3NY,70CM,RU67,430.837500,438.437500,67.0,NOR,,,IO93RT,SE9535,HULL,,,Y,,
GB3OG,2M,RV63,145.787500,145.187500,110.9,WM,,,IO83BH,SH7683,LLANDUDNO,,,Y,,
GB3OH,70CM,RU76,430.950000,438.550000,94.8,SCOT,DV Scotland Phoenix,1,IO85EX,NS9779,LINLITHGOW,Y,Y,Y,,
GB3OM,70CM,RU76,430.950000,438.550000,110.9,NI,DV Scotland Phoenix,1,IO64JQ,IH5181,OMAGH,Y,,,,
GB3OR,70CM,RU67,430.837500,438.437500,103.5,WM,,,IO83BH,SH7683,LLANDUDNO,,,Y,,
GB3PC,70CM,DVU-R23,430.287500,439.287500,118.8,SW,,5,IO81,ST6460,FARMBOROUGH,Y,,,,
GB3PP,70CM,RB15,433.375000,434.975000,82.5,NOR,,10,IO83,SD5627,PRESTON,Y,,Y,,
GB3PR,2M,RV54,145.675000,145.075000,94.8,SCOT,,,IO86GI,NO1020,PERTH,,,Y,,
GB3PU,70CM,RB0,433.000000,434.600000,94.8,SCOT,,,IO86GI,NO1020,PERTH,,,Y,,
GB3SF,2M,RV50,145.625000,145.025000,,SCOT,,,IO86,NO1429,PERTH,,,Y,,
GB3SO,70CM,RB0,433.000000,434.600000,71.9,NOR,NORTHERN DMR CLUSTER,8,JO03AR,TA3328,WITHERNSEA,Y,Y,Y,,
GB3SP,70CM,RB04,433.100000,434.700000,94.8,WM,,,IO71NQ,SN0400,PEMBROKE,,,Y,,
GB3SS,2M,RV48,145.600000,145.000000,67,SCOT,,,IO87,NJ4258,ELGIN MORAY,,,Y,,
GB3SY,70CM,RB06,433.150000,434.750000,71.9,NOR,,,IO93SE,SE3907,BARNSLEY,,Y,Y,,
GB3TF,70CM,RB08,433.200000,434.800000,103.5,WM,,,IO82RP,SJ6406,TELFORD,,,Y,,
GB3TH,70CM,RB15,433.375000,434.975000,67,CEN,,,IO92,SK2004,TAMWORTH,,,Y,,
GB3TJ,70CM,RB12,433.300000,434.900000,118.8,NOR,,,IO84,NY9263,HEXHAM,,,Y,,
GB3TS,70CM,RB07,433.175000,434.775000,118.8,NOR,,,IO94GX,NZ3551,SUNDERLAND,,,Y,,
GB3TW,2M,RV58,145.725000,145.125000,118.8,NOR,,,IO94DW,NZ2058,GATESHEAD,,,Y,,
GB3UK,2M,RV49,145.612500,145.012500,118.8,NOR,BRANDMEISTER,10,IO94FV,NZ3157,WASHINGTON,Y,Y,Y,,
GB3UO,70CM,RU76,430.950000,438.550000,110.9,WM,,,IO83LA,SJ2745,WREXHAM,,,Y,,
GB3VM,2M,RV49,145.612500,145.012500,103.5,WM,,,IO82QJ,SO5975,TENBURY WELLS,,,Y,,
GB3VN,70CM,RU74,430.925000,438.525000,103.5,WM,,,IO82QI,SO5873,LUDLOW,,,Y,,
GB3VO,2M,RV51,145.637500,145.037500,110.9,WM,,,IO83LA,SJ2745,WREXHAM,,,Y,,
GB3VT,2M,RV58,145.725000,145.125000,103.5,CEN,,,IO83,SJ9348,STOKE ON TRENT,,Y,,,
GB3WE,2M,RV55,145.687500,145.087500,94.8,SW,BRANDMEISTER,1,IO81MH,ST3358,WESTON-SUPER-MARE,,Y,,,
GB3WF,70CM,RB14,433.350000,434.950000,82.5,NOR,,,IO93DV,SE2044,OTLEY,,,Y,,
GB3WG,70CM,RU70,430.875000,438.475000,94.8,WM,,,IO81CP,SS7893,PORT TALBOT,,,Y,,
GB3WI,70CM,RB15,433.375000,434.975000,94.8,CEN,,,JO02,TF4509,WISBECH,,,Y,,
GB3WL,70CM,RU76,430.950000,438.550000,67.0,CEN,,,IO92BJ,SP0776,WYTHALL,,Y,Y,,
GB3WM,70CM,RB02,433.050000,434.650000,67,CEN,,,IO92AJ,SP0277,LONGBRIDGE,,,Y,,
GB3WW,2M,RV62,145.775000,145.175000,94.8,WM,,,IO81CP,SS7893,PORT TALBOT,,,Y,,
GB3XL,70CM,RU71,430.887500,438.487500,82.5,NOR,BRANDMEISTER,1,IO93CT,SE1536,SHIPLEY,Y,,,,
GB3XP,2M,RV55,145.687500,145.087500,82.5,SE,,,IO91VJ,TQ2666,MORDEN,,,Y,,
GB3XV,70CM,DVU-R20,430.250000,439.250000,,CEN,,,IO92KG,SP5763,DAVENTRY,,,Y,,
GB3XX,70CM,RU73,430.912500,438.512500,77.0,CEN,,,IO92KG,SP5763,DAVENTRY,,,Y,,
GB3XZ,23CM,RM1,1297.025000,1291.025000,77.0,CEN,,,IO92KG,SP5763,DAVENTRY,,Y,,,
GB3YK,2M,RV47,145.587500,144.987500,94.8,WM,,,IO82,SJ2340,LLANGOLLEN,Y,Y,Y,Y,
GB3ZA,2M,RV59,145.737500,145.137500,118.8,WM,,,IO82PB,SO5141,HEREFORD,,,Y,,
GB3ZI,70CM,RU78,430.975000,438.575000,103.5,CEN,,,IO82,SJ9323,STAFFORD,,,Y,,
GB7AA,70CM,DVU54,439.675000,430.675000,,SW,SW CLUSTER,1,IO81RO,ST6288,BRISTOL,Y,,,,
GB7AB,70CM,DVU53,439.662500,430.662500,,SCOT,,,IO87VD,NJ8906,ABERDEEN,,,Y,,
GB7AC,70CM,RU76,430.950000,438.550000,103.5,SCOT,BRANDMEISTER,3,IO87,NS1964,LARGS,Y,,,,
GB7AD,70CM,DVU61,439.762500,430.762500,,SW,,,IO81RO,ST6288,BRISTOL,,Y,,,
GB7AE,70CM,DVU34,439.425000,430.425000,,SW,,3,IO91CJ,SU1668,MARLBOROUGH,,Y,,,
GB7AF,70CM,RU71,430.887500,438.487500,71.9,CEN,,,IO92,SK5547,HUCKNALL,Y,Y,Y,Y,
GB7AG,70CM,RU72,430.900000,438.500000,94.8,SCOT,DV Scotland Phoenix,3,IO86,NO4458,FORFAR,Y,Y,Y,,
GB7AI,70CM,DMU27,439.337500,430.337500,103.5,SCOT,DV Scotland Phoenix,3,IO85,NT5316,HAWICK,Y,,,,
GB7AL,70CM,DVU32,439.400000,430.400000,,SE,DV Scotland Phoenix,2,JO02RD,TM3555,IPSWICH,Y,,,,
GB7AM,2M,RV53,145.662500,145.062500,,NOR,,,IO83WI,SJ9483,HIGHER POYNTON,,Y,Y,,
GB7AN,70CM,DVU37,439.462500,430.462500,,NOR,,,IO83TS,SD7430,ACCRINGTON,,,Y,,
GB7AR,70CM,DVU42,439.525000,430.525000,,SE,BRANDMEISTER,15,JO01,TQ6163,NEW ASH GREEN,Y,Y,Y,Y,
GB7AS,70CM,DVU34,439.425000,430.425000,,SE,DV Scotland Phoenix,3,JO01KD,TR0039,ASHFORD,Y,,,,
GB7AU,70CM,DVU56,439.700000,430.700000,,SE,,,IO91QP,SU9595,AMERSHAM,,Y,Y,,
GB7AV,70CM,DVU35,439.437500,430.437500,,SE,DV Scotland Phoenix,3,IO91OT,SP8113,AYLESBURY,Y,,,,
GB7AY,70CM,RU65,430.812500,438.412500,,SCOT,,1,IO75TQ,NS4944,KILMARNOCK,,,Y,,
GB7BA,70CM,DVU61,439.762500,430.762500,,NOR,NORTHERN DMR CLUSTER,13,IO93CS,SE1530,BRADFORD,Y,,,,
GB7BB,70CM,DVU57,439.712500,430.712500,,SCOT,BRANDMEISTER,1,IO87QP,NJ6464,BANFF,Y,,,,
GB7BC,70CM,DVU52,439.650000,430.650000,,SE,freeDMR,3,IO90,TQ3203,BRIGHTON,Y,Y,Y,Y,
GB7BD,70CM,RU76,430.950000,438.550000,,SW,DV Scotland Phoenix,3,IO81QJ,ST5566,BRISTOL,Y,,,,
GB7BE,70CM,DVU53,439.662500,430.662500,,CEN,,,JO02TK,TM4488,BECCLES,,Y,,,
GB7BF,70CM,DVU-R24,430.300000,439.300000,,NOR,BRANDMEISTER,5,IO83LU,SD3140,BLACKPOOL,Y,Y,Y,,
GB7BH,70CM,DVU46,439.575000,430.575000,,SE,freeDMR,4,IO90WU,TQ3406,BRIGHTON,Y,Y,Y,,
GB7BI,70CM,DVU53,439.662500,430.662500,,SCOT,BRANDMEISTER,1,IO77RM,NH4849,MUIR OF ORD,Y,,,,
GB7BJ,70CM,DVU59,439.737500,430.737500,,WM,SALOP DMR,13,IO82,SO7643,MALVERN,Y,,,,
GB7BK,70CM,DVU59,439.737500,430.737500,,SW,DV Scotland Phoenix,3,IO91JM,SU5580,READING,Y,,,,
GB7BL,70CM,DVU54,439.675000,430.675000,118.8,NOR,DV Scotland Phoenix,5,IO84VV,NY8456,ALLENDALE,Y,Y,Y,Y,
GB7BM-B,70CM,DVU32,439.400000,430.400000,,CEN,SALOP DMR,8,IO92BL,SP0785,BIRMINGHAM,Y,,,,
GB7BM-C,2M,RV59,145.737500,145.137500,67,CEN,SALOP DMR,8,IO92BL,SP0785,BIRMINGHAM,Y,,,,
GB7BN,70CM,DVU47,439.587500,430.587500,,SE,BRANDMEISTER,3,IO90PT,SU9201,BOGNOR REGIS,Y,Y,,,
GB7BP,70CM,DVU36,439.450000,430.450000,,SE,,,IO91PX,SP8633,MILTON KEYNES,,Y,,,
GB7BR,70CM,RU74,430.925000,438.525000,,NOR,DV Scotland Phoenix,3,IO74TI,SC4598,RAMSEY IOM,Y,,,,
GB7BS,70CM,DVU13,439.162500,430.162500,,SW,SW CLUSTER,3,IO81TK,ST7170,BRISTOL,Y,,,,
GB7BT,70CM,DVU51,439.637500,430.637500,,SW,SW CLUSTER,3,IO81SK,ST6570,BRISTOL,Y,Y,Y,,
GB7BW,70CM,DVU58,439.725000,430.725000,,NOR,BRANDMEISTER,2,IO93HP,SE3814,WAKEFIELD ,Y,Y,Y,,
GB7BX,70CM,DVU35,439.437500,430.437500,,WM,SALOP DMR,11,IO82,SO5986,CLEOBURY NORTH,Y,,,,
GB7BZ,70CM,DVU33,439.412500,430.412500,,CEN,,,IO92QF,SP9259,BOZEAT,,Y,,,
GB7CA,70CM,RU74,430.925000,438.525000,,NOR,DV Scotland Phoenix,2,IO74SD,SC3774,DOUGLAS,Y,,,,
GB7CB,70CM,DVU57,439.712500,430.712500,,SCOT,BRANDMEISTER,4,IO85,NS9462,BATHGATE,Y,,,,
GB7CC,70CM,DVU-R22,430.275000,439.275000,,SW,SALOP DMR,2,IO81,SO9924,CHELTENHAM,Y,,,,
GB7CD,70CM,DVU56,439.700000,430.700000,,WM,,,IO81JL,ST1975,CARDIFF,,Y,,,
GB7CE,70CM,DVU49,439.612500,430.612500,,SE,,,JO01NT,TM1616,GREAT CLACTON,,,Y,,
GB7CF,70CM,DVU50,439.625000,430.625000,,SW,BRANDMEISTER,3,IO90LW,SU6815,CLANFIELD,Y,,,,
GB7CG,2M,RV57,145.712500,145.112500,77.0,SE,,,IO92QA,SP9236,WOBURN SANDS,,,Y,,
GB7CH,70CM,RU66,430.825000,438.425000,94.8,SCOT,BRANDMEISTER,3,IO86KO,NO3248,KIRRIEMUIR,,,Y,,
GB7CK,70CM,DVU59,439.737500,430.737500,,SE,DV Scotland Phoenix,3,JO01,TR2238,FOLKESTONE,Y,,,,
GB7CL,70CM,DVU51,439.637500,430.637500,,SE,BRANDMEISTER,3,JO01OT,TM2117,CLACTON ON SEA,Y,,,,
GB7CM,2M,RV56,145.700000,145.100000,71.9,SW,,,IO80UT,ST8002,MILTON ABBAS,,,Y,,
GB7CN,70CM,RU78,430.975000,438.575000,67,CEN,BRANDMEISTER,15,IO92,,CANNOCK,Y,,,,
GB7CO,70CM,DVU39,439.487500,430.487500,,SW,BRANDMEISTER,3,IO90JU,SU5704,FAREHAM,Y,Y,Y,Y,
GB7CP,70CM,RU66,430.825000,438.425000,77.0,SW,,,IO91RO,SU9991,SLOUGH,,,Y,,
GB7CQ,70CM,DVU49,439.612500,430.612500,,SE,BRANDMEISTER,4,IO90,TQ1104,WORTHING,Y,Y,Y,,
GB7CS,70CM,DVU62,439.775000,430.775000,,SCOT,,,IO75VU,NS5965,GLASGOW,,,Y,,
GB7CT,2M,RV51,145.637500,145.037500,,SE,DV Scotland Phoenix,3,IO91PS,SP9008,TRING,Y,,,,
GB7CU,70CM,DVU61,439.762500,430.762500,,NOR,,,IO84GQ,NY0533,MARYPORT,,,Y,,
GB7CX,70CM,RU69,430.862500,438.462500,,NI,BRANDMEISTER,12,IO65OD,IC7834,COLERAINE,Y,Y,Y,,
GB7CY,70CM,DVU50,439.625000,430.625000,,NOR,,,IO94DR,NZ1637,CROOK,,,Y,,
GB7CZ,70CM,DVU40,439.500000,430.500000,118.8,NOR,DV Scotland Phoenix,10,IO94DR,NZ1637,CROOK,Y,Y,Y,Y,
GB7DA,2M,RV62,145.775000,145.175000,,SCOT,DV Scotland Phoenix,1,IO85AV,NS7567,AIRDRIE,Y,Y,Y,,
GB7DB,70CM,DVU53,439.662500,430.662500,,SE,DV Scotland Phoenix,3,IO92QA,SP9236,WOBURN SANDS,Y,,,,
GB7DC,70CM,DMU28,439.350000,430.350000,71.9,CEN,,1,IO92,SK3837,DERBY,Y,Y,Y,Y,
GB7DD,70CM,DVU53,439.662500,430.662500,,SCOT,BRANDMEISTER,1,IO86,NO4732,DUNDEE,Y,,,Y,
GB7DE,2M,RV51,145.637500,145.037500,94.8,SCOT,BRANDMEISTER,1,IO85,NO3304,KENNOWAY  FIFE,Y,,,,
GB7DG,70CM,RU72,430.900000,438.500000,,SCOT,BRANDMEISTER,7,IO74,NX1336,PORTPATRICK,Y,,,,
GB7DH,70CM,DVU47,439.587500,430.587500,,NOR,,,IO83,SJ6570,NORTHWICH,,Y,Y,,
GB7DI,70CM,DVU37,439.462500,430.462500,,SE,,,JO02,TM1747,IPSWICH,,Y,,,
GB7DJ,70CM,DVU53,439.662500,430.662500,,NOR,BRANDMEISTER,3,IO83RF,SJ6569,NORTHWICH,Y,,,,
GB7DK,2M,RV55,145.687500,145.087500,103.5,SCOT,,,IO74LV,NX0460,STRANRAER,,,Y,,
GB7DK-B,70CM,DVU52,439.650000,430.650000,,SCOT,,,IO74LV,NX0460,STRANRAER,,Y,,,
GB7DL,70CM,DVU54,439.675000,430.675000,,CEN,,,JO03DD,TF5265,SKEGNESS,,Y,,,
GB7DM,70CM,DVU60,439.750000,430.750000,103.5,SCOT,DV Scotland Phoenix,1,IO86NL,NO4832,MONIFIETH,Y,Y,Y,,
GB7DN,70CM,DVU33,439.412500,430.412500,,NI,,,IO64MW,IC6509,DUNGIVEN,,Y,,,
GB7DO,70CM,DVU56,439.700000,430.700000,,NOR,BRANDMEISTER,2,IO93LO,SE6510,DONCASTER,Y,,,,
GB7DP,70CM,DVU47,439.587500,430.587500,,WM,BRANDMEISTER,3,IO71MV,SM9524,TREFFGARNE,Y,,,,
GB7DR,70CM,DVU34,439.425000,430.425000,,SW,SW CLUSTER,5,IO90AR,SZ0393,POOLE,Y,,,,
GB7DT,70CM,RU75,430.937500,438.537500,,SW,SW CLUSTER,7,IO70NJ,SW9757,ST AUSTELL,Y,,,,
GB7DV,70CM,DVU49,439.612500,430.612500,,NOR,,,IO83QJ,SJ4993,ST. HELENS,,Y,,,
GB7DW,2M,RV50,145.625000,145.025000,103.5,SW,SW CLUSTER,7,IO80JU,ST1207,DUNKERSWELL,Y,,,,
GB7DX,70CM,DVU56,439.700000,430.700000,,SE,DV Scotland Phoenix,3,JO00LW,TR0821,NEW ROMNEY,,Y,,,
GB7DY,70CM,DVU46,439.575000,430.575000,,CEN,SALOP DMR,11,IO82,SO9386,DUDLEY,Y,,,,
GB7DZ,70CM,RBW04,433.050000,438.050000,103.5,CEN,,,IO83,SJ8557,CONGLETON,,,Y,,
GB7EA,70CM,DMU30,439.375000,430.375000,,SCOT,,1,IO75SV,NS4570,ERSKINE,,,Y,,
GB7EB,70CM,DVU46,439.575000,430.575000,,CEN,DV Scotland Phoenix,2,JO02TK,TM4488,BECCLES,Y,,,,
GB7EC,70CM,RU74,430.925000,438.525000,,SCOT,BRANDMEISTER,11,IO87,NJ9204,ABERDEEN,Y,,,,
GB7ED,70CM,DVU54,439.675000,430.675000,,SW,BRANDMEISTER,5,IO80GR,SX9393,EXETER,Y,,,,
GB7EE,70CM,RU74,430.925000,438.525000,,SCOT,BRANDMEISTER,1,IO85JW,NT2471,EDINBURGH,Y,,,,
GB7EF,70CM,DVU36,439.450000,430.450000,103.5,SCOT,DV Scotland Phoenix,1,IO86,NO2710,LADYBANK,Y,Y,Y,Y,
GB7EG,70CM,DVU61,439.762500,430.762500,,SE,BRANDMEISTER,2,IO91,TQ3838,EAST GRINSTEAD,Y,,,,
GB7EH,70CM,RU75,430.937500,438.537500,,SW,BRANDMEISTER,8,IO92GC,SP3645,BANBURY,Y,,,,
GB7EI,70CM,RU68,430.850000,438.450000,88.5,SCOT,BRANDMEISTER,6,IO67IN,NF8164,LOCHMADDY,Y,Y,Y,,
GB7EL,70CM,DVU57,439.712500,430.712500,,NOR,NORTHERN DMR CLUSTER,2,IO83,SD8636,NELSON,Y,,,,
GB7EP,70CM,DVU32,439.400000,430.400000,,SE,DV Scotland Phoenix,3,IO91UI,TQ2063,EPSOM,Y,,,,
GB7EQ,70CM,DVU36,439.450000,430.450000,,SW,,10,IO80MW,ST3016,ILMINSTER,Y,,,,
GB7ER,2M,RV62,145.775000,145.175000,77,SW,,,IO80GR,SX9393,EXETER,,,Y,,
GB7ES,70CM,DVU35,439.437500,430.437500,,SE,,,JO00DT,TQ6104,EASTBOURNE,,Y,,,
GB7EU,70CM,RU67,430.837500,438.437500,94.8,SCOT,,,IO85JW,NT2471,EDINBURGH,Y,,,Y,
GB7EV,70CM,U94,431.175000,431.175000,,SCOT,,11,IO85JW,NT2471,EDINBURGH,Y,,,,
GB7EW,70CM,DVU42,439.525000,430.525000,,SW,SW CLUSTER,3,IO80,SX9295,EXETER,Y,,,,
GB7EX,70CM,DVU57,439.712500,430.712500,,SE,DV Scotland Phoenix,3,JO01GN,TQ7787,SOUTHEND ON SEA,Y,,,,
GB7EY,70CM,DVU41,439.512500,430.512500,,SCOT,DV Scotland Phoenix,1,IO85,NT4728,SELKIRK,Y,Y,Y,Y,
GB7EZ,70CM,DVU62,439.775000,430.775000,,CEN,DV Scotland Phoenix,14,IO92CM,SP1489,CASTLE BROMWICH,Y,,,,
GB7FB,70CM,DVU38,439.475000,430.475000,,SW,SW CLUSTER,5,IO71VA,SS4426,BIDEFORD,Y,,,,
GB7FC,70CM,DVU40,439.500000,430.500000,,NOR,,,IO83LU,SD3242,CLEVELEYS,,Y,,,
GB7FD,70CM,DVU58,439.725000,430.725000,,NOR,,,IO83LV,SD3146,FLEETWOOD,,,Y,,
GB7FE,70CM,DVU38,439.475000,430.475000,,SCOT,DV Scotland Phoenix,1,IO86BC,NS8592,STIRLING,Y,Y,Y,,
GB7FF,2M,RV59,145.737500,145.137500,103.5,SCOT,DV Scotland Phoenix,1,IO85,NT3774,PRESTONPANS,Y,Y,Y,Y,
GB7FG,70CM,RU76,430.950000,438.550000,94.8,WM,,,IO71WW,SN5126,CARMARTHEN,,,Y,,
GB7FI,70CM,RU71,430.887500,438.487500,,SW,DV Scotland Phoenix,3,IO81OH,ST4455,AXBRIDGE,Y,,,,
GB7FK-B,70CM,DVU54,439.675000,430.675000,,SE,,,JO01OC,TR2538,FOLKESTONE,,Y,,,
GB7FL,70CM,DVU61,439.762500,430.762500,,NOR,,,IO83,SD4228,FRECKLETON,,Y,Y,,
GB7FO,70CM,DVU-R22,430.275000,439.275000,,NOR,DV Scotland Phoenix,1,IO83LT,SD3135,BLACKPOOL,Y,,,,
GB7FR,70CM,DVU40,439.500000,430.500000,,SW,freeDMR,4,IO90,SU9604,BARNHAM,Y,,,,
GB7FR,2M,RV57,145.712500,145.112500,,SW,freeDMR,4,IO90,SU9604,BARNHAM,Y,Y,Y,Y,
GB7FT,70CM,DVU57,439.712500,430.712500,,SW,BRANDMEISTER,3,IO90,SU6501,PORTSMOUTH,Y,,,,
GB7FU,70CM,RU71,430.887500,438.487500,,CEN,,,IO93JA,SK5547,NOTTINGHAM,,,Y,,
GB7FW,70CM,DVU54,439.675000,430.675000,,SW,,,IO90LU,SU6506,PORTSMOUTH,,Y,,,
GB7FX,70CM,RBW10,433.125000,438.125000,74.4,SE,BRANDMEISTER,12,JO01,TQ7670,CHATHAM,Y,,,,
GB7GA,70CM,RU72,430.900000,438.500000,118.8,SCOT,,1,IO85,NT4936,GALASHIELS,Y,Y,Y,,
GB7GB,70CM,DVU61,439.762500,430.762500,,CEN,BRANDMEISTER,8,IO92BM,SP0696,SUTTON COLDFIELD,Y,,,,
GB7GD,2M,RV55,145.687500,145.087500,,SCOT,DV Scotland Phoenix,1,IO87WE,NJ9410,ABERDEEN,Y,Y,Y,,
GB7GF,70CM,DVU55,439.687500,430.687500,,SW,DV Scotland Phoenix,3,IO91RF,SU9948,GUILDFORD,Y,,,,
GB7GG,70CM,DVU50,439.625000,430.625000,,SCOT,DV Scotland Phoenix,1,IO85AV,NS7567,AIRDRIE,Y,Y,Y,,
GB7GJ,70CM,RU72,430.900000,438.500000,88.5,SW,BRANDMEISTER,1,IN89WE,NS7567,ST HELIER,Y,,,,
GB7GL,70CM,RU68,430.850000,438.450000,,SCOT,BRANDMEISTER,7,IO75,NS6167,GLASGOW,Y,,,,
GB7GM,70CM,RU78,430.975000,438.575000,118.8,SCOT,DV Scotland Phoenix,3,IO85,NX9874,DUMFRIES,Y,Y,Y,,
GB7GP,70CM,DVU52,439.650000,430.650000,,SE,BRANDMEISTER,5,IO91PP,SU8994,HIGH WYCOMBE,Y,,Y,,
GB7GR,70CM,DVU36,439.450000,430.450000,,CEN,DV Scotland Phoenix,5,IO92QW,SK9038,GRANTHAM,Y,Y,Y,,
GB7GS,70CM,DVU36,439.450000,430.450000,,CEN,DV Scotland Phoenix,3,JO02EO,TF6003,DOWNHAM MARKET,Y,,Y,,
GB7GT,70CM,DVU33,439.412500,430.412500,,WM,SALOP DMR,13,IO82,SO6077,CLEE HILL,Y,,,,
GB7GW,70CM,RU65,430.812500,438.412500,103.5,NOR,FREESTAR,10,IO94FV,NZ3157,WASHINGTON,Y,Y,Y,,
GB7GX,70CM,DMU29,439.362500,430.362500,103.5,SCOT,DV Scotland Phoenix,1,IO85MW,NT3774,PRESTONPANS ,Y,Y,Y,Y,
GB7GY,70CM,DVU55,439.687500,430.687500,,SW,BRANDMEISTER,5,IN89RL,,ST. PETER PORT,Y,,,,
GB7HA,70CM,DVU-R23,430.287500,439.287500,,SE,FREESTAR,7,IO91TU,TL1317,HARPENDEN,Y,Y,Y,,
GB7HB,70CM,DVU50,439.625000,430.625000,,NI,DV Scotland Phoenix,1,IO64,IJ0344,TANDRAGEE,Y,Y,Y,,
GB7HC,70CM,DVU42,439.525000,430.525000,,WM,SALOP DMR,5,IO82,SO5236,HEREFORD,Y,,,,
GB7HD,2M,RV55,145.687500,145.087500,,SW,SW CLUSTER,3,IO70,SX4479,TAVISTOCK,Y,,,,
GB7HF,70CM,DVU40,439.500000,430.500000,,SW,SW CLUSTER,5,IO80,SX8871,NEWTON ABBOT,Y,,,,
GB7HH,70CM,DVU60,439.750000,430.750000,,SE,BRANDMEISTER/PHOENIX,3,JO01CN,TQ5187,ROMFORD,Y,Y,Y,,
GB7HI,70CM,DVU45,439.562500,430.562500,,NI,,,IO64XN,,LISBURN,,,Y,,
GB7HK,2M,RV50,145.625000,145.025000,103.5,SCOT,freeDMR,3,IO85,NT5316,HAWICK,Y,,,,
GB7HM,70CM,DVU51,439.637500,430.637500,,WM,DV Scotland Phoenix,1,IO83,SJ2957,CAERGWRLE,Y,,,,
GB7HQ,2M,RV53,145.662500,145.062500,71.9,CEN,freeDMR,1,IO93,SK4658,HUTHWAITE,Y,Y,Y,Y,
GB7HQ,70CM,RB01,433.025000,434.625000,71.9,CEN,freeDMR,1,IO93,SK4658,HUTHWAITE,Y,Y,Y,Y,
GB7HR,70CM,DVU36,439.450000,430.450000,,SE,DV Scotland Phoenix,3,IO91SL,TQ0775,HEATHROW,Y,,,,
GB7HS,70CM,DVU34,439.425000,430.425000,,NOR,NORTHERN DMR CLUSTER,2,IO83XR,SD9828,HEPTONSTALL,Y,,,,
GB7HT,70CM,DVU59,439.737500,430.737500,,NOR,BRANDMEISTER/PHOENIX,10,IO95,NZ2887,ASHINGTON,Y,,,,
GB7HU,70CM,DVU39,439.487500,430.487500,,NOR,,,IO93RS,SE9532,SOUTH CAVE,,Y,,,
GB7HW,70CM,U321A,434.018750,434.018750,,NOR,,,IO83RO,SD6411,HORWICH,,,,,
GB7HX,70CM,DVU46,439.575000,430.575000,,NOR,BRANDMEISTER,1,IO93BP,SE0816,HUDDERSFIELD,Y,Y,,,
GB7HY,70CM,DVU46,439.575000,430.575000,,NOR,BRANDMEISTER,10,IO83QQ,SD6119,CHORLEY,Y,,,,
GB7IC-A,23CM,23CM,1290.650000,1270.650000,,SE,,,JO01NI,TR1967,HERNE BAY,,Y,,,
GB7IC-B,70CM,DVU36,439.450000,430.450000,,SE,,,JO01NI,TR1967,HERNE BAY,,Y,,,
GB7IC-C,2M,RV53,145.662500,145.062500,,SE,,,JO01NI,TR1967,HERNE BAY,,Y,,,
GB7IE,2M,RV54,145.675000,145.075000,77,SW,,,IO70WJ,SX5056,PLYMOUTH,,,Y,,
GB7II,70CM,DVU36,439.450000,430.450000,,SCOT,BRANDMEISTER,3,IO77UL,NH6445,INVERNESS,Y,,,,
GB7IK,70CM,DVU43,439.537500,430.537500,,SE,DV Scotland Phoenix,3,JO01FJ,TQ7370,ROCHESTER,Y,,,,
GB7IL,2M,RV53,145.662500,145.062500,,SCOT,BRANDMEISTER,5,IO77UL,NH6445,INVERNESS,Y,,,,
GB7IN,70CM,DVU52,439.650000,430.650000,,CEN,freeDMR,1,IO93,SK3559,TANSLEY NR MATLOCK,Y,,,,
GB7IP,2M,RV52,145.650000,145.050000,,CEN,,1,IO92KP,SK5904,LEICESTER,Y,,,,
GB7IS,70CM,DVU43,439.537500,430.537500,,SW,,,IO81MH,ST3358,WESTON-SUPER-MARE,,,Y,,
GB7IT,70CM,DVU41,439.512500,430.512500,,SW,DV Scotland Phoenix,1,IO81MH,ST3358,WESTON-SUPER-MARE,Y,,,,
GB7IV,2M,RV62,145.775000,145.175000,,SW,,,IO90IV,SU4711,SOUTHAMPTON,,,Y,,
GB7IX,70CM,RU75,430.937500,438.537500,110.9,SE,FREESTAR,,JO01IM,TQ8785,WESTCLIFF ON SEA,Y,Y,Y,Y,
GB7JA,70CM,DVU57,439.712500,430.712500,,SW,SW CLUSTER,9,IO81VC,ST8633,MERE  WILTSHIRE,Y,,,,
GB7JB,70CM,DVU37,439.462500,430.462500,,SW,SW CLUSTER,1,IO81TB,ST7128,WINCANTON,Y,,,,
GB7JD,70CM,DVU33,439.412500,430.412500,,SCOT,BRANDMEISTER,1,IO85RL,NT6520,JEDBURGH,Y,Y,,Y,
GB7JF,70CM,DVU51,439.637500,430.637500,,CEN,,,IO92NE,SP7753,NORTHAMPTON,,Y,,,
GB7JI,70CM,RU68,430.850000,438.450000,,SW,,2,IN89WE,SP7753,ST HELIER,,Y,,,
GB7JM,70CM,RU71,430.887500,438.487500,71.9,CEN,BRANDMEISTER,3,JO03BI,TF4284,ALFORD,Y,Y,Y,Y,
GB7JT,70CM,DVU54,439.675000,430.675000,,SE,,4,IO91,SP9226,LEIGHTON BUZZARD,Y,,Y,,
GB7KB,2M,RV52,145.650000,145.050000,,SE,BRANDMEISTER,3,JO00CX,TQ5621,HEATHFIELD,Y,,,,
GB7KD,70CM,DVU55,439.687500,430.687500,,SE,BRANDMEISTER,3,JO00DV,TQ6013,HAILSHAM,Y,,,,
GB7KE,70CM,DVU45,439.562500,430.562500,103.5,SE,,,JO01GI,TQ7766,CHATHAM,,Y,Y,,
GB7KK,70CM,RU74,430.925000,438.525000,,NI,DV Scotland Phoenix,1,IO65VE,ID1139,BALLYCASTLE,Y,Y,Y,,
GB7KL,70CM,RU70,430.875000,438.475000,110.9,NOR,,,IO84RD,SD6374,KIRKBY LONSDALE,,,Y,,
GB7KN,70CM,DVU35,439.437500,430.437500,,SCOT,DV Scotland Phoenix,1,IO85,NT1166,EDINBURGH,Y,Y,Y,,
GB7KP,70CM,DVU46,439.575000,430.575000,,NI,DV Scotland Phoenix,1,IO74,IJ4664,COMBER,Y,Y,Y,,
GB7KR,70CM,DVU-R24,430.300000,439.300000,,WM,SALOP DMR,8,IO82,SO8278,KIDDERMINSTER,Y,,,,
GB7KS,70CM,DVU-R20,430.250000,439.250000,,SW,SALOP DMR,2,IO81,SO8303,STROUD,Y,,,,
GB7KT,70CM,DVU40,439.500000,430.500000,,SW,SW CLUSTER,1,IO91GE,SU3545,ANDOVER,Y,,,,
GB7KU,70CM,DVU42,439.525000,430.525000,,CEN,DV Scotland Phoenix,5,IO92TT,TF0727,BOURNE,Y,Y,Y,,
GB7KY,70CM,DVU52,439.650000,430.650000,103.5,SCOT,DV Scotland Phoenix,1,IO86,NT2692,KIRKCALDY,Y,Y,Y,Y,
GB7LA,70CM,DMU29,439.362500,430.362500,,NOR,,,IO84,SD4862,LANCASTER,,Y,Y,,
GB7LB,70CM,DMU27,439.337500,430.337500,,SCOT,BRANDMEISTER,7,IO75RX,NS2367,ALEXANDRIA,Y,,,,
GB7LC,70CM,UR63,438.387500,430.787500,71.9,CEN,FREESTAR,5,IO93RE,SK9768,LINCOLN,Y,Y,Y,Y,
GB7LD,70CM,DVU35,439.437500,430.437500,,NOR,BRANDMEISTER,15,IO83,SD5322,LEYLAND,Y,,,,
GB7LE,70CM,DVU53,439.662500,430.662500,,NOR,NORTHERN DMR CLUSTER,2,IO93FU,SE3039,LEEDS,Y,,,,
GB7LF,70CM,DVU43,439.537500,430.537500,,NOR,,,IO84OA,SD5059,LANCASTER,,Y,,,
GB7LK,70CM,RU65,430.812500,438.412500,,SW,DV Scotland Phoenix,5,IO70SM,SX2770,LISKEARD,Y,,,,
GB7LL,70CM,DVU40,439.496875,430.496875,,WM,SALOP DMR,12,IO82,SJ2340,LLANGOLLEN,Y,,,Y,
GB7LN,70CM,DVU32,439.400000,430.400000,,CEN,BRANDMEISTER,1,IO93RF,SK9773,LINCOLN,Y,,,,
GB7LO,70CM,DVU41,439.512500,430.512500,,SE,DV Scotland Phoenix,3,IO91,TQ3668,BECKENHAM,Y,,,,
GB7LP,70CM,DVU32,439.400000,430.400000,,NOR,DV Scotland Phoenix,1,IO83MK,SJ3893,LIVERPOOL,Y,,,,
GB7LR,70CM,DVU38,439.475000,430.475000,,CEN,BRANDMEISTER,1,IO92IQ,SK4810,LEICESTER,Y,,,,
GB7LS,70CM,DVU32,439.400000,430.400000,,SCOT,BRANDMEISTER,,IO85,NT4436,GALASHIELS ,Y,Y,Y,,
GB7LT,70CM,U324,434.050000,434.050000,,CEN,,,IO92,TF1324,BOURNE,,,,,
GB7LV,2M,RV49,145.612500,145.012500,,SCOT,DV Scotland Phoenix,1,IO85FV,NT0465,LIVINGSTON,Y,Y,Y,,
GB7LZ,70CM,RU73,430.912500,438.512500,77.0,SW,,1,IO80AU,SS6309,WINKLEIGH,Y,,,,
GB7MA,70CM,DVU36,439.450000,430.450000,103.5,SCOT,,,IO75PI,NS2909,MAYBOLE,,,Y,,
GB7MB,70CM,DVU56,439.700000,430.700000,,NOR,,,IO84,SD4464,MORECAMBE,,,Y,,
GB7MC,70CM,DVU43,439.537500,430.537500,,SW,,,IO70,SW9453,ST AUSTELL,,Y,Y,,
GB7MD,70CM,DVU32,439.400000,430.400000,,SW,,,IO80UT,ST8002,BLANDFORD FORUM,,,Y,,
GB7ME,70CM,DVU58,439.725000,430.725000,,CEN,,3,IO92JJ,SP5177,RUGBY,,Y,,,
GB7MF,70CM,DVU54,439.675000,430.675000,,NI,DV Scotland Phoenix,3,IO64QR,IH8989,MAGHERAFELT,Y,Y,Y,,
GB7MH,70CM,DVU51,439.637500,430.637500,,SE,freeDMR,2,IO91WC,TQ3335,EAST GRINSTEAD,Y,Y,Y,,
GB7MJ,70CM,DVU51,439.637500,430.637500,,SW,SW CLUSTER,5,IO91GA,SU3623,ROMSEY,Y,,,,
GB7MK,70CM,DVU48,439.600000,430.600000,,SE,DV Scotland Phoenix,13,JO02OB,TM1944,IPSWICH,Y,,,,
GB7MM,70CM,DVU60,439.750000,430.750000,,SCOT,DV Scotland Phoenix,5,IO87BN,NH8655,NAIRN,Y,Y,Y,,
GB7MN,70CM,DVU33,439.412500,430.412500,,NOR,DV Scotland Phoenix,2,IO83,SJ9781,STOCKPORT,Y,,,,
GB7MP,70CM,DVU60,439.750000,430.750000,,NOR,BRANDMEISTER,3,IO84NB,SD4162,HEYSHAM,Y,,,,
GB7MR,70CM,DVU59,439.737500,430.737500,,NOR,NORTHERN DMR CLUSTER,2,IO83,SD7716,BURY,Y,,,,
GB7MS,2M,RV62,145.775000,145.175000,,NOR,BRANDMEISTER,10,IO94EX,NZ2563,NEWCASTLE UPON TYNE,Y,,,,
GB7MT,70CM,DVU53,439.662500,430.662500,,SW,,,IO90IV,SU4711,SOUTHAMPTON,,,Y,,
GB7NA-A,23CM,RM12,1297.300000,1291.300000,,NOR,,,IO93HN,SE3907,BARNSLEY,,Y,,,
GB7NA-B,70CM,DVU36,439.450000,430.450000,71.9,NOR,,,IO93HN,SE3907,BARNSLEY,,Y,,,
GB7NA-C,2M,RV54,145.675000,145.075000,,NOR,,,IO93HN,SE3907,BARNSLEY,,Y,,,
GB7NB,70CM,DVU55,439.687500,430.687500,,CEN,,,JO02PN,TG2502,NORWICH,,Y,,,
GB7ND,70CM,DVU33,439.412500,430.412500,,CEN,DV Scotland Phoenix,1,JO02LM,TM0195,GREAT ELLINGHAM,Y,,,,
GB7NE,70CM,DVU36,439.450000,430.450000,,NOR,,3,IO95FE,NZ3087,ASHINGTON,Y,Y,Y,,
GB7NF,70CM,DVU39,439.487500,430.487500,,SE,BRANDMEISTER,1,JO00AS,TQ4401,NEWHAVEN,Y,,,,
GB7NH,70CM,DVU50,439.625000,430.625000,,SW,,,IO91OF,SU8650,ALDERSHOT,,,Y,,
GB7NI,70CM,RU79,430.987500,438.587500,77.0,CEN,,,IO92NG,SP7762,NORTHAMPTON,,,Y,,
GB7NL,70CM,DVU37,439.462500,430.462500,,SW,,,IO80FR,SX9393,EXETER,,Y,,,
GB7NM,2M,RV59,145.737500,145.137500,,CEN,,,JO02LM,TM0195,ATTLEBOURGH,,Y,Y,,
GB7NN,70CM,DVU60,439.750000,430.750000,,CEN,,,IO93,SK5879,WORKSOP,,,Y,,
GB7NQ,70CM,RU70,430.875000,438.475000,,WM,BRANDMEISTER,10,IO82TA,SO7438,LEDBURY,Y,,,,
GB7NR,70CM,DVU35,439.437500,430.437500,,CEN,FREESTAR,1,IO92KX,SK5943,NOTTINGHAM,Y,Y,,,
GB7NS,70CM,DVU13,439.162500,430.162500,,SE,DV Scotland Phoenix,3,IO91WG,TQ3254,CATERHAM,Y,,,,
GB7NT,70CM,RU74,430.925000,438.525000,118.8,SW,,,IO91IJ,SU4965,NEWBURY,,,Y,,
GB7NV,70CM,RU66,430.825000,438.425000,,CEN,freeDMR,1,IO93,SK5252,NOTTINGHAM,Y,Y,,,
GB7NW,70CM,DVU58,439.725000,430.725000,,SW,,,IO91DN,SU1886,SWINDON,,,Y,,
GB7NX,70CM,UR63,438.387500,430.787500,77,SW,,5,IO70,SS3807,NEAR HOLSWORTHY ,Y,Y,Y,,
GB7OK,2M,RV57,145.712500,145.112500,,SE,,3,IO91,TQ3668,BECKENHAM,Y,Y,Y,,
GB7OR,70CM,DVU37,439.462500,430.462500,,SCOT,BRANDMEISTER,1,IO88LX,HY4111,KIRKWALL,Y,,,,
GB7PA,70CM,DVU42,439.525000,430.525000,,SCOT,BRANDMEISTER,1, IO7,NS4664,PAISLEY,Y,,,,
GB7PB,2M,RV53,145.662500,145.062500,,NOR,,,IO94FR,NZ3037,DURHAM,,Y,,,
GB7PC,2M,RV48,145.600000,145.000000,,SW,SW CLUSTER,7,IO70IA,SW6619,MULLION,Y,,,,
GB7PD,2M,RV59,145.737500,145.137500,94.8,WM,,,IO71OV,SN0727,MAENCLOCHOG,,Y,Y,,
GB7PE,70CM,DVU40,439.500000,430.500000,,CEN,DV Scotland Phoenix,3,IO92TL,TL1289,PETERBOROUGH,Y,,,,
GB7PF,70CM,DVU51,439.637500,430.637500,,SW,SW CLUSTER,3,IO80AN,SX6276,PRINCETOWN,Y,,,,
GB7PH,70CM,DVU37,439.462500,430.462500,,SE,,3,JO00,TQ5909,HAILSHAM,Y,Y,,,
GB7PI,70CM,DVU61,439.762500,430.762500,,SE,,,IO92XA,TL3736,ROYSTON,,Y,,,
GB7PM,70CM,DVU35,439.437500,430.437500,,SW,,,IO81PH,ST4956,CHARTERHOUSE,,,Y,,
GB7PN,70CM,DVU34,439.425000,430.425000,,WM,DV Scotland Phoenix,1,IO83HH,SJ0781,PRESTATYN,Y,,,,
GB7PO,70CM,DVU59,439.737500,430.737500,,SW,,,IO90KT,SU6300,PORTSMOUTH,,,Y,,
GB7PR,70CM,U324,434.050000,434.050000,,NOR,,,IO83RU,SD6238,LONGRIDGE,,,,,
GB7PS,2M,RV55,145.687500,145.087500,,SW,BRANDMEISTER,3,IO90,SU6501,PORTSMOUTH,Y,,,,
GB7PT,70CM,DVU57,439.712500,430.712500,,SE,,,IO92XA,TL3736,ROYSTON,Y,Y,Y,,
GB7PX,70CM,DVU62,439.775000,430.775000,,SE,BRANDMEISTER/PHOENIX,10,IO92XA,TL3736,ROYSTON,Y,Y,,,
GB7PY,70CM,RU74,430.925000,438.525000,,SE,BRANDMEISTER/PHOENIX,3,JO02AF,TL3959,CAMBRIDGE,Y,,,,
GB7RA,70CM,DVU52,439.650000,430.650000,,NOR,BRANDMEISTER,5,IO83LH,SJ2978,NESTON,Y,Y,Y,,
GB7RB-C,2M,RV54,145.675000,145.075000,,WM,,,IO81GK,ST0173,COWBRIDGE,,Y,,,
GB7RC,70CM,DVU-R21,430.262500,439.262500,,SW,,,IO81,SO9924,CHELTENHAM,,Y,,,
GB7RD,70CM,DVU55,439.687500,430.687500,,SW,SW CLUSTER,3,IO70,SX5368,YELVERTON,Y,,,,
GB7RE,70CM,DVU57,439.712500,430.712500,,CEN,FREESTAR,1,IO93MH,SK7180,RETFORD,Y,,,,
GB7RG,70CM,RU79,430.987500,438.587500,103.5,SCOT,BRANDMEISTER,5,IO74LV,NX0460,STRANRAER,Y,,,,
GB7RH,70CM,DVU-R24,430.300000,439.300000,123,SE,,10,JO00,TQ5721,HEATHFIELD,Y,,,,
GB7RJ,70CM,DVU43,439.537500,430.537500,,WM,BRANDMEISTER,5,IO82LW,SJ2936,CHIRK,Y,Y,,,
GB7RL,70CM,DVU62,439.775000,430.775000,,NOR,BRANDMEISTER,10,IO83RU,SD6238,LONGRIDGE,Y,Y,Y,Y,
GB7RM,70CM,U324,434.050000,434.050000,,SE,,,JO01CO,TQ5391,ROMFORD,,,,,
GB7RN,2M,RV51,145.637500,145.037500,,SW,,,IO90JT,SU5704,FAREHAM,,Y,,,
GB7RO,70CM,DVU-R21,430.262500,439.262500,,NOR,,,IO83UQ,SD7923,HASLINGDEN,,,Y,,
GB7RR,70CM,DVU49,439.612500,430.612500,,CEN,freeDMR,1,IO92,SK5043,KIMBERLEY,Y,,,,
GB7RS,70CM,DVU49,439.612500,430.612500,,SE,BRANDMEISTER,4,IO91PX,SP8633,MILTON KEYNES,Y,,,,
GB7RT,70CM,DVU33,439.412500,430.412500,,SW,BRANDMEISTER,3,IO91,SU9566,SUNNINGDALE,Y,,,,
GB7RU,70CM,DVU-R20,430.250000,439.250000,123,SE,,10,JO00,TQ5801,EASTBOURNE,Y,,,,
GB7RV,70CM,DVU50,439.625000,430.625000,,NOR,NORTHERN DMR CLUSTER,2,IO83,SD6832,BLACKBURN,Y,,,,
GB7RW,2M,RV48,145.600000,145.000000,88.5,NOR,,,IO94SO,NZ9304,WHITBY,,Y,,,
GB7RX,2M,RV62,145.775000,145.175000,103.5,SE,BRANDMEISTER,3,JO00GU,TQ7911,HASTINGS,Y,,,,
GB7RY,70CM,RU76,0.000000,0.000000,103.5,SE,,,JO00HW,TQ8320,RYE,,,Y,,
GB7SA,70CM,DVU-R24,430.300000,439.300000,,WM,BRANDMEISTER,5,IO81,SS7893,PORT TALBOT,Y,,,,
GB7SB,70CM,DVU53,439.662500,430.662500,,CEN,SALOP DMR,5,IO92,SP0379,BIRMINGHAM,Y,,,,
GB7SC,70CM,DVU48,439.600000,430.600000,,NOR,,,IO99GI,SK3684,SHEFFIELD,,Y,,,
GB7SD,70CM,DVU33,439.412500,430.412500,,SW,SW CLUSTER,1,IO80SQ,SY6785,WEYMOUTH,Y,,,,
GB7SE,70CM,DVU38,439.475000,430.475000,,SE,DV Scotland Phoenix,3,JO01DM,TQ5781,THURROCK,Y,,,,
GB7SF-C,2M,RV59,145.737500,145.137500,,NOR,,,IO93GK,SK3791,SHEFFIELD,,Y,,,
GB7SG,2M,RV61,145.762500,145.162500,,NOR,DV Scotland Phoenix,1,IO83MK,SJ3893,LIVERPOOL,Y,,,,
GB7SH,70CM,RU77,430.962500,438.562500,71.9,NOR,,,IO93GK,SK3791,SHEFFIELD,,,Y,,
GB7SI,70CM,DVU61,439.762500,430.762500,,CEN,BRANDMEISTER,1,IO83,SJ9158,LEEK,Y,,,,
GB7SK,70CM,DVU37,439.462500,430.462500,,CEN,DV Scotland Phoenix,1,IO92NO,SK7303,LEICESTER,Y,,,,
GB7SL,70CM,DVU50,439.625000,430.625000,,CEN,BRANDMEISTER,8,IO92TR,TF1114,BASTON,Y,,,,
GB7SM,70CM,DVU47,439.587500,430.587500,103.5,SCOT,DV Scotland Phoenix,1,IO86,NO5201,FIFE,Y,Y,Y,Y,
GB7SN,70CM,DVU54,439.675000,430.675000,,NOR,BRANDMEISTER,1,IO93GH,SK3481,SHEFFIELD,Y,,,,
GB7SO,70CM,DVU42,439.525000,430.525000,,SW,BRANDMEISTER,1,IO90KT,SU6001,GOSPORT,Y,Y,,,
GB7SP,70CM,DVU60,439.750000,430.750000,,SW,SW CLUSTER,3,IO91CB,SU1427,SALISBURY,Y,,,,
GB7SQ,70CM,DVU54,439.675000,430.675000,,SCOT,BRANDMEISTER,1,IO85,NT3561,DALKEITH,Y,,,Y,
GB7SR,70CM,DVU51,439.637500,430.637500,,NOR,BRANDMEISTER,2,IO93GJ,SK3589,SHEFFIELD,Y,,,,
GB7SS,70CM,DVU47,439.587500,430.587500,,SCOT,BRANDMEISTER,1,IO87IP,NJ2164,ELGIN,Y,,,,
GB7ST,70CM,DVU36,439.450000,430.450000,,CEN,BRANDMEISTER,1,IO83,SJ9348,STOKE ON TRENT,Y,,,,
GB7SU,70CM,DVU36,439.450000,430.450000,,SW,DV Scotland Phoenix,8,IO90IV,SU4711,SOUTHAMPTON,Y,,,,
GB7SV,70CM,DVU47,439.587500,430.587500,82.5,SE,,,IO91,TL1725,HITCHIN,,,Y,,
GB7SW,2M,RV51,145.637500,145.037500,,SW,,2,IO81VL,ST8875,CHIPPENHAM,,Y,,,
GB7TB,70CM,,439.218800,430.218800,,CEN,,,IO92TR,TF1114,BASTON,,,,,
GB7TC,70CM,DVU42,439.525000,430.525000,,SW,DV Scotland Phoenix,2,IO91DL,SU2076,SWINDON,Y,,,,
GB7TD,70CM,DVU13,439.162500,430.162500,,NOR,NORTHERN DMR CLUSTER,1,IO93EP,SE2215,WAKEFIELD,Y,,,,
GB7TE,2M,RV62,145.775000,145.175000,,SE,,,JO01OT,TM2117,CLACTON ON SEA,,Y,,,
GB7TF,70CM,DVU39,439.487500,430.487500,,SE,,,IO91QT,SP9211,TRING,,,Y,,
GB7TG,70CM,RU78,430.975000,438.575000,118.8,SW,,7,IO80,SS6609,WEMBWORTHY,Y,,,,
GB7TH,70CM,DVU-R23,430.287500,439.287500,,SE,BRANDMEISTER,5,JO01QJ,TR3770,MARGATE,Y,,,,
GB7TM,70CM,DVU59,439.737500,430.737500,,SE,,,JO02NH,TM1070,EYE,,,Y,,
GB7TP,70CM,DVU55,439.687500,430.687500,,NOR,BRANDMEISTER,1,IO93CT,SE1336,SHIPLEY,Y,Y,Y,,
GB7TQ,70CM,RU71,430.887500,438.487500,94.8,SW,,,IO80FM,SX9168,TORQUAY,,,Y,,
GB7TR,70CM,,434.000000,0.000000,,SE,,,JO01D1,TQ6163,NEW ASH GREEN,,,,,
GB7TT,70CM,DVU40,439.503125,430.503125,,SW,,,IO82,SO6077,LUDLOW,,,,Y,
GB7TX,70CM,U321A,434.018750,434.018750,,CEN,,,JO02TK,TM4488,BECCLES,,,,,
GB7TY,70CM,DVU49,439.612500,430.612500,,NOR,,10,IO84XX,NY9766,HEXHAM,Y,Y,,,
GB7UL,70CM,DVU42,439.525000,430.525000,,NI,DV Scotland Phoenix,1,IO74,IJ3892,CARRICKFERGUS,Y,,,,
GB7VH,70CM,DVU34,439.425000,430.425000,,SE,BRANDMEISTER,10,IO91VS,TL2207,HATFIELD,Y,,,,
GB7VO,70CM,DVU56,439.700000,430.700000,,WM,,1,IO82QJ,SO5975,TENBURY WELLS,Y,Y,Y,Y,
GB7VR,2M,RV49,145.612500,145.012500,82.5,SE,,,IO91TU,TL1317,HARPENDEN,,,Y,,
GB7VT,70CM,U94,431.175000,431.175000,,CEN,,5,IO83,SJ9347,STOKE-ON-TRENT,Y,,,,
GB7WB,70CM,DVU39,439.487500,430.487500,,SW,BRANDMEISTER,2,IO81MH,ST3358,WESTON-SUPER-MARE,,Y,,,
GB7WC,70CM,DVU39,439.487500,430.487500,,NOR,,,IO83QI,SJ5783,WARRINGTON,,Y,,,
GB7WD,70CM,DVU57,439.712500,430.712500,,CEN,SALOP DMR,11,IO82,SO9193,SEDGLEY,Y,,,,
GB7WF,70CM,DVU39,439.487500,430.487500,,WM,BRANDMEISTER,13,IO82,SO7775,BEWDLEY,Y,Y,Y,Y,
GB7WH,70CM,DMU30,439.375000,430.375000,110.9,WM,,,IO83,SJ3252,WREXHAM,,,Y,,
GB7WI,70CM,DVU33,439.412500,430.412500,,NOR,BRANDMEISTER,1,IO93SS,TA0532,COTTINGHAM,Y,,,,
GB7WK,70CM,DVU41,439.512500,430.512500,,SW,BRANDMEISTER,15,IO91,SU9658,WOKING,Y,Y,Y,Y,
GB7WL,70CM,DVU37,439.462500,430.462500,,SE,DV Scotland Phoenix,3,IO91QP,SU9595,AMERSHAM,Y,,,,
GB7WM,70CM,DVU55,439.687500,430.687500,,NOR,,,IO83SM,SD6801,ASTLEY,,,Y,,
GB7WN,70CM,DVU60,439.750000,430.750000,,CEN,SALOP DMR,8,IO82XP,SJ9403,WOLVERHAMPTON,Y,,,,
GB7WR,70CM,DVU37,439.462500,430.462500,,WM,,,IO82UB,SO7742,GREAT MALVERN,,Y,,,
GB7WS,70CM,DVU34,439.425000,430.425000,,SE,DV Scotland Phoenix,3,IO91SA,TQ0826,BILLINGSHURST,Y,,,,
GB7WT,70CM,DVU48,439.600000,430.600000,,NI,BRANDMEISTER,1,IO64HQ,IH3982,OMAGH,Y,Y,Y,,
GB7WV,70CM,DVU55,439.687500,430.687500,,CEN,BRANDMEISTER,2,IO92NL,SP7487,MARKET HARBOROUGH,Y,,,,
GB7WW,70CM,DVU38,439.475000,430.475000,,SW,SW CLUSTER,7,IO81,ST9276,KINGTON LANGLEY,Y,,,,
GB7WX,70CM,DVU41,439.512500,430.512500,,NOR,BRANDMEISTER,3,IO83OE,SJ4866,TARVIN,Y,Y,Y,,
GB7WY,70CM,DVU41,439.512500,430.512500,,NOR,,,IO93FR,SE3024,WAKEFIELD,,,Y,,
GB7XF,70CM,DVU-R20,430.250000,439.250000,82.5,NOR,freeDMR,10,IO83XM,SD9401,ASHTON-UNDER-LYNE,,,,,
GB7XG,70CM,RU70,430.875000,438.475000,103.5,SCOT,DV Scotland Phoenix,1,IO86,NO2602,GLENROTHES ,Y,Y,Y,Y,
GB7XN,70CM,DVU45,439.562500,430.562500,,CEN,FREESTAR,1,IO93KH,SK5979,WORKSOP,Y,Y,Y,,
GB7XX,70CM,DVU37,439.462500,430.462500,118.8,NOR,BRANDMEISTER,10,IO94,NZ2761,FELLING,Y,,,,
GB7XY,70CM,DVU34,439.425000,430.425000,,NOR,BRANDMEISTER,10,IO94EX,NZ2563,NEWCASTLE UPON TYNE,Y,,,,
GB7YD,70CM,DVU55,439.687500,430.687500,,SW,SW CLUSTER,5,IO80PW,ST5217,YEOVIL,Y,,,,
GB7YF,2M,RV61,145.762500,145.162500,94.8,SW,,,IO80PW,ST5217,YEOVIL,,,Y,,
GB7YI,70CM,DVU46,439.575000,430.575000,,NOR,BRANDMEISTER,10,IO84WX,NY9364,HEXHAM,Y,,,,
GB7YJ,70CM,DVU47,439.587500,430.587500,,CEN,BRANDMEISTER,3,IO92FH,SP3367,LEAMINGTON SPA,Y,,,,
GB7YL,2M,RV63,145.787500,145.187500,,CEN,DV Scotland Phoenix,1,JO02UL,TM5492,LOWESTOFT,Y,,,,
GB7YM,70CM,DVU57,439.712500,430.712500,,SW,SW CLUSTER,3,IO70XI,SX5252,PLYMOUTH,Y,,,,
GB7YN,70CM,DVU-R23,430.287500,439.287500,,NOR,freeDMR,5,IO93HO,SE3813,WAKEFIELD,Y,,,,
GB7YR,70CM,DVU42,439.525000,430.525000,,NOR,BRANDMEISTER,2,IO93,SK5198,DONCASTER,Y,,,,
GB7YS,70CM,RU79,430.987500,438.587500,67.0,NOR,,,IO83,SD3112,SOUTHPORT,,,Y,,
GB7YY,70CM,DVU34,439.425000,430.425000,,SW,,4,IO81QJ,ST5566,DUNDRY,Y,Y,Y,Y,
GB7YZ,70CM,DVU38,439.475000,430.475000,,WM,BRANDMEISTER,,IO83JE,SJ2166,MOLD,Y,,Y,,
GB7ZE,70CM,RB02,433.050000,434.650000,103.5,SE,BRANDMEISTER,3,JO00GU,TQ7910,HASTINGS,Y,,,,
GB7ZP,70CM,DVU39,439.487500,430.487500,,SE,,,JO01FS,TL7210,CHELMSFORD,,Y,,,
GB7ZT,70CM,DVU32,439.400000,430.400000,,SCOT,BRANDMEISTER,9,IO75LC,NX0882,BALLANTRAE,Y,,,,
M0OFF,70CM,DVU12,439.150000,430.150000,94.8,CEN,,,IO92VI,TL2473,HUNTINGDON,,,,Y,
M0RVB,70CM,,438.800000,434.000000,,NOR,,,IO93EU,SE2638,LEEDS,,,Y,,
M0WTV,2M,RV48,145.600000,145.000000,,NOR,,,IO83,SD6711,WINTER HILL  LANCS,,Y,,,
M0XYN,2M,RV47,145.587500,144.987500,82.5,NOR,,6,IO93HP,SE3814,WAKEFIELD,Y,Y,Y,,
M0ZAH,70CM,DMU28,439.350000,430.350000,94.8,CEN,,,JO02,TG2609,THORPE ST ANDREW,Y,,,,
M0ZAH,70CM,DVU34,439.425000,430.425000,94.8,CEN,,1,JO02PP,TG2210,NORWICH,Y,Y,Y,Y,
MB5DL,70CM,RU72,430.900000,438.500000,118.8,WM,,,IO82TA,SO7438,LEDBURY,,,Y,,
MB5DS,70CM,RU74,430.925000,438.525000,82.5,CEN,FREESTAR,7,JO03DH,TF5083,MABLETHORPE,Y,Y,Y,,
MB5KT,70CM,DVU-R24,430.300000,439.300000,,NOR,freeDMR,5,IO93AU,SE0541,KEIGHLEY,Y,,,,
