"CALL","BAND","CHAN","txMHz","rxMHz","SHIFT","QTHR","NGR","WHERE","REG","CTCSS","DMRcc","DMRcon","LAT","LON","STATUS","ANALG","DMR","DSTAR","FUSION","NXDN",
GB3AA,2M,RV53,145.662500,145.062500,-0.6,IO81RO,ST6288,BRISTOL,SW,94.8,,,51.59,-2.54,OPERATIONAL,1,0,0,0,0,
GB3AB,70CM,RB15,433.375000,434.975000,1.6,IO93FK,SK3091,SHEFFIELD,NOR,82.5,,,53.42,-1.54,OPERATIONAL,1,0,0,0,0,
GB3AC,70CM,RU78,430.975000,438.575000,7.6,IO81TS,ST5978,BRISTOL,SW,94.8,,,51.50,-2.58,OPERATIONAL,1,0,0,0,0,
GB3AG,2M,RV58,145.725000,145.125000,-0.6,IO86ON,NO4841,FORFAR,SCOT,94.8,,,56.56,-2.83,OPERATIONAL,1,0,0,1,0,
GB3AH,70CM,RB11,433.275000,434.875000,1.6,JO02KP,TF9210,EAST DEREHAM,CEN,94.8,,,52.66,0.84,OPERATIONAL,1,0,0,0,0,
GB3AL,2M,RV59,145.737500,145.137500,-0.6,IO91QP,SU9595,AMERSHAM,SE,77.0,,,51.65,-0.62,OPERATIONAL,1,0,0,1,0,
GB3AM,6M,R50-13,50.840000,51.340000,-0.1,IO91QP,SU9595,AMERSHAM,SE,77,,,51.65,-0.62,OPERATIONAL,1,0,0,0,0,
GB3AN,70CM,RB08,433.200000,434.800000,1.6,IO73UJ,SH4790,AMLWCH,WM,110.9,,,53.39,-4.30,OPERATIONAL,1,0,0,1,0,
GB3AR,2M,RV56,145.700000,145.100000,-0.6,IO73VC,SH5260,CAERNARFON,WM,110.9,,,53.12,-4.20,OPERATIONAL,1,0,0,1,0,
GB3AS,2M,RV48,145.600000,145.000000,-0.6,IO85MC,NY4080,LANGHOLM,SCOT,77,,,55.11,-2.93,OPERATIONAL,1,0,0,0,0,
GB3AU,70CM,RB07,433.175000,434.775000,1.6,IO91QP,SU9595,AMERSHAM,SE,82.5,,,51.65,-0.62,OPERATIONAL,1,0,0,0,0,
GB3AV,70CM,RB02,433.050000,434.650000,1.6,IO91OT,SP8113,AYLESBURY,SE,118.8,,,51.81,-0.81,OPERATIONAL,1,0,0,0,0,
GB3AW,70CM,RB10,433.250000,434.850000,1.6,IO91GH,SU3958,NEWBURY,SW,71.9,,,51.32,-1.44,OPERATIONAL,1,0,0,0,0,
GB3AY,2M,RV52,145.650000,145.050000,-0.6,IO75OR,NS2651,DALRY,SCOT,103.5,,,55.73,-4.76,OPERATIONAL,1,0,0,0,0,
GB3BA,70CM,RB13,433.325000,434.925000,1.6,IO91,SU6048,BASINGSTOKE,SW,71.9,,,,,OPERATIONAL,1,0,0,0,0,
GB3BB,2M,RV56,145.700000,145.100000,-0.6,IO81,SN9830,BRECON,WM,94.8,,,,,OPERATIONAL,1,0,0,0,0,
GB3BC,2M,RV60,145.750000,145.150000,-0.6,IO81IO,ST0991,PONTYPRIDD,WM,94.8,,,51.61,-3.30,OPERATIONAL,1,0,0,0,0,
GB3BE,70CM,RU69,430.862500,438.462500,7.6,IO85,NT7354,DUNS,SCOT,118.8,,,,,REDUCED OUTPUT,1,0,0,1,0,
GB3BF,2M,RV63,145.787500,145.187500,-0.6,IO92,TL0546,BEDFORD,SE,77.0,,,,,OPERATIONAL,1,0,0,0,0,
GB3BH,70CM,RU79,430.987500,438.587500,7.6,JO00FU,TQ7408,BEXHILL-ON-SEA,SE,77.0,,,50.85,0.48,NOT OPERATIONAL,1,0,0,0,0,
GB3BI,2M,RV58,145.725000,145.125000,-0.6,IO77RM,NH4849,MUIR OF ORD,SCOT,67,,,57.51,-4.54,OPERATIONAL,1,0,0,0,0,
GB3BK,70CM,RU72,430.900000,438.500000,7.6,JO01AK,TQ3971,BROMLEY,SE,103.5,,,51.43,0.01,OPERATIONAL,1,0,0,0,0,
GB3BL,70CM,RU70,430.875000,438.475000,7.6,IO92SD,TL0451,BEDFORD,SE,77.0,,,52.15,-0.48,NOT OPERATIONAL,1,0,0,0,0,
GB3BM,2M,RV57,145.712500,145.112500,-0.6,IO82,SO9687,DUDLEY,CEN,67.0,,,,,OPERATIONAL,1,0,0,0,0,
GB3BM-B,2M,RV57,145.712500,145.112500,-0.6,IO92,SP0785,BIRMINGHAM,CEN,67,,,,,NOT OPERATIONAL,1,0,0,0,0,
GB3BN,70CM,RB0,433.000000,434.600000,1.6,IO91OJ,SU8369,BRACKNELL,SW,118.8,,,51.41,-0.80,OPERATIONAL,1,0,0,0,0,
GB3BR,70CM,RU65,430.812500,438.412500,7.6,IO90,TQ2406,HOVE,SE,88.5,,,,,OPERATIONAL,1,0,0,0,0,
GB3BS,70CM,RU68,430.850000,438.450000,7.6,IO81TK,ST7170,BRISTOL,SW,118.8,,,51.43,-2.41,OPERATIONAL,1,0,0,0,0,
GB3BT,2M,RV56,145.700000,145.100000,-0.6,IO85WT,NT9458,BERWICK ON TWEED,SCOT,118.8,1,BRANDMEISTER,55.82,-2.08,OPERATIONAL,1,1,0,1,0,
GB3BV,70CM,RB01,433.025000,434.625000,1.6,IO91SR,TL0804,HEMEL HEMPSTEAD,SE,82.5,,,51.73,-0.43,OPERATIONAL,1,0,0,1,0,
GB3BW,70CM,RU65,430.812500,438.412500,7.6,IO93HO,SE3813,WAKEFIELD,NOR,82.5,,,53.62,-1.41,OPERATIONAL,1,0,0,0,0,
GB3BX,2M,RV54,145.675000,145.075000,-0.6,IO82,SO5986,CLEOBURY NORTH,WM,,13,SALOP DMR,,,REDUCED OUTPUT,0,1,0,0,0,
GB3BY,70CM,RU78,430.975000,438.575000,7.6,IO83QP,SD5918,CHORLEY,NOR,82.5,,,53.67,-2.61,OPERATIONAL,1,0,0,0,0,
GB3BZ,70CM,RU68,430.850000,438.450000,7.6,JO01GW,TL7428,BRAINTREE,SE,110.9,3,DV Scotland Phoenix,51.93,0.53,OPERATIONAL,1,1,0,0,0,
GB3CA,70CM,RB13,433.325000,434.925000,1.6,IO84OT,NY4647,CARLISLE,NOR,77,,,54.82,-2.83,OPERATIONAL,1,0,0,0,0,
GB3CB,70CM,RB14,433.350000,434.950000,1.6,IO92BL,SP0785,BIRMINGHAM,CEN,67,,,52.46,-1.89,OPERATIONAL,1,0,0,0,0,
GB3CC,70CM,RU77,430.962500,438.562500,7.6,IO90,SU9201,CHICHESTER,SE,88.5,,,,,OPERATIONAL,1,0,0,0,0,
GB3CD,2M,RV55,145.687500,145.087500,-0.6,IO94DR,NZ1637,CROOK,NOR,118.8,,,54.74,-1.75,OPERATIONAL,1,0,0,1,0,
GB3CE,70CM,RB14,433.350000,434.950000,1.6,JO01KV,TL9927,COLCHESTER,SE,67,,,51.91,0.90,OPERATIONAL,1,0,0,0,0,
GB3CF,2M,RV48,145.600000,145.000000,-0.6,IO92IQ,SK4810,MARKFIELD,CEN,77.0,,,52.69,-1.28,OPERATIONAL,1,0,1,1,1,
GB3CG,2M,RV58,145.725000,145.125000,-0.6,IO81VU,SO8818,GLOUCESTER,SW,118.8,,,51.87,-2.18,OPERATIONAL,1,0,0,0,0,
GB3CH,70CM,RU70,430.875000,438.475000,7.6,IO70SM,SX2770,LISKEARD,SW,77,,,50.51,-4.44,OPERATIONAL,1,0,0,0,0,
GB3CI,70CM,RU66,430.825000,438.425000,7.6,IO92PM,SP8991,CORBY,CEN,77.0,,,52.51,-0.68,OPERATIONAL,1,0,0,0,0,
GB3CJ,10M,,29.640000,29.540000,,IO92QF,SP9259,BOZEAT,CEN,77.0,,,52.23,-0.65,NOT OPERATIONAL,1,0,0,0,0,
GB3CK,70CM,RB0,433.000000,434.600000,1.6,JO01JF,TQ9451,CHARING KENT,SE,103.5,,,51.23,0.79,NOT OPERATIONAL,1,0,0,0,0,
GB3CL,70CM,RB09,433.225000,434.825000,1.6,JO01OT,TM2117,CLACTON,SE,67,,,51.81,1.21,OPERATIONAL,1,0,0,0,0,
GB3CM,70CM,RU69,430.862500,438.462500,7.6,IO71VW,SN4727,CARMARTHEN,WM,94.8,,,51.92,-4.22,OPERATIONAL,1,0,0,1,0,
GB3CN,2M,RV55,145.687500,145.087500,-0.6,IO71TX,SN3535,NEWCASTLE EMLYN,WM,94.8,,,51.99,-4.40,OPERATIONAL,1,0,0,0,0,
GB3CO,2M,RV53,145.662500,145.062500,-0.6,IO92QM,SP9290,CORBY,CEN,77.0,,,52.50,-0.65,NOT OPERATIONAL,1,0,0,0,0,
GB3CP,2M,RV59,145.737500,145.137500,-0.6,IO64IG,IH5181,FERMANAGH,NI,110.9,,,54.27,-7.27,OPERATIONAL,1,0,0,0,0,
GB3CQ,10M,,29.630000,29.530000,,IO90,TQ1104,WORTHING,SE,88.5,,,,,OPERATIONAL,1,0,0,0,0,
GB3CR,70CM,RB06,433.150000,434.750000,1.6,IO83,SJ2957,CAERGWRLE,WM,110.9,,,,,OPERATIONAL,1,0,0,0,0,
GB3CS,2M,RV60,145.750000,145.150000,-0.6,IO85,NS7763,MOTHERWELL,SCOT,103.5,,,,,OPERATIONAL,1,0,0,0,0,
GB3CV,70CM,DMU29,439.362500,430.362500,,IO92FJ,SP3379,COVENTRY,CEN,67.0,,,52.41,-1.51,OPERATIONAL,1,0,0,0,0,
GB3CY,70CM,RU69,430.862500,438.462500,7.6,IO93KW,SE5547,YORK,NOR,88.5,,,53.92,-1.15,OPERATIONAL,1,0,0,0,0,
GB3DA,2M,RV58,145.725000,145.125000,-0.6,JO01GR,TL7705,DANBURY,SE,110.9,,,51.72,0.57,OPERATIONAL,1,0,0,1,0,
GB3DB,6M,R50-06,50.770000,51.270000,-0.1,JO01HR,TL7906,DANBURY,SE,110.9,,,51.72,0.60,OPERATIONAL,1,0,0,1,0,
GB3DC,2M,RV55,145.687500,145.087500,-0.6,IO92GW,SK3837,DERBY,CEN,71.9,,,52.94,-1.44,OPERATIONAL,1,0,0,0,0,
GB3DD,70CM,RB10,433.250000,434.850000,1.6,IO86MM,NO4035,DUNDEE,SCOT,94.8,,,56.50,-2.97,OPERATIONAL,1,0,0,1,0,
GB3DE,70CM,RB07,433.175000,434.775000,1.6,JO02NF,TM1164,IPSWICH,SE,110.9,,,52.24,1.10,OPERATIONAL,1,0,0,0,0,
GB3DG,2M,RV62,145.775000,145.175000,-0.6,IO74UV,NX5257,NEWTON STEWART,SCOT,103.5,,,54.89,-4.30,OPERATIONAL,1,0,0,1,0,
GB3DI,70CM,RB06,433.150000,434.750000,1.6,IO91,SU4986,DIDCOT,SW,118.8,,,,,OPERATIONAL,1,0,0,0,0,
GB3DM,70CM,RU74,430.925000,438.525000,7.6,IO75QX,NS3878,DUMBARTON,SCOT,103.5,0,,55.97,-4.58,OPERATIONAL,1,1,1,1,0,
GB3DN,2M,RV51,145.637500,145.037500,-0.6,IO70UW,SS4116,STIBB CROSS,SW,77,,,50.92,-4.26,OPERATIONAL,1,0,0,1,0,
GB3DP,70CM,RU69,430.862500,438.462500,7.6,IO92TR,TF1114,BASTON,CEN,88.5,,,52.72,-0.35,NOT OPERATIONAL,1,0,0,0,0,
GB3DQ,70CM,RU78,430.975000,438.575000,7.6,IO70RI,SX2151,POLPERRO,SW,77,,,50.34,-4.51,OPERATIONAL,1,0,0,0,0,
GB3DR,2M,RV59,145.737500,145.137500,-0.6,IO80SN,SY6872,WEYMOUTH,SW,,,,50.55,-2.44,OPERATIONAL,1,0,0,1,0,
GB3DS,70CM,RB13,433.325000,434.925000,1.6,IO93KH,SK5878,WORKSOP,CEN,71.9,,,53.30,-1.13,OPERATIONAL,1,0,0,0,0,
GB3DT,70CM,RB0,433.000000,434.600000,1.6,IO80WU,ST9107,BLANDFORD,SW,71.9,,,50.87,-2.12,OPERATIONAL,1,0,0,1,0,
GB3DU,2M,RV61,145.762500,145.162500,-0.6,IO85,NT7354,DUNS,SCOT,118.8,1,,,,OPERATIONAL,1,1,1,1,0,
GB3DX,70CM,RB12,433.300000,434.900000,1.6,IO65HA,IC4018,DERRY/LONDONDERRY,NI,110.9,,,55.01,-7.36,OPERATIONAL,1,0,0,0,0,
GB3DY,70CM,RB10,433.250000,434.850000,1.6,IO93,SK3051,WIRKSWORTH,CEN,71.9,0,,,,NOT OPERATIONAL,1,1,0,0,0,
GB3DZ,70CM,RU79,430.987500,438.587500,7.6,IO92,SK4036,DERBY,CEN,71.9,,,,,OPERATIONAL,1,0,0,0,0,
GB3EA,2M,RV55,145.687500,145.087500,-0.6,JO02GE,TL7457,WICKHAMBROOK,SE,110.9,,,52.19,0.55,OPERATIONAL,1,0,0,0,0,
GB3EB,2M,RV63,145.787500,145.187500,-0.6,JO00AT,TQ4401,NEWHAVEN,SE,88.5,3,BRANDMEISTER,50.79,0.44,OPERATIONAL,1,1,1,0,0,
GB3ED,70CM,RB14,433.350000,434.950000,1.6,IO85JW,NT2471,EDINBURGH,SCOT,94.8,,,55.94,-3.21,OPERATIONAL,1,0,1,0,0,
GB3EE,70CM,RB12,433.300000,434.900000,1.6,IO93,SK5163,MANSFIELD,CEN,71.9,,,,,OPERATIONAL,1,0,0,0,0,
GB3EF,6M,R50-01,50.720000,51.220000,-0.1,JO02NF,TM1164,STOWMARKET,SE,110.9,,,52.24,1.10,REDUCED OUTPUT,1,0,0,0,0,
GB3EG,70CM,RU73,430.912500,438.512500,7.6,IO83QN,SD5607,WIGAN,NOR,82.5,,,53.56,-2.65,OPERATIONAL,1,0,0,0,0,
GB3EH,70CM,RU77,430.962500,438.562500,7.6,IO92GC,SP3645,BANBURY,SW,67,,,52.11,-1.48,OPERATIONAL,1,0,0,0,0,
GB3EI,2M,RV49,145.612500,145.012500,-0.6,IO67IN,NF8164,LOCHMADDY,SCOT,88.5,6,BRANDMEISTER,57.55,-7.33,OPERATIONAL,1,1,1,1,0,
GB3EK,70CM,RU71,430.887500,438.487500,7.6,JO01QJ,TR3770,MARGATE,SE,103.5,,,51.38,1.40,OPERATIONAL,1,0,0,0,0,
GB3EM,2M,RV61,145.762500,145.162500,-0.6,IO92LJ,SP6476,COLD ASHBY,CEN,77.0,,,52.38,-1.05,REDUCED OUTPUT,1,0,0,0,0,
GB3ER,70CM,RB03,433.075000,434.675000,1.6,JO01GR,TL7705,DANBURY,SE,110.9,,,51.72,0.57,OPERATIONAL,1,0,0,1,0,
GB3ES,2M,RV54,145.675000,145.075000,-0.6,JO00,TQ8212,HASTINGS,SE,103.5,,,,,OPERATIONAL,1,0,0,0,0,
GB3EU,70CM,UR67,438.437500,430.837500,,IO92LJ,SP6476,COLD ASHBY,CEN,77.0,,,52.38,-1.05,NOT OPERATIONAL,1,0,0,0,0,
GB3EV,2M,RV56,145.700000,145.100000,-0.6,IO84SQ,NY7031,DUFTON,NOR,77,,,54.68,-2.46,OPERATIONAL,1,0,0,0,0,
GB3EW,2M,RV49,145.612500,145.012500,-0.6,IO80,SX9295,EXETER,SW,77,,,,,OPERATIONAL,1,0,0,0,0,
GB3EX,70CM,RU76,430.950000,438.550000,7.6,IO80GT,SS9605,SILVERTON,SW,77,,,50.84,-3.47,OPERATIONAL,1,0,0,0,0,
GB3EZ,70CM,RU78,430.975000,438.575000,7.6,JO02GE,TL7457,WICKHAMBROOK,SE,110.9,,,52.19,0.55,OPERATIONAL,1,0,0,0,0,
GB3FA,2M,RV57,145.712500,145.112500,-0.6,IO93HI,SK4483,SHEFFIELD,NOR,82.5,,,53.35,-1.34,OPERATIONAL,1,0,0,0,0,
GB3FC,70CM,RU68,430.850000,438.450000,7.6,IO83LU,SD3140,BLACKPOOL,NOR,82.5,,,53.86,-3.05,OPERATIONAL,1,0,0,0,0,
GB3FE,2M,RV53,145.662500,145.062500,-0.6,IO86BC,NS8592,STIRLING,SCOT,103.5,,,56.11,-3.85,OPERATIONAL,1,0,0,0,0,
GB3FF,2M,RV48,145.600000,145.000000,-0.6,IO86,NO4304,UPPER LARGO,SCOT,103.5,,,,,REDUCED OUTPUT,1,0,0,0,0,
GB3FG,2M,RV57,145.712500,145.112500,-0.6,IO71,SN4034,CARMARTHEN,WM,94.8,,,,,OPERATIONAL,1,0,0,1,0,
GB3FH,6M,R50-06,50.770000,51.270000,-0.1,IO81OH,ST4355,SOMERSET,SW,77,,,51.30,-2.81,OPERATIONAL,1,0,0,0,0,
GB3FI,70CM,RU74,430.925000,438.525000,7.6,IO81OH,ST4355,CHEDDAR,SW,77,,,51.30,-2.81,OPERATIONAL,1,0,0,0,0,
GB3FJ,70CM,RU76,430.950000,438.550000,7.6,IO93XE,TF3366,ASGARBY,CEN,71.9,,,53.18,-0.01,OPERATIONAL,1,0,0,0,0,
GB3FK,2M,RV60,145.750000,145.150000,-0.6,JO01,TR2238,FOLKESTONE,SE,103.5,,,,,OPERATIONAL,1,0,0,1,0,
GB3FN,70CM,RB15,433.375000,434.975000,1.6,IO91OF,SU8249,FARNHAM,SW,82.5,,,51.24,-0.83,OPERATIONAL,1,0,0,0,0,
GB3FR,2M,RV62,145.775000,145.175000,-0.6,JO03AE,TF3568,SPILSBY LINCS.,CEN,71.9,,,53.17,0.03,NOT OPERATIONAL,1,0,0,0,0,
GB3FU,2M,RV60,145.750000,145.150000,-0.6,IO92,SK5244,NOTTINGHAM,CEN,71.9,,,,,REDUCED OUTPUT,1,0,0,0,0,
GB3FV,70CM,RU65,430.812500,438.412500,7.6,IO86,NS8090,STIRLING,SCOT,88.5,5,DV Scotland Phoenix,,,NOT OPERATIONAL,1,1,1,1,0,
GB3FX,6M,R50-10,50.810000,51.310000,-0.1,IO91OF,SU8249,FARNHAM,SW,82.5,,,51.24,-0.83,OPERATIONAL,1,0,0,0,0,
GB3GB,70CM,DMU27,439.337500,430.337500,,IO92BM,SP0696,SUTTON COLDFIELD,CEN,67.0,,,52.57,-1.91,REDUCED OUTPUT,1,0,0,0,0,
GB3GD,2M,RV50,145.625000,145.025000,-0.6,IO74SG,SC3987,SNAEFELL IOM,NOR,110.9,,,54.26,-4.46,OPERATIONAL,1,0,0,0,0,
GB3GF,70CM,RB12,433.300000,434.900000,1.6,IO91RF,SU9948,GUILDFORD,SW,88.5,,,51.23,-0.58,OPERATIONAL,1,0,0,0,0,
GB3GH,70CM,RB05,433.125000,434.725000,1.6,IO81VU,SO8818,GLOUCESTER,SW,118.8,,,51.87,-2.18,OPERATIONAL,1,0,0,0,0,
GB3GJ,2M,RV51,145.637500,145.037500,-0.6,IN89WE,SO8818,ST HELIER,SW,71.9,,,49.20,-2.11,OPERATIONAL,1,0,0,0,0,
GB3GL,70CM,RU72,430.900000,438.500000,7.6,IO75WU,NS6863,GLASGOW,SCOT,103.5,,,55.85,-4.10,OPERATIONAL,1,0,0,1,0,
GB3GM,2M,RV50,145.625000,145.025000,-0.6,IO82UC,SO7746,GREAT MALVERN,WM,67.0,,,52.11,-2.33,OPERATIONAL,0,0,0,1,0,
GB3GN,2M,RV62,145.775000,145.175000,-0.6,IO87TA,NO7891,BANCHORY,SCOT,67,,,57.02,-2.36,OPERATIONAL,1,0,0,0,0,
GB3GO,2M,RV63,145.787500,145.187500,-0.6,IO83BH,SH7683,LLANDUDNO,WM,110.9,,,53.33,-3.85,OPERATIONAL,1,0,0,1,0,
GB3GR,70CM,RU68,430.850000,438.450000,7.6,IO92QV,SK9535,GRANTHAM,CEN,71.9,,,52.91,-0.58,OPERATIONAL,1,0,0,0,0,
GB3GU,70CM,RB13,433.325000,434.925000,1.6,IN89RK,SK9535,GUERNSEY,SW,71.9,,,49.46,-2.54,OPERATIONAL,1,0,0,0,0,
GB3HA,2M,RV60,145.750000,145.150000,-0.6,IO84,NY9064,HEXHAM,NOR,118.8,,,,,OPERATIONAL,1,0,0,1,0,
GB3HB,70CM,RB15,433.375000,434.975000,1.6,IO70OJ,SW9957,ROCHE,SW,77,,,50.38,-4.83,OPERATIONAL,1,0,0,1,0,
GB3HC,70CM,RB06,433.150000,434.750000,1.6,IO82PB,SO5141,HEREFORD,WM,118.8,,,52.07,-2.70,NOT OPERATIONAL,1,0,0,1,0,
GB3HD,70CM,RB09,433.225000,434.825000,1.6,IO93BP,SE0816,HUDDERSFIELD,NOR,82.5,,,53.65,-1.87,OPERATIONAL,1,0,0,1,0,
GB3HE,70CM,RU74,430.925000,438.525000,7.6,JO00HV,TQ8212,HASTINGS,SE,103.5,,,50.88,0.59,OPERATIONAL,1,0,0,1,0,
GB3HF,10M,,29.690000,29.590000,,IO82,SJ2340,LLANGOLLEN,WM,103.5,,,,,NOT OPERATIONAL,1,0,0,0,0,
GB3HG,2M,RV50,145.625000,145.025000,-0.6,IO94JF,SE5181,THIRSK,NOR,88.5,,,54.23,-1.21,OPERATIONAL,1,0,0,1,0,
GB3HH,2M,RV56,145.700000,145.100000,-0.6,IO93BF,SK0669,BUXTON,CEN,71.9,,,53.23,-1.91,OPERATIONAL,1,0,0,0,0,
GB3HI,2M,RV56,145.700000,145.100000,-0.6,IO76DK,NM7035,ISLE OF MULL,SCOT,103.5,,,56.46,-5.73,OPERATIONAL,1,0,0,0,0,
GB3HJ,70CM,RB01,433.025000,434.625000,1.6,IO94EB,SE2263,HARROGATE,NOR,118.8,,,54.06,-1.65,OPERATIONAL,1,0,0,0,0,
GB3HK,70CM,RB02,433.050000,434.650000,1.6,IO85,NT5029,SELKIRK,SCOT,118.8,,,,,OPERATIONAL,1,0,0,0,0,
GB3HM,6M,R50-11,50.820000,51.320000,-0.1,IO93GA,SK3645,BELPER,CEN,71.9,,,53.00,-1.56,OPERATIONAL,1,0,0,0,0,
GB3HN,70CM,RB01,433.025000,434.625000,1.6,IO82,SO6077,LUDLOW,WM,103.5,,,,,OPERATIONAL,1,0,0,0,0,
GB3HO,70CM,RU71,430.887500,438.487500,7.6,IO91TB,TQ1328,HORSHAM,SE,88.5,,,51.05,-0.39,OPERATIONAL,1,0,0,0,0,
GB3HR,70CM,RB14,433.350000,434.950000,1.6,IO91TO,TQ1392,HARROW,SE,82.5,,,51.62,-0.36,OPERATIONAL,1,0,0,0,0,
GB3HS,2M,RV52,145.650000,145.050000,-0.6,IO93RS,SE9532,HULL,NOR,88.5,,,53.78,-0.55,OPERATIONAL,1,0,1,1,0,
GB3HT,70CM,RB11,433.275000,434.875000,1.6,IO92HN,SP4294,HINCKLEY,CEN,77.0,,,52.55,-1.37,NOT OPERATIONAL,1,0,0,0,0,
GB3HW,70CM,RB13,433.325000,434.925000,1.6,JO01CN,TQ5389,GIDEA PARK,SE,110.9,,,51.58,0.21,OPERATIONAL,1,0,0,0,0,
GB3HY,70CM,RU72,430.900000,438.500000,7.6,IO90WX,TQ3323,HAYWARDS HEATH,SE,88.5,,,50.99,-0.09,OPERATIONAL,1,0,0,0,0,
GB3IC,70CM,RB05,433.125000,434.725000,1.6,IO82,SJ9400,WOLVERHAMPTON,CEN,67,,,,,OPERATIONAL,1,0,0,0,0,
GB3IG,2M,RV62,145.775000,145.175000,-0.6,IO68QE,NB3030,STORNOWAY,SCOT,88.5,,,58.18,-6.58,OPERATIONAL,1,0,0,0,0,
GB3IH,70CM,RB04,433.100000,434.700000,1.6,JO02OB,TM1944,IPSWICH,SE,110.9,,,52.06,1.20,OPERATIONAL,1,0,0,0,0,
GB3IK,2M,RV61,145.762500,145.162500,-0.6,JO01FJ,TQ7370,ROCHESTER,SE,103.5,,,51.40,0.49,OPERATIONAL,1,0,0,0,0,
GB3IM-C,70CM,RU66,430.825000,438.425000,7.6,IO74SD,SC3774,DOUGLAS  IOM,NOR,110.9,,,54.14,-4.49,OPERATIONAL,1,0,0,0,0,
GB3IM-P,70CM,RU70,430.875000,438.475000,7.6,IO74PF,SC2483,PEEL,NOR,110.9,,,54.22,-4.70,OPERATIONAL,1,0,0,0,0,
GB3IM-R,70CM,RU66,430.825000,438.425000,7.6,IO74TI,SC4598,RAMSEY  IOM,NOR,71.9,,,54.36,-4.39,OPERATIONAL,1,0,0,0,0,
GB3IM-S,70CM,RB05,433.125000,434.725000,1.6,IO74SG,SC3987,DOUGLAS  IOM,NOR,110.9,,,54.26,-4.46,OPERATIONAL,1,0,0,0,0,
GB3IN,2M,RV51,145.637500,145.037500,-0.6,IO93GD,SK3559,ALFRETON,CEN,71.9,1,BRANDMEISTER,53.13,-1.47,OPERATIONAL,1,1,1,1,1,
GB3IP,70CM,RU78,430.975000,438.575000,7.6,IO91WF,TQ2948,SOUTH NUTFIELD,SE,82.5,,,51.22,-0.15,OPERATIONAL,1,0,0,0,0,
GB3IR,2M,RV61,145.762500,145.162500,-0.6,IO94DJ,NZ1601,RICHMOND YORKS,NOR,88.5,,,54.41,-1.75,OPERATIONAL,1,0,0,0,0,
GB3IS,70CM,RU71,430.887500,438.487500,7.6,IO67HC,NF7614,ISLE OF SOUTH UIST,SCOT,94.8,7,BRANDMEISTER,57.10,-7.35,OPERATIONAL,1,1,1,1,0,
GB3IW,70CM,RB09,433.225000,434.825000,1.6,IO90IQ,SZ5187,NEWPORT,SW,71.9,,,50.68,-1.28,OPERATIONAL,1,0,0,1,0,
GB3JB,2M,RV63,145.787500,145.187500,-0.6,IO81VC,ST8633,MERE WILTSHIRE,SW,103.5,5,SW CLUSTER,51.10,-2.19,OPERATIONAL,1,1,0,0,0,
GB3JL,2M,RV63,145.787500,145.187500,-0.6,IO70SM,SX2770,LISKEARD,SW,77,,,50.51,-4.44,OPERATIONAL,1,0,0,0,0,
GB3JM,70CM,RU70,430.875000,438.475000,7.6,IO82,SO4862,LEOMINISTER,WM,118.8,,,,,OPERATIONAL,1,0,0,0,0,
GB3JR,70CM,RU78,430.975000,438.575000,7.6,IO93HB,SK4253,MANSFIELD,CEN,71.9,,,53.08,-1.36,OPERATIONAL,1,0,0,0,0,
GB3JS,70CM,RB01,433.025000,434.625000,1.6,JO02UO,TG5105,GREAT YARMOUTH,CEN,94.8,,,52.59,1.71,OPERATIONAL,1,0,0,0,0,
GB3KA,70CM,RU71,430.887500,438.487500,7.6,IO82,SO8278,KIDDERMINSTER,WM,118.8,,,,,OPERATIONAL,1,0,0,0,0,
GB3KC,70CM,RU72,430.900000,438.500000,7.6,IO82WK,SO9282,STOURBRIDGE,CEN,67,,,52.44,-2.12,OPERATIONAL,1,0,0,0,0,
GB3KE,2M,RV55,145.687500,145.087500,-0.6,IO75UV,NS5571,GLASGOW,SCOT,103.5,,,55.92,-4.31,OPERATIONAL,1,0,0,1,0,
GB3KI,2M,RV53,145.662500,145.062500,-0.6,JO01NI,TR1967,HERNE BAY,SE,103.5,,,51.36,1.15,OPERATIONAL,1,0,1,0,0,
GB3KK,70CM,RU78,430.975000,438.575000,7.6,IO65VE,ID1139,BALLYCASTLE,NI,110.9,,,55.19,-6.24,OPERATIONAL,1,0,0,0,0,
GB3KL,70CM,RB04,433.100000,434.700000,1.6,JO02FR,TF6315,KINGS LYNN,CEN,94.8,,,52.71,0.42,OPERATIONAL,1,0,0,1,0,
GB3KN,2M,RV56,145.700000,145.100000,-0.6,JO01HH,TQ8058,MAIDSTONE,SE,103.5,,,51.30,0.59,OPERATIONAL,1,0,0,0,0,
GB3KR,70CM,RU65,430.812500,438.412500,7.6,IO82UI,SO8271,STOURPORT ON SEVERN,WM,118.8,,,52.34,-2.26,OPERATIONAL,1,0,0,0,0,
GB3KS,2M,RV50,145.625000,145.025000,-0.6,JO01PA,TR3243,DOVER,SE,103.5,,,51.14,1.32,OPERATIONAL,1,0,0,1,0,
GB3KT,70CM,RU68,430.850000,438.450000,7.6,IO93AU,SE0541,KEIGHLEY,NOR,82.5,,,53.87,-1.93,OPERATIONAL,1,0,0,0,0,
GB3KU,70CM,RB03,433.075000,434.675000,1.6,IO83XM,SD9401,ASHTON-UNDER-LYNE,NOR,82.5,10,DV Scotland Phoenix,53.51,-2.08,OPERATIONAL,1,1,1,1,1,
GB3KV,70CM,RU78,430.975000,438.575000,7.6,IO75XX,NS7380,KILSYTH,SCOT,103.5,,,56.00,-4.04,OPERATIONAL,1,0,0,0,0,
GB3KW,70CM,RU66,430.825000,438.425000,7.6,IO75UV,NS5571,GLASGOW,SCOT,103.5,,,55.92,-4.31,OPERATIONAL,1,0,0,1,0,
GB3KY,2M,RV57,145.712500,145.112500,-0.6,JO02FS,TF6723,KINGS LYNN,CEN,94.8,,,52.78,0.48,OPERATIONAL,1,0,0,0,0,
GB3LA,2M,RV57,145.712500,145.112500,-0.6,IO85CJ,NS8910,SANQUHAR,SCOT,103.5,,,55.38,-3.75,OPERATIONAL,1,0,0,0,0,
GB3LB,2M,RV63,145.787500,145.187500,-0.6,IO85,NT4454,LAUDER,SCOT,118.8,,,,,OPERATIONAL,1,0,0,0,0,
GB3LC,70CM,RU75,430.937500,438.537500,7.6,IO93WH,TF2582,LOUTH,CEN,71.9,3,,53.32,-0.12,OPERATIONAL,1,1,1,1,1,
GB3LD,2M,RV54,145.675000,145.075000,-0.6,IO84OA,SD5059,LANCASTER,NOR,110.9,,,54.03,-2.76,OPERATIONAL,1,0,0,0,0,
GB3LE,70CM,RB04,433.100000,434.700000,1.6,IO92IQ,SK4810,MARKFIELD,CEN,77,,,52.69,-1.28,OPERATIONAL,1,0,0,1,0,
GB3LF,70CM,RB14,433.350000,434.950000,1.6,IO84PH,SD5492,KENDAL,NOR,110.9,,,54.32,-2.70,OPERATIONAL,1,0,0,0,0,
GB3LG,6M,R50-12,50.830000,51.330000,-0.1,IO82,SJ2340,LLANGOLLEN,WM,,,,,,NOT OPERATIONAL,1,0,0,0,0,
GB3LH,70CM,RB15,433.375000,434.975000,1.6,IO82OP,SJ4706,SHREWSBURY,WM,103.5,,,52.66,-2.78,OPERATIONAL,1,0,0,1,0,
GB3LI,70CM,RB10,433.250000,434.850000,1.6,IO83LL,SJ3296,LIVERPOOL,NOR,82.5,,,53.46,-3.01,OPERATIONAL,1,0,0,0,0,
GB3LL,70CM,RB0,433.000000,434.600000,1.6,IO82,SJ2340,LLANGOLLEN,WM,94.8,,,,,OPERATIONAL,1,0,0,0,0,
GB3LM,2M,RV58,145.725000,145.125000,-0.6,IO93RF,SK9771,LINCOLN,CEN,71.9,,,53.23,-0.54,OPERATIONAL,1,0,0,1,0,
GB3LN,70CM,RU74,430.925000,438.525000,7.6, IO92JO,SK5503,LEICESTER,CEN,118.8,,,52.62,-1.19,OPERATIONAL,1,0,0,0,0,
GB3LP,6M,R50-04,50.750000,51.250000,-0.1,IO83MK,SJ3893,LIVERPOOL,NOR,77,,,53.44,-2.93,OPERATIONAL,1,0,0,0,0,
GB3LR,70CM,RU69,430.862500,438.462500,7.6,JO00AS,TQ4400,NEWHAVEN,SE,88.5,,,50.78,0.05,OPERATIONAL,1,0,0,0,0,
GB3LS,70CM,RB02,433.050000,434.650000,1.6,IO93RF,SK9771,LINCOLN,CEN,71.9,,,53.23,-0.54,OPERATIONAL,1,0,0,0,0,
GB3LT,70CM,RB10,433.250000,434.850000,1.6,IO91SV,TL0624,LUTON,SE,77.0,,,51.91,-0.46,OPERATIONAL,1,0,0,1,0,
GB3LU,2M,RV54,145.675000,145.075000,-0.6,IP90JD,HU4339,LERWICK,SCOT,77,,,60.14,-1.21,OPERATIONAL,1,0,0,0,0,
GB3LV,70CM,RB02,433.050000,434.650000,1.6,IO91XP,TQ3296,NORTH LONDON,SE,82.5,,,51.65,-0.08,OPERATIONAL,1,0,0,0,0,
GB3LY,2M,RV48,145.600000,145.000000,-0.6,IO65NC,IC7129,LIMAVADY,NI,110.9,,,55.11,-6.89,OPERATIONAL,1,0,0,0,0,
GB3LZ,2M,RV53,145.662500,145.062500,-0.6,IO80AU,SS6309,WINKLEIGH,SW,77.0,0,,50.86,-3.94,NOT OPERATIONAL,1,1,0,1,0,
GB3MA,6M,R50-01,50.720000,51.220000,-0.1,IO83SM,SD6603,ATHERTON,NOR,82.5,,,53.53,-2.50,OPERATIONAL,1,0,0,0,0,
GB3MB,70CM,RB15,433.375000,434.975000,1.6,IO81HR,SO0205,MERTHYR,WM,94.8,,,51.74,-3.42,OPERATIONAL,1,0,0,1,0,
GB3MC,70CM,DMU27,439.337500,430.337500,,IO83KJ,SJ2790,LEASOWE,NOR,110.9,,,53.41,-3.10,OPERATIONAL,1,0,0,1,0,
GB3MD,70CM,RU77,430.962500,438.562500,7.6,IO82GN,SN9997,LLANFAIR CAEREINION,WM,103.5,,,52.57,-3.48,NOT OPERATIONAL,1,0,0,1,0,
GB3ME,70CM,RB06,433.150000,434.750000,1.6,IO92JJ,SP5177,RUGBY,CEN,67,,,52.39,-1.25,OPERATIONAL,1,0,0,0,0,
GB3MG,70CM,RU72,430.900000,438.500000,7.6,IO81KP,ST0991,PONTYPRIDD,WM,,,,51.61,-3.30,OPERATIONAL,0,0,0,1,0,
GB3MH,2M,RV50,145.625000,145.025000,-0.6,IO91WC,TQ3335,EAST GRINSTEAD,SE,88.5,,,51.10,-0.09,OPERATIONAL,1,0,0,0,0,
GB3MK,70CM,RB0,433.000000,434.600000,1.6,IO92OB,SP8539,MILTON KEYNES,SE,77.0,,,52.04,-0.76,OPERATIONAL,1,0,0,1,0,
GB3ML,70CM,RU73,430.912500,438.512500,7.6,IO91RK,TQ0371,STAINES UPON THAMES,SE,103.5,3,BRANDMEISTER,51.43,-0.51,OPERATIONAL,1,1,1,1,0,
GB3MN,2M,RV52,145.650000,145.050000,-0.6,IO83XH,SJ9781,DISLEY,NOR,82.5,,,53.33,-2.04,OPERATIONAL,1,0,0,1,0,
GB3MO,70CM,UR63,438.387500,430.787500,,IO84,SD4464,MORECAMBE,NOR,110.9,,,,,OPERATIONAL,1,0,0,0,0,
GB3MP,2M,RV60,145.750000,145.150000,-0.6,IO83,SJ0781,PRESTATYN,WM,110.9,,,,,OPERATIONAL,1,0,0,0,0,
GB3MR,70CM,RB14,433.350000,434.950000,1.6,IO83XH,SJ9781,STOCKPORT,NOR,82.5,,,53.33,-2.04,OPERATIONAL,1,0,0,0,0,
GB3MW,70CM,RB10,433.250000,434.850000,1.6,IO92FH,SP3367,LEAMINGTON SPA,CEN,67,,,52.30,-1.51,OPERATIONAL,1,0,0,0,0,
GB3MY,70CM,RB11,433.275000,434.875000,1.6,IO83SM,SD6603,ATHERTON,NOR,82.5,,,53.53,-2.50,OPERATIONAL,1,0,0,1,0,
GB3NA,2M,RV49,145.612500,145.012500,-0.6,IO93HN,SE3907,BARNSLEY,NOR,71.9,,,53.57,-1.40,OPERATIONAL,1,0,1,1,0,
GB3NB,2M,RV50,145.625000,145.025000,-0.6,JO02PN,TG2502,NORWICH,CEN,94.8,,,52.57,1.33,OPERATIONAL,1,0,0,0,0,
GB3NC,2M,RV58,145.725000,145.125000,-0.6,IO70OJ,SW9957,ROCHE,SW,77.0,,,50.38,-4.83,OPERATIONAL,1,0,0,1,0,
GB3ND,70CM,DVU59,439.737500,430.737500,-9.0,IO70,SS3807,HOLSWORTHY,SW,,1,,,,OPERATIONAL,0,1,0,0,0,
GB3NE,2M,RV61,145.762500,145.162500,-0.6,IO91HJ,SU4564,NEWBURY,SW,118.8,,,51.38,-1.35,OPERATIONAL,1,0,0,0,0,
GB3NF,2M,RV50,145.625000,145.025000,-0.6,IO92,SK5943,NOTTINGHAM,CEN,77.0,3,,,,OPERATIONAL,1,1,0,1,0,
GB3NG,2M,RV50,145.625000,145.025000,-0.6,IO87XO,NJ9856,FRASERBURGH,SCOT,67,,,57.60,-2.03,OPERATIONAL,1,0,0,0,0,
GB3NH,70CM,RU76,430.950000,438.550000,7.6,IO92NF,SP7560,NORTHAMPTON,CEN,77.0,,,52.24,-0.89,OPERATIONAL,1,0,0,0,0,
GB3NI,2M,RV58,145.725000,145.125000,-0.6,IO74CO,IJ4076,BELFAST  N.I.,NI,110.9,,,54.62,-5.82,OPERATIONAL,1,0,0,0,0,
GB3NK,70CM,RB04,433.100000,434.700000,1.6,JO01BL,TQ4976,ERITH,SE,103.5,,,51.47,0.16,OPERATIONAL,1,0,0,0,0,
GB3NL,2M,RV62,145.775000,145.175000,-0.6,IO91XP,TQ3296,NORTH LONDON,SE,82.5,,,51.65,-0.08,OPERATIONAL,1,0,0,0,0,
GB3NM,70CM,RB07,433.175000,434.775000,1.6,IO92,SK5943,NOTTINGHAM,CEN,71.9,1,,,,OPERATIONAL,1,1,0,1,1,
GB3NN,70CM,RB02,433.050000,434.650000,1.6,JO02JV,TF9038,WELLS NORFOLK,CEN,94.8,,,52.91,0.83,OPERATIONAL,1,0,0,0,0,
GB3NP,70CM,RU71,430.887500,438.487500,7.6,IO92LD,SP6652,TOWCESTER,CEN,77.0,,,52.17,-1.03,OPERATIONAL,1,0,0,1,0,
GB3NR,70CM,RB0,433.000000,434.600000,1.6,JO02PP,TG2208,NORWICH,CEN,94.8,,,52.63,1.28,OPERATIONAL,1,0,0,0,0,
GB3NS,70CM,DVU54,439.675000,430.675000,-9.0,IO91WG,TQ3254,CATERHAM,SE,82.5,,,51.27,-0.11,OPERATIONAL,1,0,0,0,0,
GB3NT,70CM,RB0,433.000000,434.600000,1.6,IO94FW,NZ2660,NEWCASTLE UPON TYNE,NOR,118.8,,,54.94,-1.58,OPERATIONAL,1,0,0,1,0,
GB3NU,70CM,DMU26,439.325000,430.325000,,IO92,SK5943,NOTTINGHAM,CEN,71.9,3,FREESTAR,,,OPERATIONAL,1,1,1,1,1,
GB3NW,70CM,DVU39,439.487500,430.487500,-9.0,IO92,SK5244,NOTTINGHAM,CEN,71.9,1,,,,NOT OPERATIONAL,0,1,0,0,0,
GB3NY,70CM,RU67,430.837500,438.437500,7.6,IO93RT,SE9535,HULL,NOR,67.0,,,53.80,-0.56,OPERATIONAL,1,0,0,1,0,
GB3NZ,2M,RV48,145.600000,145.000000,-0.6,JO02NN,TG1000,WYMONDHAM,CEN,94.8,,,52.57,1.11,OPERATIONAL,1,0,0,0,0,
GB3OA,2M,RV49,145.612500,145.012500,-0.6,IO83LP,SD3341,SOUTHPORT,NOR,82.5,,,53.65,-3.00,OPERATIONAL,1,0,0,1,0,
GB3OC,2M,RV52,145.650000,145.050000,-0.6,IO88LX,HY4111,KIRKWALL,SCOT,77,,,58.99,-3.02,OPERATIONAL,1,0,0,0,0,
GB3OH,70CM,RU76,430.950000,438.550000,7.6,IO85EX,NS9779,LINLITHGOW,SCOT,94.8,1,DV Scotland Phoenix,56.00,-3.65,OPERATIONAL,1,1,1,1,0,
GB3OM,70CM,RU76,430.950000,438.550000,7.6,IO64JQ,IH5181,OMAGH,NI,110.9,1,DV Scotland Phoenix,54.67,-7.21,OPERATIONAL,1,1,0,0,0,
GB3OR,70CM,RU67,430.837500,438.437500,7.6,IO83BH,SH7683,LLANDUDNO,WM,103.5,,,53.33,-3.85,OPERATIONAL,1,0,0,1,0,
GB3OV,70CM,RB05,433.125000,434.725000,1.6,IO92VG,TL2465,ST NEOTS,CEN,94.8,,,52.27,-0.18,OPERATIONAL,1,0,0,0,0,
GB3OY,70CM,RU76,430.950000,438.550000,7.6,JO01AO,TQ4093,BUCKHURST HILL,SE,82.5,,,51.62,0.03,OPERATIONAL,1,0,0,0,0,
GB3PA,2M,RV50,145.625000,145.025000,-0.6,IO75QV,NS2367,PAISLEY,SCOT,103.5,,,55.91,-4.59,NOT OPERATIONAL,1,0,0,0,0,
GB3PB,2M,RV50,145.625000,145.025000,-0.6,IO90AT,SU0501,WIMBORNE,SW,71.9,,,50.81,-1.92,OPERATIONAL,1,0,0,0,0,
GB3PD,70CM,RU68,430.850000,438.450000,7.6,IO80SN,SY6973,WEYMOUTH,SW,,,,50.56,-2.43,OPERATIONAL,1,0,0,1,0,
GB3PE,2M,RV54,145.675000,145.075000,-0.6,IO92TL,TL1289,PETERBOROUGH,CEN,94.8,,,52.50,-0.35,OPERATIONAL,1,0,0,0,0,
GB3PF,70CM,RB12,433.300000,434.900000,1.6,IO83TR,SD7527,ACCRINGTON,NOR,82.5,,,53.75,-2.37,OPERATIONAL,1,0,0,0,0,
GB3PH,2M,RV48,145.600000,145.000000,-0.6,IO72SX,SH3543,PWLLHELI,WM,118.8,,,52.96,-4.45,OPERATIONAL,1,0,0,0,0,
GB3PI,2M,RV60,145.750000,145.150000,-0.6,IO92XA,TL3736,ROYSTON,SE,77,,,52.01,-0.00,OPERATIONAL,1,0,0,0,0,
GB3PK,2M,RV53,145.662500,145.062500,-0.6,IO65VE,ID1139,BALLYCASTLE,NI,110.9,,,55.19,-6.24,OPERATIONAL,1,0,0,0,0,
GB3PL,2M,RV61,145.762500,145.162500,-0.6,IO70XJ,SX5656,PLYMPTON,SW,77.0,,,50.39,-4.02,NOT OPERATIONAL,1,0,0,0,0,
GB3PM,70CM,RU72,430.900000,438.500000,7.6,IO93,SK2793,SHEFFIELD,NOR,71.9,,,,,OPERATIONAL,1,0,0,0,0,
GB3PO,2M,RV52,145.650000,145.050000,-0.6,JO02OB,TM1944,IPSWICH,SE,110.9,,,52.06,1.20,REDUCED OUTPUT,1,0,0,0,0,
GB3PP,70CM,RB15,433.375000,434.975000,1.6,IO83,SD5627,PRESTON,NOR,82.5,10,,,,REDUCED OUTPUT,1,1,0,1,0,
GB3PR,2M,RV54,145.675000,145.075000,-0.6,IO86GI,NO1020,PERTH,SCOT,94.8,,,56.37,-3.46,OPERATIONAL,1,0,0,1,0,
GB3PT,70CM,RU69,430.862500,438.462500,7.6,IO83,SJ4396,PRESCOT,NOR,94.8,,,,,OPERATIONAL,1,0,0,0,0,
GB3PU,70CM,RB0,433.000000,434.600000,1.6,IO86GI,NO1020,PERTH,SCOT,94.8,,,56.37,-3.46,OPERATIONAL,1,0,0,1,0,
GB3PW,2M,RV62,145.775000,145.175000,-0.6,IO82HL,SO0587,NEWTOWN,WM,103.5,,,52.48,-3.40,OPERATIONAL,1,0,0,0,0,
GB3PX,6M,R50-07,50.780000,51.280000,-0.1,IO92XA,TL3736,ROYSTON,SE,77,,,52.01,-0.00,OPERATIONAL,1,0,0,0,0,
GB3PY,70CM,RU72,430.900000,438.500000,7.6,JO02AF,TL3959,CAMBRIDGE,SE,77.0,,,52.22,0.04,OPERATIONAL,1,0,0,0,0,
GB3PZ,70CM,RU72,430.900000,438.500000,7.6,IO83XL,SJ9596,DUKINFIELD,NOR,82.5,,,53.47,-2.07,OPERATIONAL,1,0,0,0,0,
GB3RB,70CM,RB08,433.200000,434.800000,1.6,IO93IF,SK4770,BOLSOVER,CEN,71.9,,,53.23,-1.29,OPERATIONAL,1,0,0,0,0,
GB3RC,70CM,RU69,430.862500,438.462500,7.6,IO81,SO9924,CHELTENHAM,SW,103.5,,,,,OPERATIONAL,1,0,0,0,0,
GB3RD,2M,RV54,145.675000,145.075000,-0.6,IO91JM,SU5580,READING,SW,118.8,,,51.52,-1.20,OPERATIONAL,1,0,0,0,0,
GB3RE,70CM,RB11,433.275000,434.875000,1.6,JO01HH,TQ8158,MAIDSTONE,SE,103.5,,,51.30,0.60,OPERATIONAL,1,0,0,0,0,
GB3RF,2M,RV62,145.775000,145.175000,-0.6,IO83TR,SD7527,ACCRINGTON,NOR,82.5,2,NORTHERN DMR CLUSTER,53.75,-2.37,OPERATIONAL,1,1,1,1,0,
GB3RH,70CM,RB11,433.275000,434.875000,1.6,IO80MS,SY3296,AXMINSTER,SW,94.8,,,50.77,-2.96,OPERATIONAL,1,0,0,0,0,
GB3RO,70CM,RU66,430.825000,438.425000,7.6,IO83UQ,SD7923,HASLINGDEN,NOR,82.5,,,53.71,-2.31,OPERATIONAL,1,0,0,0,0,
GB3RR,70CM,RU68,430.850000,438.450000,7.6,IO82,SO9687,DUDLEY,CEN,67.0,,,,,OPERATIONAL,1,0,0,0,0,
GB3RU,70CM,RB11,433.275000,434.875000,1.6,IO91LK,SU6673,READING,SW,118.8,,,51.45,-1.04,OPERATIONAL,1,0,0,0,0,
GB3RW,2M,RV48,145.600000,145.000000,-0.6,IO90,TQ1104,WORTHING,SE,88.5,,,,,OPERATIONAL,1,0,0,0,0,
GB3RX,70CM,RU65,430.812500,438.412500,7.6,IO83,SJ4396,PRESCOT,NOR,77.0,,,,,OPERATIONAL,1,0,0,1,0,
GB3SA,70CM,RU77,430.962500,438.562500,7.6,IO92RP,TF0104,STAMFORD,CEN,82.5,,,52.63,-0.51,REDUCED OUTPUT,1,0,0,0,0,
GB3SB,2M,RV52,145.650000,145.050000,-0.6,IO85,NT5029,SELKIRK,SCOT,118.8,,,,,OPERATIONAL,1,0,0,0,0,
GB3SC,70CM,RU69,430.862500,438.462500,7.6,IO92ES,SK2520,BURTON-UPON-TRENT,CEN,67.0,,,52.78,-1.62,OPERATIONAL,1,0,0,0,0,
GB3SD,70CM,RB14,433.350000,434.950000,1.6,IO80SQ,SY6785,WEYMOUTH,SW,71.9,,,50.67,-2.46,OPERATIONAL,1,0,0,0,0,
GB3SF,2M,RV50,145.625000,145.025000,-0.6,IO86,NO1429,PERTH,SCOT,,,,,,OPERATIONAL,0,0,0,1,0,
GB3SG,70CM,RU73,430.912500,438.512500,7.6,IO81,SO8303,STROUD,SW,118.8,,,,,OPERATIONAL,1,0,0,0,0,
GB3SH,2M,RV53,145.662500,145.062500,-0.6,IO90IV,SU4711,SOUTHAMPTON,SW,71.9,,,50.90,-1.33,OPERATIONAL,1,0,0,0,0,
GB3SI,2M,RV50,145.625000,145.025000,-0.6,IO70JB,SW6821,HELSTON,SW,77,,,50.05,-5.24,OPERATIONAL,1,0,0,0,0,
GB3SJ,2M,RV55,145.687500,145.087500,-0.6,IO83RF,SJ6569,NORTHWICH,NOR,103.5,,,53.22,-2.52,OPERATIONAL,1,0,0,0,0,
GB3SK,70CM,RB06,433.150000,434.750000,1.6,JO01MH,TR1359,CANTERBURY,SE,103.5,,,51.30,1.06,OPERATIONAL,1,0,0,0,0,
GB3SL,6M,R50-02,50.730000,51.230000,-0.1,IO75XX,NS7380,KILSYTH,SCOT,103.5,,,56.00,-4.04,OPERATIONAL,1,0,0,0,0,
GB3SM,70CM,RB13,433.325000,434.925000,1.6,IO93BA,SK0548,STOKE ON TRENT,CEN,103.5,,,53.04,-1.91,OPERATIONAL,1,0,0,0,0,
GB3SN,2M,RV58,145.725000,145.125000,-0.6,IO91LC,SU6736,ALTON HANTS,SW,71.9,,,51.12,-1.04,OPERATIONAL,1,0,0,0,0,
GB3SO,70CM,RB0,433.000000,434.600000,1.6,JO03AR,TA3328,WITHERNSEA,NOR,71.9,8,NORTHERN DMR CLUSTER,53.74,0.03,OPERATIONAL,1,1,1,1,0,
GB3SP,70CM,RB04,433.100000,434.700000,1.6,IO71NQ,SN0400,PEMBROKE,WM,94.8,,,51.67,-4.83,OPERATIONAL,1,0,0,1,0,
GB3SR,70CM,RU73,430.912500,438.512500,7.6,JO03CB,TF4754,SKEGNESS,CEN,71.9,,,53.07,0.19,OPERATIONAL,1,0,0,0,0,
GB3SS,2M,RV48,145.600000,145.000000,-0.6,IO87,NJ4258,ELGIN MORAY,SCOT,67,,,,,OPERATIONAL,1,0,0,1,0,
GB3ST,70CM,RB09,433.225000,434.825000,1.6,IO83,SJ9348,STOKE ON TRENT,CEN,103.5,,,,,OPERATIONAL,1,0,0,0,0,
GB3SU,70CM,RB08,433.200000,434.800000,1.6,IO90IV,SU4711,SOUTHAMPTON,SW,71.9,,,50.90,-1.33,OPERATIONAL,1,0,0,0,0,
GB3SV,2M,RV49,145.612500,145.012500,-0.6,IO82WS,SJ8919,STAFFORD,CEN,94.8,,,52.77,-2.16,OPERATIONAL,1,0,0,0,0,
GB3SW,2M,RV57,145.712500,145.112500,-0.6,IO80JR,SY1792,SIDMOUTH,SW,77.0,,,50.73,-3.17,OPERATIONAL,1,0,0,0,0,
GB3SX,6M,R50-08,50.790000,51.290000,-0.1,IO93BA,SK0548,STOKE ON TRENT,CEN,103.5,,,53.04,-1.91,OPERATIONAL,1,0,0,0,0,
GB3SY,70CM,RB06,433.150000,434.750000,1.6,IO93,SE2206,BARNSLEY,NOR,71.9,,,,,OPERATIONAL,1,0,0,0,0,
GB3TD,70CM,UR63,438.387500,430.787500,,IO91DL,SU2076,SWINDON,SW,118.8,,,51.49,-1.70,OPERATIONAL,1,0,0,0,0,
GB3TE,2M,RV49,145.612500,145.012500,-0.6,JO01OU,TM1921,FRINTON ON SEA,SE,67,,,51.85,1.18,OPERATIONAL,1,0,0,0,0,
GB3TF,70CM,RB08,433.200000,434.800000,1.6,IO82RP,SJ6406,TELFORD,WM,103.5,,,52.66,-2.52,OPERATIONAL,1,0,0,1,0,
GB3TH,70CM,RB15,433.375000,434.975000,1.6,IO92,SK2004,TAMWORTH,CEN,67,,,,,OPERATIONAL,1,0,0,1,0,
GB3TJ,70CM,RB12,433.300000,434.900000,1.6,IO85XA,NY9870,CORBRIDGE,NOR,118.8,,,55.03,-2.03,NOT OPERATIONAL,1,0,0,1,0,
GB3TK,70CM,RB03,433.075000,434.675000,1.6,IO92,SK5043,NOTTINGHAM,CEN,71.9,,,,,OPERATIONAL,1,0,0,0,0,
GB3TP,2M,RV58,145.725000,145.125000,-0.6,IO93CT,SE1336,SHIPLEY,NOR,82.5,,,53.83,-1.80,OPERATIONAL,1,0,0,0,0,
GB3TR,2M,RV52,145.650000,145.050000,-0.6,IO80FM,SX9168,TORQUAY,SW,94.8,,,50.50,-3.53,OPERATIONAL,1,0,0,0,0,
GB3TS,70CM,RB07,433.175000,434.775000,1.6,IO94GX,NZ3551,SUNDERLAND,NOR,118.8,,,54.85,-1.44,OPERATIONAL,1,0,0,1,0,
GB3TU,70CM,RB09,433.225000,434.825000,1.6,IO91PS,SP9008,TRING,SE,77,,,51.77,-0.69,OPERATIONAL,1,0,0,0,0,
GB3TW,2M,RV58,145.725000,145.125000,-0.6,IO94DW,NZ2058,GATESHEAD,NOR,118.8,,,54.92,-1.68,NOT OPERATIONAL,1,0,0,1,0,
GB3TX,10M,,29.650000,29.550000,,JO02QP,TG2609,NORWICH,CEN,94.8,,,52.64,1.35,OPERATIONAL,1,0,0,0,0,
GB3UB,70CM,RB04,433.100000,434.700000,1.6,IO81UJ,ST7764,BATH AVON,SW,118.8,,,51.38,-2.33,OPERATIONAL,1,0,0,0,0,
GB3UK,2M,RV49,145.612500,145.012500,-0.6,IO94FV,NZ3157,WASHINGTON,NOR,118.8,10,BRANDMEISTER,54.92,-1.50,OPERATIONAL,1,1,1,1,0,
GB3UL,70CM,RB02,433.050000,434.650000,1.6,IO74CO,IJ4076,BELFAST  N.I.,NI,110.9,,,54.62,-5.82,OPERATIONAL,1,0,0,0,0,
GB3UM,6M,R50-03,50.740000,51.240000,-0.1,IO92IQ,SK4810,MARKFIELD,CEN,77,,,52.69,-1.28,OPERATIONAL,1,0,0,0,0,
GB3UO,70CM,RU76,430.950000,438.550000,7.6,IO83LA,SJ2745,WREXHAM,WM,110.9,,,53.00,-3.08,OPERATIONAL,1,0,0,1,0,
GB3UP,70CM,RU73,430.912500,438.512500,7.6,IO71MX,SM9536,FISHGUARD,WM,94.8,,,51.99,-4.97,OPERATIONAL,1,0,0,0,0,
GB3US,70CM,RB0,433.000000,434.600000,1.6,IO93,SK3483,SHEFFIELD,NOR,103.5,,,,,OPERATIONAL,1,0,0,0,0,
GB3VA,2M,RV56,145.700000,145.100000,-0.6,IO91LT,SP6513,BRILL,SE,118.8,,,51.82,-1.05,OPERATIONAL,1,0,0,0,0,
GB3VE,70CM,RB04,433.100000,434.700000,1.6,IO84SQ,NY7031,DUFTON,NOR,77.0,,,54.68,-2.46,OPERATIONAL,1,0,0,0,0,
GB3VH,70CM,RB13,433.325000,434.925000,1.6,IO91VT,TL2214,WELWYN GARDEN CITY,SE,82.5,,,51.81,-0.22,OPERATIONAL,1,0,0,0,0,
GB3VI,6M,R50-15,50.860000,51.360000,-0.1,IO82,SO9687,DUDLEY,CEN,67.0,,,,,OPERATIONAL,1,0,0,0,0,
GB3VM,2M,RV49,145.612500,145.012500,-0.6,IO82QJ,SO5975,TENBURY WELLS,WM,103.5,,,52.38,-2.60,OPERATIONAL,1,0,0,1,0,
GB3VN,70CM,RU74,430.925000,438.525000,7.6,IO82QI,SO5873,LUDLOW,WM,103.5,,,52.36,-2.60,OPERATIONAL,1,0,0,1,0,
GB3VO,2M,RV51,145.637500,145.037500,-0.6,IO83LA,SJ2745,WREXHAM,WM,110.9,,,53.00,-3.08,OPERATIONAL,1,0,0,1,0,
GB3VR,70CM,RU65,430.812500,438.412500,7.6,IO91TU,TL1317,HARPENDEN,SE,67.0,,,51.85,-0.35,OPERATIONAL,1,0,0,0,0,
GB3VS,70CM,RU67,430.837500,438.437500,7.6,IO80KW48,ST2117,TRULL,SW,94.8,,,50.95,-3.13,NOT OPERATIONAL,1,0,0,0,0,
GB3VT,2M,RV58,145.725000,145.125000,-0.6,IO83,SJ9348,STOKE ON TRENT,CEN,103.5,,,,,OPERATIONAL,0,0,1,0,0,
GB3VW,70CM,RU65,430.812500,438.412500,7.6,JO02NN,TG1000,WYMONDHAM,CEN,82.5,,,52.57,1.11,OPERATIONAL,1,0,0,0,0,
GB3WA,70CM,RU70,430.875000,438.475000,7.6,IO75OR,NS2651,DALRY,SCOT,103.5,,,55.73,-4.76,OPERATIONAL,1,0,0,0,0,
GB3WB,70CM,RB12,433.300000,434.900000,1.6,IO81MH,ST3358,WESTON-SUPER-MARE,SW,94.8,,,51.32,-2.95,OPERATIONAL,1,0,0,0,0,
GB3WD,2M,RV56,145.700000,145.100000,-0.6,IO80,SX6360,IVYBRIDGE,SW,77,,,,,OPERATIONAL,1,0,0,0,0,
GB3WE,2M,RV55,145.687500,145.087500,-0.6,IO81MH,ST3358,WESTON-SUPER-MARE,SW,94.8,,,51.32,-2.95,OPERATIONAL,1,0,1,0,0,
GB3WF,70CM,RB14,433.350000,434.950000,1.6,IO93DV,SE2044,OTLEY,NOR,82.5,,,53.89,-1.69,OPERATIONAL,1,0,0,1,0,
GB3WG,70CM,RU70,430.875000,438.475000,7.6,IO81CP,SS7893,PORT TALBOT,WM,94.8,,,51.63,-3.76,NOT OPERATIONAL,1,0,0,1,0,
GB3WH,2M,RV52,145.650000,145.050000,-0.6,IO91EM,SU2381,SWINDON,SW,118.8,,,51.53,-1.66,OPERATIONAL,1,0,0,0,0,
GB3WI,70CM,RB15,433.375000,434.975000,1.6,JO02,TF4509,WISBECH,CEN,94.8,,,,,OPERATIONAL,1,0,0,1,0,
GB3WK,2M,RV62,145.775000,145.175000,-0.6,IO92FH,SP3367,LEAMINGTON SPA,CEN,67,,,52.30,-1.51,OPERATIONAL,1,0,0,0,0,
GB3WL,70CM,RU76,430.950000,438.550000,7.6,IO92BJ,SP0776,WYTHALL,CEN,67.0,,,52.38,-1.89,OPERATIONAL,1,0,1,1,0,
GB3WM,70CM,RB02,433.050000,434.650000,1.6,IO92AJ,SP0277,LONGBRIDGE,CEN,67,,,52.40,-1.96,OPERATIONAL,1,0,0,1,0,
GB3WN,70CM,UR63,438.387500,430.787500,,IO82XP,SJ9403,WOLVERHAMPTON,CEN,67.0,,,52.63,-2.08,REDUCED OUTPUT,1,0,0,0,0,
GB3WO,70CM,RU78,430.975000,438.575000,7.6,IO90TT,TQ1402,WORTHING,SE,88.5,,,50.81,-0.37,OPERATIONAL,1,0,0,0,0,
GB3WP,10M,,29.660000,29.560000,,IO93HP,SE3814,WAKEFIELD,NOR,82.5,,,53.63,-1.42,NOT OPERATIONAL,1,0,0,0,0,
GB3WP-L,70CM,,433.975000,433.975000,,IO93,SE3814,WAKEFIELD,NOR,67.0,,,,,NOT OPERATIONAL,1,0,0,0,0,
GB3WQ,70CM,RU71,430.887500,438.487500,7.6,IO84,NX9818,WHITEHAVEN,NOR,77.0,,,,,OPERATIONAL,1,0,0,0,0,
GB3WR,2M,RV48,145.600000,145.000000,-0.6,IO81PH,ST4956,CHEDDAR,SW,94.8,,,51.31,-2.72,OPERATIONAL,1,0,0,0,0,
GB3WS,2M,RV60,145.750000,145.150000,-0.6,IO91WB,TQ1328,HORSHAM,SE,88.5,,,51.05,-0.39,OPERATIONAL,1,0,0,0,0,
GB3WT,2M,RV62,145.775000,145.175000,-0.6,IO64JQ,IH5181,OMAGH,NI,110.9,,,54.67,-7.21,OPERATIONAL,1,0,0,0,0,
GB3WW,2M,RV62,145.775000,145.175000,-0.6,IO81CP,SS7893,PORT TALBOT,WM,94.8,,,51.63,-3.76,OPERATIONAL,1,0,0,1,0,
GB3WX,6M,R50-12,50.830000,51.330000,-0.1,JO02NN,TG1000,WYMONDHAM,CEN,94.8,,,52.57,1.11,NOT OPERATIONAL,1,0,0,0,0,
GB3WY,6M,R50-09,50.800000,51.300000,-0.1,IO93EP,SE2215,WAKEFIELD,NOR,82.5,,,53.64,-1.66,OPERATIONAL,1,0,0,0,0,
GB3XD,6M,R50-02,50.730000,51.230000,-0.1,IO93WH,TF2582,LOUTH,CEN,71.9,,,53.33,-0.12,OPERATIONAL,1,0,0,0,0,
GB3XL,70CM,RU71,430.887500,438.487500,7.6,IO93CT,SE1536,SHIPLEY,NOR,82.5,1,BRANDMEISTER,53.83,-1.76,DMR ONLY,1,1,0,0,0,
GB3XN,70CM,RU74,430.925000,438.525000,7.6,IO93KJ,SK5886,WORKSOP,CEN,71.9,,,53.38,-1.12,OPERATIONAL,1,0,0,0,0,
GB3XP,2M,RV55,145.687500,145.087500,-0.6,IO91VJ,TQ2666,MORDEN,SE,82.5,,,51.38,-0.18,OPERATIONAL,1,0,0,1,0,
GB3XS,6M,R50-14,50.850000,51.350000,-0.1,IO92MG,SP7262,NORTHAMPTON,CEN,77.0,,,52.26,-0.95,REDUCED OUTPUT,1,0,0,0,0,
GB3XV,70CM,DVU-R20,430.250000,439.250000,9.0,IO92KG,SP5763,DAVENTRY,CEN,,,,52.27,-1.17,NOT OPERATIONAL,0,0,0,1,0,
GB3XX,70CM,RU73,430.912500,438.512500,7.6,IO92KG,SP5763,DAVENTRY,CEN,77.0,,,52.27,-1.17,OPERATIONAL,1,0,0,1,0,
GB3YA,2M,RV57,145.712500,145.112500,-0.6,IO81LP,ST2693,CWMBRAN,WM,94.8,,,51.64,-3.06,OPERATIONAL,1,0,0,0,0,
GB3YC,2M,RV60,145.750000,145.150000,-0.6,IO94SE,TA0277,FILEY,NOR,88.5,,,54.18,-0.44,REDUCED OUTPUT,1,0,0,0,0,
GB3YL,70CM,RB14,433.350000,434.950000,1.6,JO02UL,TM5492,LOWESTOFT,CEN,94.8,,,52.47,1.74,OPERATIONAL,1,0,0,0,0,
GB3YW,2M,RV63,145.787500,145.187500,-0.6,IO93EP,SE2215,WAKEFIELD,NOR,82.5,,,53.64,-1.66,OPERATIONAL,1,0,0,0,0,
GB3ZA,2M,RV59,145.737500,145.137500,-0.6,IO82PB,SO5141,HEREFORD,WM,118.8,,,52.07,-2.70,OPERATIONAL,1,0,0,1,0,
GB3ZB,70CM,RU66,430.825000,438.425000,7.6,IO81QJ,ST5566,BRISTOL,SW,77,,,51.40,-2.64,OPERATIONAL,1,0,0,0,0,
GB3ZI,70CM,RU78,430.975000,438.575000,7.6,IO82,SJ9323,STAFFORD,CEN,103.5,,,,,OPERATIONAL,1,0,0,1,0,
GB3ZN,70CM,RU71,430.887500,438.487500,7.6,IO94GX,NZ3263,HEBBURN,NOR,118.8,,,54.96,-1.50,OPERATIONAL,1,0,0,0,0,
GB3ZW,6M,R50-10,50.810000,51.310000,-0.1,IO82HL,SO0587,NEWTOWN POWYS,WM,103.5,,,52.48,-3.40,OPERATIONAL,1,0,0,0,0,
GB3ZX,70CM,RU66,430.825000,438.425000,7.6,JO00,TQ5701,EASTBOURNE,SE,88.5,,,,,OPERATIONAL,1,0,0,0,0,
GB3ZY,6M,R50-09,50.800000,51.300000,-0.1,IO81QJ,ST5566,BRISTOL,SW,77,,,51.40,-2.64,OPERATIONAL,1,0,0,0,0,
GB7AA,70CM,DVU54,439.675000,430.675000,-9.0,IO81RO,ST6288,BRISTOL,SW,,1,SW CLUSTER,51.59,-2.54,OPERATIONAL,0,1,0,0,0,
GB7AB,70CM,DVU53,439.662500,430.662500,-9.0,IO87VD,NJ8906,ABERDEEN,SCOT,,,,57.15,-2.17,OPERATIONAL,0,0,0,1,0,
GB7AC,70CM,RU76,430.950000,438.550000,7.6,IO87,NS1964,LARGS,SCOT,103.5,3,BRANDMEISTER,,,OPERATIONAL,1,1,0,0,0,
GB7AD,70CM,DVU61,439.762500,430.762500,-9.0,IO81RO,ST6288,BRISTOL,SW,,,,51.59,-2.54,OPERATIONAL,0,0,1,0,0,
GB7AE,70CM,DVU34,439.425000,430.425000,-9.0,IO91CJ,SU1668,MARLBOROUGH,SW,,,,51.42,-1.76,OPERATIONAL,0,0,1,0,0,
GB7AG,70CM,RU72,430.900000,438.500000,7.6,IO86,NO4458,FORFAR,SCOT,94.8,3,DV Scotland Phoenix,,,OPERATIONAL,1,1,1,1,0,
GB7AI,70CM,DMU27,439.337500,430.337500,,IO85,NT5316,HAWICK,SCOT,103.5,3,DV Scotland Phoenix,,,OPERATIONAL,1,1,0,0,0,
GB7AL,70CM,DVU32,439.400000,430.400000,-9.0,JO02RD,TM3555,IPSWICH,SE,,2,DV Scotland Phoenix,52.14,1.45,OPERATIONAL,0,1,0,0,0,
GB7AM,2M,RV53,145.662500,145.062500,-0.6,IO83WI,SJ9483,HIGHER POYNTON,NOR,,,,53.35,-2.09,OPERATIONAL,0,0,1,1,0,
GB7AN,70CM,DVU37,439.462500,430.462500,-9.0,IO83TS,SD7430,ACCRINGTON,NOR,,,,53.77,-2.39,OPERATIONAL,0,0,0,1,0,
GB7AR,70CM,DVU42,439.525000,430.525000,-9.0,JO01,TQ6163,NEW ASH GREEN,SE,,15,BRANDMEISTER,,,OPERATIONAL,0,1,1,1,1,
GB7AS,70CM,DVU34,439.425000,430.425000,-9.0,JO01KD,TR0039,ASHFORD,SE,,3,DV Scotland Phoenix,51.12,0.86,OPERATIONAL,0,1,0,0,0,
GB7AU,70CM,DVU56,439.700000,430.700000,-9.0,IO91GP,SU9595,AMERSHAM,SE,,,,51.65,-0.62,OPERATIONAL,0,0,1,1,0,
GB7AV,70CM,DVU35,439.437500,430.437500,-9.0,IO91OT,SP8113,AYLESBURY,SE,,3,DV Scotland Phoenix,51.81,-0.81,OPERATIONAL,0,1,0,0,0,
GB7AY,70CM,DVU36,439.450000,430.450000,-9.0,IO75TQ,NS4944,KILMARNOCK,SCOT,,1,DV Scotland Phoenix,55.67,-4.40,OPERATIONAL,0,1,1,1,0,
GB7BA,70CM,DVU61,439.762500,430.762500,-9.0,IO93CS,SE1530,BRADFORD,NOR,,13,NORTHERN DMR CLUSTER,53.77,-1.77,OPERATIONAL,0,1,0,0,0,
GB7BB,70CM,DVU57,439.712500,430.712500,-9.0,IO87QP,NJ6464,BANFF,SCOT,,1,BRANDMEISTER,57.66,-2.60,OPERATIONAL,0,1,0,0,0,
GB7BC,70CM,DVU52,439.650000,430.650000,-9.0,IO90,TQ3203,BRIGHTON,SE,,3,freeDMR,,,OPERATIONAL,0,1,1,1,1,
GB7BD,70CM,RU76,430.950000,438.550000,7.6,IO81QJ,ST5566,BRISTOL,SW,,3,DV Scotland Phoenix,51.40,-2.64,OPERATIONAL,0,1,0,0,0,
GB7BE,70CM,DVU53,439.662500,430.662500,-9.0,JO02TK,TM4488,BECCLES,CEN,,,,52.44,1.60,OPERATIONAL,0,0,1,0,0,
GB7BF,70CM,DVU-R24,430.300000,439.300000,9.0,IO83LU,SD3140,BLACKPOOL,NOR,,5,BRANDMEISTER,53.86,-3.05,OPERATIONAL,0,1,1,1,0,
GB7BH,70CM,DVU46,439.575000,430.575000,-9.0,IO90WU,TQ3406,BRIGHTON,SE,,4,freeDMR,50.84,-0.09,OPERATIONAL,0,1,1,1,0,
GB7BI,70CM,DVU53,439.662500,430.662500,-9.0,IO77RM,NH4849,MUIR OF ORD,SCOT,,1,BRANDMEISTER,57.51,-4.54,OPERATIONAL,0,1,0,0,0,
GB7BJ,70CM,DVU59,439.737500,430.737500,-9.0,IO82,SO7643,MALVERN,WM,,13,SALOP DMR,,,OPERATIONAL,0,1,0,0,0,
GB7BK,70CM,DVU59,439.737500,430.737500,-9.0,IO91JM,SU5580,READING,SW,,3,DV Scotland Phoenix,51.52,-1.20,OPERATIONAL,0,1,0,0,0,
GB7BL,70CM,DVU54,439.675000,430.675000,-9.0,IO84VV,NY8456,ALLENDALE,NOR,118.8,5,DV Scotland Phoenix,54.90,-2.25,OPERATIONAL,1,1,1,1,1,
GB7BM,70CM,DVU32,439.400000,430.400000,-9.0,IO92BL,SP0785,BIRMINGHAM,CEN,,8,SALOP DMR,52.46,-1.89,OPERATIONAL,0,1,0,0,0,
GB7BM-C,2M,,145.737500,145.137500,,IO92BL,SP0785,BIRMINGHAM,CEN,,8,SALOP DMR,52.46,-1.89,NOT OPERATIONAL,0,1,0,0,0,
GB7BN,70CM,DVU47,439.587500,430.587500,-9.0,IO90PT,SU9201,BOGNOR REGIS,SE,,3,BRANDMEISTER,50.81,-0.69,OPERATIONAL,0,1,1,0,0,
GB7BP,70CM,DVU36,439.450000,430.450000,-9.0,IO91PX,SP8633,MILTON KEYNES,SE,,,,52.00,-0.74,OPERATIONAL,0,0,1,0,0,
GB7BR,70CM,RU74,430.925000,438.525000,7.6,IO74TI,SC4598,RAMSEY IOM,NOR,,3,DV Scotland Phoenix,54.36,-4.39,OPERATIONAL,0,1,0,0,0,
GB7BS,70CM,DVU13,439.162500,430.162500,-9.0,IO81TK,ST7170,BRISTOL,SW,,3,SW CLUSTER,51.43,-2.41,OPERATIONAL,0,1,0,0,0,
GB7BT,70CM,DVU51,439.637500,430.637500,-9.0,IO81SK,ST6570,BRISTOL,SW,0,3,SW CLUSTER,51.45,-2.53,OPERATIONAL,0,1,1,1,0,
GB7BW,70CM,DVU58,439.725000,430.725000,-9.0,IO93HP,SE3814,WAKEFIELD ,NOR,,2,BRANDMEISTER,53.63,-1.42,OPERATIONAL,0,1,1,1,0,
GB7BX,70CM,DVU35,439.437500,430.437500,-9.0,IO82,SO5986,CLEOBURY NORTH,WM,,11,SALOP DMR,,,OPERATIONAL,0,1,0,0,0,
GB7BZ,70CM,DVU33,439.412500,430.412500,-9.0,IO92QF,SP9259,BOZEAT,CEN,,,,52.23,-0.65,OPERATIONAL,0,0,1,0,0,
GB7CA,70CM,RU74,430.925000,438.525000,7.6,IO74SD,SC3774,DOUGLAS,NOR,,2,DV Scotland Phoenix,54.14,-4.49,OPERATIONAL,0,1,0,0,0,
GB7CB,70CM,DVU57,439.712500,430.712500,-9.0,IO85,NS9462,BATHGATE,SCOT,,4,BRANDMEISTER,,,OPERATIONAL,0,1,0,0,0,
GB7CC,70CM,DVU-R22,430.275000,439.275000,9.0,IO81,SO9924,CHELTENHAM,SW,,2,SALOP DMR,,,OPERATIONAL,0,1,0,0,0,
GB7CD,70CM,DVU56,439.700000,430.700000,-9.0,IO81JL,ST1975,CARDIFF,WM,,,,51.47,-3.16,OPERATIONAL,0,0,1,0,0,
GB7CE,70CM,DVU49,439.612500,430.612500,-9.0,JO01NT,TM1616,GREAT CLACTON,SE,,,,51.81,1.14,OPERATIONAL,0,0,0,1,0,
GB7CF,70CM,DVU50,439.625000,430.625000,-9.0,IO90LW,SU6815,CLANFIELD,SW,,3,BRANDMEISTER,50.94,-1.02,OPERATIONAL,0,1,0,0,0,
GB7CG,2M,RV57,145.712500,145.112500,-0.6,IO92QA,SP9236,WOBURN SANDS,SE,77.0,,,52.02,-0.65,OPERATIONAL,1,0,0,1,0,
GB7CH,70CM,RU66,430.825000,438.425000,7.6,IO85VT,NT8656,DUNS,SCOT,118.8,3,BRANDMEISTER,55.80,-2.21,OPERATIONAL,1,1,1,1,0,
GB7CK,70CM,DVU59,439.737500,430.737500,-9.0,JO01,TR2238,FOLKESTONE,SE,,3,DV Scotland Phoenix,,,OPERATIONAL,0,1,0,0,0,
GB7CL,70CM,DVU51,439.637500,430.637500,-9.0,JO01OU,TM1921,FRINTON ON SEA,SE,,3,DV Scotland Phoenix,51.85,1.18,OPERATIONAL,0,1,0,0,0,
GB7CM,2M,RV56,145.700000,145.100000,-0.6,IO80UT,ST8002,MILTON ABBAS,SW,71.9,,,50.82,-2.28,OPERATIONAL,1,0,0,1,0,
GB7CO,70CM,DVU39,439.487500,430.487500,-9.0,IO90JU,SU5704,FAREHAM,SW,,3,BRANDMEISTER,50.83,-1.19,OPERATIONAL,0,1,1,1,1,
GB7CP,70CM,RU66,430.825000,438.425000,7.6,IO91RO,SU9991,SLOUGH,SW,77.0,,,51.61,-0.57,OPERATIONAL,1,0,0,1,0,
GB7CQ,70CM,DVU49,439.612500,430.612500,-9.0,IO90,TQ1104,WORTHING,SE,,4,BRANDMEISTER,,,OPERATIONAL,0,1,1,1,0,
GB7CS,70CM,DVU62,439.775000,430.775000,-9.0,IO75VU,NS5965,GLASGOW,SCOT,,,,55.86,-4.25,OPERATIONAL,0,0,0,1,0,
GB7CT,2M,RV51,145.637500,145.037500,-0.6,IO91PS,SP9008,TRING,SE,,3,DV Scotland Phoenix,51.77,-0.69,OPERATIONAL,0,1,0,0,0,
GB7CU,70CM,DVU61,439.762500,430.762500,-9.0,IO84GQ,NY0533,MARYPORT,NOR,,,,54.69,-3.47,OPERATIONAL,0,0,0,1,0,
GB7CV,70CM,DVU-R23,430.287500,439.287500,9.0,IO92GK,SP3580,COVENTRY,CEN,,5,BRANDMEISTER,52.42,-1.48,NOT OPERATIONAL,0,1,0,0,0,
GB7CX,70CM,RU69,430.862500,438.462500,7.6,IO65OD,IC7834,COLERAINE,NI,,12,BRANDMEISTER,55.14,-6.68,OPERATIONAL,0,1,1,1,0,
GB7CY,70CM,DVU50,439.625000,430.625000,-9.0,IO94DR,NZ1637,CROOK,NOR,,,,54.73,-1.75,OPERATIONAL,0,0,0,1,0,
GB7CZ,70CM,DVU40,439.500000,430.500000,-9.0,IO94DR,NZ1637,CROOK,NOR,,10,DV Scotland Phoenix,54.74,-1.75,OPERATIONAL,0,1,1,1,1,
GB7DA,2M,RV62,145.775000,145.175000,-0.6,IO85AV,NS7567,AIRDRIE,SCOT,,1,DV Scotland Phoenix,55.89,-3.99,OPERATIONAL,0,1,1,1,0,
GB7DB,70CM,DVU53,439.662500,430.662500,-9.0,IO92QA,SP9236,WOBURN SANDS,SE,,3,DV Scotland Phoenix,52.02,-0.65,OPERATIONAL,0,1,0,0,0,
GB7DC,70CM,RU70,430.875000,438.475000,7.6,IO92,SK3837,DERBY,CEN,71.9,1,BRANDMEISTER,,,OPERATIONAL,1,1,1,1,1,
GB7DD,70CM,DVU53,439.662500,430.662500,-9.0,IO86,NO4732,DUNDEE,SCOT,,1,BRANDMEISTER,,,OPERATIONAL,0,1,0,0,1,
GB7DE,2M,RV51,145.637500,145.037500,-0.6,IO85,NO3304,KENNOWAY  FIFE,SCOT,94.8,1,BRANDMEISTER,,,OPERATIONAL,1,1,0,0,0,
GB7DH,70CM,DVU47,439.587500,430.587500,-9.0,IO83,SJ6570,NORTHWICH,NOR,,,,,,OPERATIONAL,0,0,1,1,0,
GB7DJ,70CM,DVU53,439.662500,430.662500,-9.0,IO83RF,SJ6569,NORTHWICH,NOR,,3,BRANDMEISTER,53.22,-2.52,OPERATIONAL,0,1,0,0,0,
GB7DK,2M,RV55,145.687500,145.087500,-0.6,IO74LV,NX0460,STRANRAER,SCOT,103.5,,,54.90,-5.05,NOT OPERATIONAL,1,0,0,1,0,
GB7DK-B,70CM,DVU52,439.650000,430.650000,-9.0,IO74LV,NX0460,STRANRAER,SCOT,,,,54.90,-5.05,OPERATIONAL,0,0,1,0,0,
GB7DL,70CM,DVU54,439.675000,430.675000,-9.0,JO03DD,TF5265,SKEGNESS,CEN,,,,53.16,0.32,OPERATIONAL,0,0,1,0,0,
GB7DM,70CM,DVU60,439.750000,430.750000,-9.0,IO86NL,NO4832,MONIFIETH,SCOT,103.5,1,DV Scotland Phoenix,56.48,-2.84,OPERATIONAL,1,1,1,1,0,
GB7DN,70CM,DVU33,439.412500,430.412500,-9.0,IO64MW,IC6509,DUNGIVEN,NI,,,,54.93,-6.99,OPERATIONAL,0,0,1,0,0,
GB7DP,70CM,DVU47,439.587500,430.587500,-9.0,IO71MV,SM9524,TREFFGARNE,WM,,3,BRANDMEISTER,51.88,-4.98,NOT OPERATIONAL,0,1,0,0,0,
GB7DR,70CM,DVU34,439.425000,430.425000,-9.0,IO90AR,SZ0393,POOLE,SW,,5,SW CLUSTER,50.74,-1.95,OPERATIONAL,0,1,0,0,0,
GB7DS,70CM,DVU34,439.425000,430.425000,-9.0,JO02PP,TG2210,NORWICH,CEN,94.8,1,,52.65,1.29,OPERATIONAL,1,1,1,1,1,
GB7DT,70CM,RU75,430.937500,438.537500,7.6,IO70NJ,SW9757,ST AUSTELL,SW,,7,SW CLUSTER,50.38,-4.85,OPERATIONAL,0,1,0,0,0,
GB7DV,70CM,DVU49,439.612500,430.612500,-9.0,IO83QJ,SJ4993,ST. HELENS,NOR,,,,53.44,-2.77,NOT OPERATIONAL,0,0,1,0,0,
GB7DW,2M,RV50,145.625000,145.025000,-0.6,IO80JU,ST1207,DUNKERSWELL,SW,103.5,7,SW CLUSTER,50.86,-3.24,OPERATIONAL,1,1,0,0,0,
GB7DX,70CM,DVU56,439.700000,430.700000,-9.0,JO00LW,TR0821,NEW ROMNEY,SE,,3,DV Scotland Phoenix,50.96,0.96,OPERATIONAL,0,1,0,0,0,
GB7DY,70CM,DVU46,439.575000,430.575000,-9.0,IO82,SO9386,DUDLEY,CEN,,11,SALOP DMR,,,OPERATIONAL,0,1,0,0,0,
GB7DZ,70CM,RB02,433.050000,434.650000,1.6,IO83,SJ8557,CONGLETON,CEN,103.5,,,,,OPERATIONAL,1,0,0,1,0,
GB7EA,70CM,DMU30,439.375000,430.375000,,IO75SV,NS4570,ERSKINE,SCOT,,,,55.90,-4.48,OPERATIONAL,1,0,0,1,0,
GB7EB,70CM,DVU46,439.575000,430.575000,-9.0,JO02TK,TM4488,BECCLES,CEN,,2,DV Scotland Phoenix,52.44,1.60,OPERATIONAL,0,1,0,0,0,
GB7EC,70CM,RU74,430.925000,438.525000,7.6,IO87,NJ9204,ABERDEEN,SCOT,,11,BRANDMEISTER,,,OPERATIONAL,0,1,0,0,0,
GB7ED,70CM,DVU54,439.675000,430.675000,-9.0,IO80GR,SX9393,EXETER,SW,,5,BRANDMEISTER,50.74,-3.51,OPERATIONAL,0,1,0,0,0,
GB7EE,70CM,RU74,430.925000,438.525000,7.6,IO85JW,NT2471,EDINBURGH,SCOT,,1,BRANDMEISTER,55.94,-3.21,OPERATIONAL,0,1,0,0,0,
GB7EG,70CM,DVU61,439.762500,430.762500,-9.0,IO91,TQ3838,EAST GRINSTEAD,SE,,2,BRANDMEISTER,,,OPERATIONAL,0,1,0,0,0,
GB7EH,70CM,RU75,430.937500,438.537500,7.6,IO92GC,SP3645,BANBURY,SW,,8,BRANDMEISTER,52.11,-1.48,REDUCED OUTPUT,0,1,0,0,0,
GB7EI,70CM,RU68,430.850000,438.450000,7.6,IO67IN,NF8164,LOCHMADDY,SCOT,88.5,6,BRANDMEISTER,57.55,-7.33,OPERATIONAL,1,1,1,1,0,
GB7EL,70CM,DVU57,439.712500,430.712500,-9.0,IO83,SD8636,NELSON,NOR,,2,NORTHERN DMR CLUSTER,,,OPERATIONAL,0,1,0,0,0,
GB7EP,70CM,DVU32,439.400000,430.400000,-9.0,IO91UI,TQ2063,EPSOM,SE,,3,DV Scotland Phoenix,51.36,-0.27,OPERATIONAL,0,1,0,0,0,
GB7EQ,70CM,DVU36,439.450000,430.450000,-9.0,IO80MW,ST3016,ILMINSTER,SW,,10,,50.94,-2.98,OPERATIONAL,0,1,0,0,0,
GB7ER,2M,RV62,145.775000,145.175000,-0.6,IO80GR,SX9393,EXETER,SW,77,,,50.74,-3.51,OPERATIONAL,1,0,0,1,0,
GB7ES,70CM,DVU35,439.437500,430.437500,-9.0,JO00DT,TQ6104,EASTBOURNE,SE,,,,50.82,0.29,OPERATIONAL,0,0,1,0,0,
GB7EU,70CM,RU67,430.837500,438.437500,7.6,IO85JW,NT2471,EDINBURGH,SCOT,94.8,,,55.94,-3.21,OPERATIONAL,1,0,0,0,1,
GB7EV,70CM,U94,431.175000,431.175000,,IO85JW,NT2471,EDINBURGH,SCOT,,11,,55.94,-3.21,NOT OPERATIONAL,0,1,0,0,0,
GB7EW,70CM,DVU42,439.525000,430.525000,-9.0,IO80,SX9295,EXETER,SW,,3,SW CLUSTER,,,OPERATIONAL,0,1,0,0,0,
GB7EX,70CM,DVU57,439.712500,430.712500,-9.0,JO01GN,TQ7787,SOUTHEND ON SEA,SE,,3,DV Scotland Phoenix,51.56,0.56,OPERATIONAL,0,1,0,0,0,
GB7EY,70CM,DVU41,439.512500,430.512500,-9.0,IO85,NT4728,SELKIRK,SCOT,,1,DV Scotland Phoenix,,,OPERATIONAL,0,1,1,1,1,
GB7EZ,70CM,DVU62,439.775000,430.775000,-9.0,IO92CM,SP1489,ERDINGTON,CEN,,14,DV Scotland Phoenix,52.51,-1.79,OPERATIONAL,0,1,0,0,0,
GB7FB,70CM,DVU38,439.475000,430.475000,-9.0,IO71VA,SS4426,BIDEFORD,SW,,5,SW CLUSTER,51.01,-4.21,OPERATIONAL,0,1,0,0,0,
GB7FC,70CM,DVU40,439.500000,430.500000,-9.0,IO83LU,SD3242,CLEVELEYS,NOR,,,,53.87,-3.03,OPERATIONAL,0,0,1,0,0,
GB7FD,70CM,DVU58,439.725000,430.725000,-9.0,IO83LV,SD3146,FLEETWOOD,NOR,,,,53.91,-3.05,OPERATIONAL,0,0,0,1,0,
GB7FE,70CM,DVU38,439.475000,430.475000,-9.0,IO86BC,NS8592,STIRLING,SCOT,,1,DV Scotland Phoenix,56.11,-3.85,OPERATIONAL,0,1,1,1,0,
GB7FG,70CM,RU76,430.950000,438.550000,7.6,IO71WW,SN5126,CARMARTHEN,WM,94.8,,,51.92,-4.16,NOT OPERATIONAL,1,0,0,1,0,
GB7FI,70CM,RU71,430.887500,438.487500,7.6,IO81OH,ST4455,AXBRIDGE,SW,,3,DV Scotland Phoenix,51.30,-2.80,OPERATIONAL,0,1,0,0,0,
GB7FK-B,70CM,DVU54,439.675000,430.675000,-9.0,JO01OC,TR2538,FOLKESTONE,SE,,,,51.10,1.21,OPERATIONAL,0,0,1,0,0,
GB7FL,70CM,DVU61,439.762500,430.762500,-9.0,IO83,SD4228,FRECKLETON,NOR,,,,,,OPERATIONAL,0,0,1,1,0,
GB7FO,70CM,DVU-R22,430.275000,439.275000,9.0,IO83LT,SD3135,BLACKPOOL,NOR,,1,DV Scotland Phoenix,53.81,-3.03,OPERATIONAL,0,1,0,0,0,
GB7FR,70CM,DVU40,439.500000,430.500000,-9.0,IO90,TQ0902,WORTHING,SE,,4,BRANDMEISTER,,,OPERATIONAL,0,1,0,0,0,
GB7FT,70CM,DVU57,439.712500,430.712500,-9.0,IO90,SU6501,PORTSMOUTH,SW,,3,BRANDMEISTER,,,OPERATIONAL,0,1,0,0,0,
GB7FU,70CM,RU71,430.887500,438.487500,7.6,IO93JA,SK5547,NOTTINGHAM,CEN,,,,53.03,-1.18,OPERATIONAL,1,0,0,1,0,
GB7FW,70CM,DVU54,439.675000,430.675000,-9.0,IO90LU,SU6506,PORTSMOUTH,SW,,,,50.85,-1.07,OPERATIONAL,0,0,1,0,0,
GB7GA,70CM,RU72,430.900000,438.500000,7.6,IO85,NT4936,GALASHIELS,SCOT,118.8,1,,,,NOT OPERATIONAL,1,1,1,1,0,
GB7GB,70CM,DVU61,439.762500,430.762500,-9.0,IO92BM,SP0696,SUTTON COLDFIELD,CEN,,8,BRANDMEISTER,52.57,-1.91,REDUCED OUTPUT,0,1,0,0,0,
GB7GD,2M,RV55,145.687500,145.087500,-0.6,IO87WE,NJ9410,ABERDEEN,SCOT,,1,DV Scotland Phoenix,57.19,-2.10,OPERATIONAL,0,1,1,1,0,
GB7GF,70CM,DVU55,439.687500,430.687500,-9.0,IO91RF,SU9948,GUILDFORD,SW,,3,DV Scotland Phoenix,51.23,-0.58,OPERATIONAL,0,1,0,0,0,
GB7GG,70CM,DVU50,439.625000,430.625000,-9.0,IO85AV,NS7567,AIRDRIE,SCOT,,1,DV Scotland Phoenix,55.89,-3.99,OPERATIONAL,0,1,1,1,0,
GB7GJ,70CM,RU72,430.900000,438.500000,7.6,IN89WE,NS7567,ST HELIER,SW,88.5,1,BRANDMEISTER,49.20,-2.11,OPERATIONAL,1,1,0,0,0,
GB7GL,70CM,RU68,430.850000,438.450000,7.6,IO75,NS6167,GLASGOW,SCOT,,7,BRANDMEISTER,,,OPERATIONAL,0,1,0,0,0,
GB7GM,70CM,RU78,430.975000,438.575000,7.6,IO85,NX9874,DUMFRIES,SCOT,118.8,3,DV Scotland Phoenix,,,OPERATIONAL,1,1,1,1,0,
GB7GP,70CM,DVU52,439.650000,430.650000,-9.0,IO91,SU8994,HIGH WYCOMBE,SE,,5,BRANDMEISTER,,,OPERATIONAL,0,1,0,1,0,
GB7GR,70CM,DVU36,439.450000,430.450000,-9.0,IO92QW,SK9038,GRANTHAM,CEN,,5,DV Scotland Phoenix,52.93,-0.66,OPERATIONAL,0,1,1,1,0,
GB7GS,70CM,DVU36,439.450000,430.450000,-9.0,JO02EO,TF6003,DOWNHAM MARKET,CEN,,3,DV Scotland Phoenix,52.60,0.37,OPERATIONAL,0,1,0,1,0,
GB7GT,70CM,DVU33,439.412500,430.412500,-9.0,IO82,SO6077,CLEE HILL,WM,,13,SALOP DMR,,,OPERATIONAL,0,1,0,0,0,
GB7GW,70CM,RU65,430.812500,438.412500,7.6,IO94FV,NZ3157,WASHINGTON,NOR,103.5,10,freeDMR,54.92,-1.50,OPERATIONAL,1,1,1,1,0,
GB7GX,2M,RV59,145.737500,145.137500,-0.6,IO86,NO2602,GLENROTHES,SCOT,103.5,1,DV Scotland Phoenix,,,OPERATIONAL,1,1,1,1,1,
GB7GY,70CM,DVU55,439.687500,430.687500,-9.0,IN89RL,NO2602,ST. PETER PORT,SW,,5,BRANDMEISTER,49.47,-2.54,NOT OPERATIONAL,0,1,0,0,0,
GB7HA,70CM,DVU-R23,430.287500,439.287500,9.0,IO91TU,TL1317,HARPENDEN,SE,,,,51.85,-0.35,OPERATIONAL,0,0,0,1,0,
GB7HB,70CM,DVU50,439.625000,430.625000,-9.0,IO64,IJ0344,TANDRAGEE,NI,,1,DV Scotland Phoenix,,,OPERATIONAL,0,1,1,1,0,
GB7HC,70CM,DVU42,439.525000,430.525000,-9.0,IO82,SO5236,HEREFORD,WM,,5,SALOP DMR,,,OPERATIONAL,0,1,0,0,0,
GB7HD,2M,RV55,145.687500,145.087500,-0.6,IO70,SX4479,TAVISTOCK,SW,,3,SW CLUSTER,,,OPERATIONAL,0,1,0,0,0,
GB7HH,70CM,DVU60,439.750000,430.750000,-9.0,JO01CN,TQ5187,ROMFORD,SE,,3,BRANDMEISTER/PHOENIX,51.57,0.18,OPERATIONAL,0,1,1,1,0,
GB7HI,70CM,DVU59,439.737500,430.737500,-9.0,IO64,J24146,LISBURN,NI,,1,BRANDMEISTER,,,NOT OPERATIONAL,0,1,1,1,0,
GB7HK,2M,RV50,145.625000,145.025000,-0.6,IO85,NT5316,HAWICK,SCOT,103.5,3,freeDMR,,,NOT OPERATIONAL,1,1,0,0,0,
GB7HM,70CM,DVU51,439.637500,430.637500,-9.0,IO83,SJ2957,CAERGWRLE,WM,,1,DV Scotland Phoenix,,,OPERATIONAL,0,1,0,0,0,
GB7HN,70CM,RU70,430.875000,438.475000,7.6,IO83RL,SJ6498,LEIGH,NOR,82.5,,,53.48,-2.54,OPERATIONAL,1,0,0,0,0,
GB7HR,70CM,DVU36,439.450000,430.450000,-9.0,IO91SL,TQ0775,HEATHROW,SE,,3,DV Scotland Phoenix,51.47,-0.46,OPERATIONAL,0,1,0,0,0,
GB7HS,70CM,DVU34,439.425000,430.425000,-9.0,IO83XR,SD9828,HEPTONSTALL,NOR,,2,NORTHERN DMR CLUSTER,53.75,-2.02,OPERATIONAL,0,1,0,0,0,
GB7HT,70CM,DVU59,439.737500,430.737500,-9.0,IO95,NZ2887,ASHINGTON,NOR,,10,BRANDMEISTER/PHOENIX,,,OPERATIONAL,0,1,0,0,0,
GB7HU,70CM,DVU39,439.487500,430.487500,-9.0,IO93RS,SE9532,SOUTH CAVE,NOR,,,,53.78,-0.55,REDUCED OUTPUT,0,0,1,0,0,
GB7HX,70CM,DVU46,439.575000,430.575000,-9.0,IO93BP,SE0816,HUDDERSFIELD,NOR,,1,BRANDMEISTER,53.65,-1.87,OPERATIONAL,0,1,1,0,0,
GB7IC-B,70CM,DVU36,439.450000,430.450000,-9.0,JO01NI,TR1967,HERNE BAY,SE,,,,51.36,1.15,OPERATIONAL,0,0,1,0,0,
GB7IC-C,2M,RV53,145.662500,145.062500,-0.6,JO01NI,TR1967,HERNE BAY,SE,,,,51.36,1.15,OPERATIONAL,1,0,1,0,0,
GB7IE,2M,RV54,145.675000,145.075000,-0.6,IO70WJ,SX5056,PLYMOUTH,SW,77,,,50.39,-4.11,OPERATIONAL,1,0,0,1,0,
GB7II,70CM,DVU36,439.450000,430.450000,-9.0,IO77UL,NH6445,INVERNESS,SCOT,,3,BRANDMEISTER,57.48,-4.26,OPERATIONAL,0,1,0,0,0,
GB7IK,70CM,DVU43,439.537500,430.537500,-9.0,JO01FJ,TQ7370,ROCHESTER,SE,,3,DV Scotland Phoenix,51.40,0.49,OPERATIONAL,0,1,0,0,0,
GB7IL,2M,RV53,145.662500,145.062500,-0.6,IO77UL,NH6445,INVERNESS,SCOT,,5,BRANDMEISTER,57.48,-4.26,NOT OPERATIONAL,0,1,0,0,0,
GB7IN,70CM,DVU52,439.650000,430.650000,-9.0,IO93GD,SK3559,ALFRETON,CEN,,1,BRANDMEISTER,53.13,-1.47,OPERATIONAL,0,1,0,0,0,
GB7IP,2M,RV52,145.650000,145.050000,-0.6,IO92KP,SK5904,LEICESTER,CEN,,1,,52.64,-1.13,OPERATIONAL,0,1,0,0,0,
GB7IS,70CM,DVU43,439.537500,430.537500,-9.0,IO81MH,ST3358,WESTON-SUPER-MARE,SW,,,,51.32,-2.95,OPERATIONAL,0,0,0,1,0,
GB7IT,70CM,DVU41,439.512500,430.512500,-9.0,IO81MH,ST3358,WESTON-SUPER-MARE,SW,,1,DV Scotland Phoenix,51.32,-2.95,OPERATIONAL,0,1,0,0,0,
GB7IV,2M,RV62,145.775000,145.175000,-0.6,IO90IV,SU4711,SOUTHAMPTON,SW,,,,50.90,-1.33,OPERATIONAL,0,0,0,1,0,
GB7JA,70CM,DVU57,439.712500,430.712500,-9.0,IO81VC,ST8633,MERE  WILTSHIRE,SW,,9,SW CLUSTER,51.10,-2.19,NOT OPERATIONAL,0,1,0,0,0,
GB7JB,70CM,DVU37,439.462500,430.462500,-9.0,IO81TB,ST7128,WINCANTON,SW,,1,SW CLUSTER,51.06,-2.41,OPERATIONAL,0,1,0,0,0,
GB7JD,70CM,DVU33,439.412500,430.412500,-9.0,IO85RL,NT6520,JEDBURGH,SCOT,,1,BRANDMEISTER,55.48,-2.55,OPERATIONAL,0,1,1,0,1,
GB7JF,70CM,DVU51,439.637500,430.637500,-9.0,IO92NE,SP7753,NORTHAMPTON,CEN,,,,52.17,-0.87,NOT OPERATIONAL,0,0,1,0,0,
GB7JI,70CM,RU68,430.850000,438.450000,7.6,IN89WE,SP7753,ST HELIER,SW,,,,49.20,-2.12,OPERATIONAL,0,0,1,0,0,
GB7JM,70CM,RU71,430.887500,438.487500,7.6,JO03BI,TF4284,ALFORD,CEN,71.9,3,BRANDMEISTER,53.34,0.15,OPERATIONAL,1,1,1,1,1,
GB7JT,70CM,DVU54,439.675000,430.675000,-9.0,IO91,SP9226,LEIGHTON BUZZARD,SE,,4,,,,OPERATIONAL,0,1,0,1,0,
GB7KB,2M,RV52,145.650000,145.050000,-0.6,JO00CX,TQ5621,HEATHFIELD,SE,,3,BRANDMEISTER,50.97,0.22,OPERATIONAL,0,1,0,0,0,
GB7KD,70CM,DVU55,439.687500,430.687500,-9.0,JO00DV,TQ6013,HAILSHAM,SE,,3,BRANDMEISTER,50.90,0.28,OPERATIONAL,0,1,0,0,0,
GB7KE,70CM,DVU47,439.587500,430.587500,-9.0,JO01GJ,TQ7869,GILLINGHAM,SE,,3,BRANDMEISTER,51.39,0.56,OPERATIONAL,0,1,0,1,0,
GB7KK,70CM,RU74,430.925000,438.525000,7.6,IO65VE,ID1139,BALLYCASTLE,NI,,1,DV Scotland Phoenix,55.19,-6.24,OPERATIONAL,0,1,1,1,0,
GB7KL,70CM,RU70,430.875000,438.475000,7.6,IO84RD,SD6374,KIRKBY LONSDALE,NOR,110.9,,,54.16,-2.56,NOT OPERATIONAL,1,0,0,1,0,
GB7KN,70CM,DVU35,439.437500,430.437500,-9.0,IO85,NT1166,EDINBURGH,SCOT,,1,DV Scotland Phoenix,,,OPERATIONAL,0,1,1,1,0,
GB7KP,70CM,DVU46,439.575000,430.575000,-9.0,IO74,IJ4664,COMBER,NI,,1,DV Scotland Phoenix,,,OPERATIONAL,0,1,1,1,0,
GB7KR,70CM,DVU-R24,430.300000,439.300000,9.0,IO82,SO8278,KIDDERMINSTER,WM,,8,SALOP DMR,,,OPERATIONAL,0,1,0,0,0,
GB7KS,70CM,DVU-R20,430.250000,439.250000,9.0,IO81,SO8303,STROUD,SW,,2,SALOP DMR,,,NOT OPERATIONAL,0,1,0,0,0,
GB7KT,70CM,DVU40,439.500000,430.500000,-9.0,IO91GE,SU3545,ANDOVER,SW,,1,SW CLUSTER,51.21,-1.49,OPERATIONAL,0,1,0,0,0,
GB7KU,70CM,DVU42,439.525000,430.525000,-9.0,IO92TT,TF0727,BOURNE,CEN,,5,DV Scotland Phoenix,52.83,-0.41,OPERATIONAL,0,1,1,1,0,
GB7KY,70CM,DVU52,439.650000,430.650000,-9.0,IO86,NT2692,KIRKCALDY,SCOT,103.5,1,DV Scotland Phoenix,,,OPERATIONAL,1,1,1,1,1,
GB7LD,70CM,DVU35,439.437500,430.437500,-9.0,IO83,SD5322,LEYLAND,NOR,,15,BRANDMEISTER,,,OPERATIONAL,0,1,0,0,0,
GB7LE,70CM,DVU53,439.662500,430.662500,-9.0,IO93FU,SE3039,LEEDS,NOR,,2,NORTHERN DMR CLUSTER,53.85,-1.53,OPERATIONAL,0,1,0,0,0,
GB7LF,70CM,DVU43,439.537500,430.537500,-9.0,IO84OA,SD5059,LANCASTER,NOR,,,,54.03,-2.76,NOT OPERATIONAL,0,0,1,0,0,
GB7LK,70CM,RU65,430.812500,438.412500,7.6,IO70SM,SX2770,LISKEARD,SW,,5,DV Scotland Phoenix,50.51,-4.44,NOT OPERATIONAL,0,1,0,0,0,
GB7LL,70CM,DVU40,439.496875,430.496875,-9.0,IO82,SJ2340,LLANGOLLEN,WM,,12,SALOP DMR,,,OPERATIONAL,0,1,0,0,1,
GB7LN,70CM,DVU32,439.400000,430.400000,-9.0,IO93RF,SK9773,LINCOLN,CEN,,1,BRANDMEISTER,53.25,-0.54,OPERATIONAL,0,1,0,0,0,
GB7LO,70CM,DVU41,439.512500,430.512500,-9.0,IO91,TQ3668,BECKENHAM,SE,,3,DV Scotland Phoenix,,,OPERATIONAL,0,1,0,0,0,
GB7LP,70CM,DVU32,439.400000,430.400000,-9.0,IO83MK,SJ3893,LIVERPOOL,NOR,,1,DV Scotland Phoenix,53.44,-2.93,OPERATIONAL,0,1,0,0,0,
GB7LR,70CM,DVU38,439.475000,430.475000,-9.0,IO92IQ,SK4810,LEICESTER,CEN,,1,BRANDMEISTER,52.69,-1.28,OPERATIONAL,0,1,0,0,0,
GB7LS,70CM,DVU32,439.400000,430.400000,-9.0,IO85,NT4436,GALASHIELS ,SCOT,,0,BRANDMEISTER,,,OPERATIONAL,0,1,1,1,0,
GB7LT,70CM,U324,434.050000,434.050000,,IO92,TF1324,BOURNE,CEN,,,,,,OPERATIONAL,0,0,0,0,0,
GB7LV,2M,RV49,145.612500,145.012500,-0.6,IO85FV,NT0465,LIVINGSTON,SCOT,,1,DV Scotland Phoenix,55.88,-3.53,OPERATIONAL,1,1,1,1,0,
GB7LZ,70CM,RU73,430.912500,438.512500,7.6,IO80AU,SS6309,WINKLEIGH,SW,77.0,1,,50.86,-3.94,NOT OPERATIONAL,1,1,0,0,0,
GB7MB,70CM,DVU56,439.700000,430.700000,-9.0,IO84,SD4464,MORECAMBE,NOR,,,,,,OPERATIONAL,0,0,0,1,0,
GB7MC,70CM,DVU43,439.537500,430.537500,-9.0,IO70,SW9453,ST AUSTELL,SW,,,,,,OPERATIONAL,0,0,1,1,0,
GB7MD,70CM,DVU32,439.400000,430.400000,-9.0,IO80UT,ST8002,BLANDFORD FORUM,SW,,,,50.82,-2.28,OPERATIONAL,0,0,0,1,0,
GB7ME,70CM,DVU58,439.725000,430.725000,-9.0,IO92JJ,SP5177,RUGBY,CEN,,,,52.39,-1.25,OPERATIONAL,0,0,1,0,0,
GB7MF,70CM,DVU54,439.675000,430.675000,-9.0,IO64QR,IH8989,MAGHERAFELT,NI,,3,DV Scotland Phoenix,54.75,-6.61,OPERATIONAL,0,1,1,1,0,
GB7MH,70CM,DVU51,439.637500,430.637500,-9.0,IO91WC,TQ3335,EAST GRINSTEAD,SE,,2,freeDMR,51.10,-0.09,OPERATIONAL,0,1,1,1,0,
GB7MJ,70CM,DVU51,439.637500,430.637500,-9.0,IO91GA,SU3623,ROMSEY,SW,,5,SW CLUSTER,51.01,-1.48,OPERATIONAL,0,1,0,0,0,
GB7MK,70CM,DVU48,439.600000,430.600000,-9.0,JO02OB,TM1944,IPSWICH,SE,,13,DV Scotland Phoenix,52.06,1.20,OPERATIONAL,0,1,0,0,0,
GB7MM,70CM,DVU60,439.750000,430.750000,-9.0,IO87BN,NH8655,NAIRN,SCOT,,5,DV Scotland Phoenix,57.58,-3.90,OPERATIONAL,0,1,1,1,0,
GB7MN,70CM,DVU33,439.412500,430.412500,-9.0,IO83,SJ9781,STOCKPORT,NOR,,2,DV Scotland Phoenix,,,OPERATIONAL,0,1,0,0,0,
GB7MP,70CM,DVU60,439.750000,430.750000,-9.0,IO84NB,SD4162,HEYSHAM,NOR,,3,BRANDMEISTER,54.06,-2.89,OPERATIONAL,0,1,0,0,0,
GB7MR,70CM,DVU59,439.737500,430.737500,-9.0,IO83,SD7716,BURY,NOR,,2,NORTHERN DMR CLUSTER,,,OPERATIONAL,0,1,0,0,0,
GB7MS,2M,RV62,145.775000,145.175000,-0.6,IO94EX,NZ2563,NEWCASTLE UPON TYNE,NOR,,10,BRANDMEISTER,54.97,-1.60,OPERATIONAL,0,1,0,0,0,
GB7MT,70CM,DVU53,439.662500,430.662500,-9.0,IO90IV,SU4711,SOUTHAMPTON,SW,,,,50.90,-1.33,OPERATIONAL,0,0,0,1,0,
GB7NA-B,70CM,DVU36,439.450000,430.450000,-9.0,IO93HN,SE3907,BARNSLEY,NOR,,,,53.57,-1.40,OPERATIONAL,0,0,1,0,0,
GB7NA-C,2M,RV54,145.675000,145.075000,-0.6,IO93HN,SE3907,BARNSLEY,NOR,,,,53.57,-1.40,OPERATIONAL,0,0,1,0,0,
GB7NB,70CM,DVU55,439.687500,430.687500,-9.0,JO02PN,TG2502,NORWICH,CEN,,,,52.57,1.33,OPERATIONAL,0,0,1,0,0,
GB7NC,70CM,DVU58,439.725000,430.725000,-9.0,JO02OL,TM1892,LONG STRATTON,CEN,,3,DV Scotland Phoenix,52.49,1.22,NOT OPERATIONAL,0,1,1,1,0,
GB7ND,70CM,DVU33,439.412500,430.412500,-9.0,JO02LM,TM0195,GREAT ELLINGHAM,CEN,,1,DV Scotland Phoenix,52.52,0.97,OPERATIONAL,0,1,0,0,0,
GB7NE,70CM,DVU36,439.450000,430.450000,-9.0,IO95FE,NZ3087,ASHINGTON,NOR,,3,,55.18,-1.52,OPERATIONAL,0,1,1,1,0,
GB7NF,70CM,DVU39,439.487500,430.487500,-9.0,JO00AS,TQ4401,NEWHAVEN,SE,,1,BRANDMEISTER,50.79,0.04,OPERATIONAL,0,1,0,0,0,
GB7NH,70CM,DVU50,439.625000,430.625000,-9.0,IO91OF,SU8650,ALDERSHOT,SW,,,,51.25,-0.76,OPERATIONAL,0,0,0,1,0,
GB7NL,70CM,DVU37,439.462500,430.462500,-9.0,IO80FR,SX9393,EXETER,SW,,,,50.74,-3.51,OPERATIONAL,0,0,1,0,0,
GB7NM,2M,RV59,145.737500,145.137500,-0.6,JO02LM,TM0195,ATTLEBOURGH,CEN,,,,52.52,0.97,OPERATIONAL,0,0,1,1,0,
GB7NN,70CM,DVU60,439.750000,430.750000,-9.0,IO93,SK5879,WORKSOP,CEN,,,,,,OPERATIONAL,0,0,0,1,0,
GB7NR,70CM,DVU35,439.437500,430.437500,-9.0,IO92KX,SK5943,NOTTINGHAM,CEN,,1,FREESTAR,52.99,-1.11,OPERATIONAL,0,1,1,0,0,
GB7NS,70CM,DVU13,439.162500,430.162500,-9.0,IO91WG,TQ3254,CATERHAM,SE,,3,DV Scotland Phoenix,51.27,-0.11,OPERATIONAL,0,1,0,0,0,
GB7NT,70CM,RU74,430.925000,438.525000,7.6,IO91IJ,SU4965,NEWBURY,SW,118.8,,,51.38,-1.28,OPERATIONAL,1,0,0,1,0,
GB7NV,70CM,RU66,430.825000,438.425000,7.6,IO93,SK5252,HUCKNALL,CEN,,1,freeDMR,,,OPERATIONAL,1,1,1,0,0,
GB7NW,70CM,DVU58,439.725000,430.725000,-9.0,IO91DN,SU1886,SWINDON,SW,,,,51.57,-1.74,OPERATIONAL,0,0,0,1,0,
GB7NY,70CM,DVU55,439.687500,430.687500,-9.0,IO64,IJ0328,BESSBROOK,NI,,1,BRANDMEISTER,,,OPERATIONAL,0,1,1,1,0,
GB7OK,2M,RV57,145.712500,145.112500,-0.6,IO91,TQ3668,BECKENHAM,SE,,3,,,,OPERATIONAL,0,1,1,1,0,
GB7OR,70CM,DVU37,439.462500,430.462500,-9.0,IO88LX,HY4111,KIRKWALL,SCOT,,1,BRANDMEISTER,58.99,-3.03,OPERATIONAL,0,1,0,0,0,
GB7PB,2M,RV53,145.662500,145.062500,-0.6,IO94FR,NZ3037,DURHAM,NOR,,,,54.74,-1.53,OPERATIONAL,0,0,1,0,0,
GB7PD,2M,RV59,145.737500,145.137500,-0.6,IO71OV,SN0727,MAENCLOCHOG,WM,94.8,,,51.92,-4.80,OPERATIONAL,1,0,1,1,0,
GB7PE,70CM,DVU40,439.500000,430.500000,-9.0,IO92TL,TL1289,PETERBOROUGH,CEN,,3,DV Scotland Phoenix,52.50,-0.35,OPERATIONAL,0,1,0,0,0,
GB7PF,70CM,DVU51,439.637500,430.637500,-9.0,IO80AN,SX6276,PRINCETOWN,SW,,3,SW CLUSTER,50.58,-3.94,OPERATIONAL,0,1,0,0,0,
GB7PH,70CM,DVU37,439.462500,430.462500,-9.0,JO00,TQ5909,HAILSHAM,SE,,3,,,,OPERATIONAL,0,1,1,0,0,
GB7PI,70CM,DVU61,439.762500,430.762500,-9.0,IO92XA,TL3736,ROYSTON,SE,,,,52.01,-0.00,OPERATIONAL,0,0,1,0,0,
GB7PM,70CM,DVU35,439.437500,430.437500,-9.0,IO81PH,ST4956,CHEDDAR,SW,,,,51.31,-2.72,OPERATIONAL,0,0,0,1,0,
GB7PN,70CM,DVU34,439.425000,430.425000,-9.0,IO83HH,SJ0781,PRESTATYN,WM,,1,DV Scotland Phoenix,53.33,-3.38,OPERATIONAL,0,1,0,0,0,
GB7PO,70CM,DVU59,439.737500,430.737500,-9.0,IO90KT,SU6300,PORTSMOUTH,SW,,,,50.80,-1.10,OPERATIONAL,0,0,0,1,0,
GB7PR,70CM,U324,434.050000,434.050000,,IO83RU,SD6238,LONGRIDGE,NOR,,,,53.84,-2.58,OPERATIONAL,0,0,0,0,0,
GB7PS,2M,RV55,145.687500,145.087500,-0.6,IO90,SU6501,PORTSMOUTH,SW,,3,BRANDMEISTER,,,NOT OPERATIONAL,0,1,0,0,0,
GB7PT,70CM,DVU57,439.712500,430.712500,-9.0,IO92XA,TL3736,ROYSTON,SE,,0,,52.01,-0.00,OPERATIONAL,0,1,1,1,0,
GB7PX,70CM,DVU62,439.775000,430.775000,-9.0,IO92XA,TL3736,ROYSTON,SE,,10,BRANDMEISTER/PHOENIX,52.01,-0.00,OPERATIONAL,0,1,1,0,0,
GB7PY,70CM,RU74,430.925000,438.525000,7.6,JO02AF,TL3959,CAMBRIDGE,SE,,3,BRANDMEISTER/PHOENIX,52.22,0.04,OPERATIONAL,0,1,0,0,0,
GB7RA,70CM,DVU52,439.650000,430.650000,-9.0,IO83LH,SJ2978,NESTON,NOR,,5,BRANDMEISTER,53.30,-3.06,OPERATIONAL,0,1,1,1,0,
GB7RB-C,2M,RV54,145.675000,145.075000,-0.6,IO81GK,ST0173,COWBRIDGE,WM,,,,51.46,-3.42,OPERATIONAL,0,0,1,0,0,
GB7RC,70CM,DVU-R21,430.262500,439.262500,9.0,IO81,SO9924,CHELTENHAM,SW,,,,,,OPERATIONAL,0,0,1,0,0,
GB7RD,70CM,DVU55,439.687500,430.687500,-9.0,IO70,SX5368,YELVERTON,SW,,3,SW CLUSTER,,,OPERATIONAL,0,1,0,0,0,
GB7RE,70CM,DVU57,439.712500,430.712500,-9.0,IO93MH,SK7180,RETFORD,CEN,,1,freeDMR,53.32,-0.93,OPERATIONAL,0,1,0,0,0,
GB7RJ,70CM,DVU43,439.537500,430.537500,-9.0,IO82LW,SJ2936,CHIRK,WM,,5,BRANDMEISTER,52.93,-3.05,OPERATIONAL,0,1,1,0,0,
GB7RK,70CM,DVU35,439.437500,430.437500,-9.0,IO74AN,IJ2970,BELFAST,NI,,3,DV Scotland Phoenix,54.57,-6.00,OPERATIONAL,0,1,1,1,1,
GB7RL,70CM,DVU62,439.775000,430.775000,-9.0,IO83RU,SD6238,LONGRIDGE,NOR,,10,BRANDMEISTER,53.84,-2.58,OPERATIONAL,0,1,1,1,1,
GB7RM,70CM,U324,434.050000,434.050000,,JO01CO,TQ5391,ROMFORD,SE,,,,51.60,0.21,OPERATIONAL,0,0,0,0,0,
GB7RN,2M,RV51,145.637500,145.037500,-0.6,IO90JT,SU5704,FAREHAM,SW,,,,50.83,-1.19,OPERATIONAL,0,0,1,0,0,
GB7RO,70CM,DVU-R21,430.262500,439.262500,9.0,IO83UQ,SD7923,HASLINGDEN,NOR,,,,53.71,-2.31,OPERATIONAL,0,0,0,1,0,
GB7RR,70CM,DVU49,439.612500,430.612500,-9.0,IO92,SK5043,NOTTINGHAM,CEN,,1,,,,OPERATIONAL,0,1,0,0,0,
GB7RS,70CM,DVU49,439.612500,430.612500,-9.0,IO91PX,SP8633,MILTON KEYNES,SE,,4,BRANDMEISTER,52.00,-0.74,OPERATIONAL,0,1,0,0,0,
GB7RT,70CM,DVU33,439.412500,430.412500,-9.0,IO91,SU9566,SUNNINGDALE,SW,,3,BRANDMEISTER,,,OPERATIONAL,0,1,0,0,0,
GB7RV,70CM,DVU50,439.625000,430.625000,-9.0,IO83,SD6832,BLACKBURN,NOR,,2,NORTHERN DMR CLUSTER,,,OPERATIONAL,0,1,0,0,0,
GB7RW,2M,RV48,145.600000,145.000000,-0.6,IO94SO,NZ9304,WHITBY,NOR,88.5,,,54.43,-0.57,OPERATIONAL,1,0,1,0,0,
GB7RX,2M,RV62,145.775000,145.175000,-0.6,JO00GU,TQ7911,HASTINGS,SE,103.5,3,BRANDMEISTER,50.88,0.55,OPERATIONAL,1,1,0,0,0,
GB7RY,70CM,RU76,430.950000,438.550000,7.6,JO00HW,TQ8320,RYE,SE,103.5,,,50.95,0.61,OPERATIONAL,1,0,0,1,0,
GB7SA,70CM,DVU-R24,430.300000,439.300000,9.0,IO81,SS7893,PORT TALBOT,WM,,5,BRANDMEISTER,,,OPERATIONAL,0,1,0,0,0,
GB7SB,70CM,DVU53,439.662500,430.662500,-9.0,IO92,SP0379,BIRMINGHAM,CEN,,5,SALOP DMR,,,OPERATIONAL,0,1,0,0,0,
GB7SD,70CM,DVU33,439.412500,430.412500,-9.0,IO80SQ,SY6785,WEYMOUTH,SW,,1,SW CLUSTER,50.67,-2.46,OPERATIONAL,0,1,0,0,0,
GB7SE,70CM,DVU38,439.475000,430.475000,-9.0,JO01DM,TQ5781,THURROCK,SE,,3,DV Scotland Phoenix,51.51,0.27,OPERATIONAL,0,1,0,0,0,
GB7SF-C,2M,RV59,145.737500,145.137500,-0.6,IO93GK,SK3791,SHEFFIELD,NOR,,,,53.42,-1.44,NOT OPERATIONAL,0,0,1,0,0,
GB7SG,2M,RV61,145.762500,145.162500,-0.6,IO83MK,SJ3893,LIVERPOOL,NOR,,1,DV Scotland Phoenix,53.44,-2.93,OPERATIONAL,0,1,0,0,0,
GB7SH,70CM,RU77,430.962500,438.562500,7.6,IO93GK,SK3791,SHEFFIELD,NOR,71.9,,,53.42,-1.44,OPERATIONAL,1,0,0,1,0,
GB7SI,70CM,DVU61,439.762500,430.762500,-9.0,IO83,SJ9158,LEEK,CEN,,1,BRANDMEISTER,,,OPERATIONAL,0,1,0,0,0,
GB7SJ,70CM,RB07,433.175000,434.775000,1.6,IO83RF,SJ6569,NORTHWICH,NOR,103.5,,,53.22,-2.52,OPERATIONAL,1,0,0,0,0,
GB7SK,70CM,DVU37,439.462500,430.462500,-9.0,IO92NO,SK7303,LEICESTER,CEN,,1,DV Scotland Phoenix,52.62,-0.91,OPERATIONAL,0,1,0,0,0,
GB7SL,70CM,DVU-R21,430.262500,439.262500,9.0,IO92TR,TF1114,BASTON,CEN,,8,DV Scotland Phoenix,52.72,-0.35,OPERATIONAL,0,1,1,1,1,
GB7SM,70CM,DVU47,439.587500,430.587500,-9.0,IO86,NO5201,ST MONANS,SCOT,103.5,1,DV Scotland Phoenix,,,OPERATIONAL,1,1,1,1,1,
GB7SN,70CM,DVU54,439.675000,430.675000,-9.0,IO93GH,SK3481,SHEFFIELD,NOR,,1,BRANDMEISTER,53.33,-1.48,OPERATIONAL,0,1,0,0,0,
GB7SO,70CM,DVU42,439.525000,430.525000,-9.0,IO90KT,SU6001,GOSPORT,SW,,1,BRANDMEISTER,50.81,-1.15,OPERATIONAL,0,1,1,0,0,
GB7SP,70CM,DVU60,439.750000,430.750000,-9.0,IO91CB,SU1427,SALISBURY,SW,,3,SW CLUSTER,51.05,-1.79,OPERATIONAL,0,1,0,0,0,
GB7SQ,70CM,DVU54,439.675000,430.675000,-9.0,IO85,NT3561,DALKEITH,SCOT,,1,BRANDMEISTER,,,OPERATIONAL,0,1,0,0,1,
GB7SS,70CM,DVU47,439.587500,430.587500,-9.0,IO87IP,NJ2164,ELGIN,SCOT,,1,BRANDMEISTER,57.66,-3.31,OPERATIONAL,0,1,0,0,0,
GB7ST,70CM,DVU36,439.450000,430.450000,-9.0,IO83,SJ9348,STOKE ON TRENT,CEN,,1,BRANDMEISTER,,,OPERATIONAL,0,1,0,0,0,
GB7SU,70CM,DVU36,439.450000,430.450000,-9.0,IO90IV,SU4711,SOUTHAMPTON,SW,,8,DV Scotland Phoenix,50.90,-1.33,OPERATIONAL,0,1,0,0,0,
GB7SV,70CM,RB11,433.275000,434.875000,1.6,IO91UW,TL2027,HITCHIN,SE,82.5,,,51.93,-0.25,OPERATIONAL,1,0,0,1,0,
GB7SW,2M,RV51,145.637500,145.037500,-0.6,IO81VL,ST8875,CHIPPENHAM,SW,,,,51.48,-2.17,OPERATIONAL,0,0,1,0,0,
GB7SZ,70CM,RU75,430.937500,438.537500,7.6,IO90AR,SZ0492,POOLE,SW,71.9,,,50.73,-1.94,OPERATIONAL,1,0,0,0,0,
GB7TA,70CM,RU72,430.900000,438.500000,7.6,JO02,TG2609,THORPE ST ANDREW,CEN,94.8,3,freeDMR,,,NOT OPERATIONAL,1,1,0,0,0,
GB7TB,70CM,,439.218750,430.218750,,IO92,TF1324,MORTON,CEN,,,,,,OPERATIONAL,0,0,0,0,0,
GB7TC,70CM,DVU42,439.525000,430.525000,-9.0,IO91DL,SU2076,SWINDON,SW,,2,DV Scotland Phoenix,51.49,-1.70,OPERATIONAL,0,1,0,0,0,
GB7TD,70CM,DVU13,439.162500,430.162500,-9.0,IO93EP,SE2215,WAKEFIELD,NOR,,1,NORTHERN DMR CLUSTER,53.64,-1.66,OPERATIONAL,0,1,0,0,0,
GB7TE,2M,RV62,145.775000,145.175000,-0.6,JO01OT,TM2117,CLACTON ON SEA,SE,,,,51.81,1.21,OPERATIONAL,0,0,1,0,0,
GB7TF,70CM,DVU39,439.487500,430.487500,-9.0,IO91QT,SP9211,TRING,SE,,,,51.80,-0.66,OPERATIONAL,0,0,0,1,0,
GB7TH,70CM,DVU-R23,430.287500,439.287500,9.0,JO01QJ,TR3770,MARGATE,SE,,5,BRANDMEISTER,51.38,1.40,OPERATIONAL,0,1,0,0,0,
GB7TM,70CM,DVU59,439.737500,430.737500,-9.0,JO02NH,TM1070,EYE,SE,,,,52.30,1.08,OPERATIONAL,0,0,0,1,0,
GB7TP,70CM,DVU55,439.687500,430.687500,-9.0,IO93CT,SE1336,SHIPLEY,NOR,,1,BRANDMEISTER,53.83,-1.80,OPERATIONAL,0,1,1,1,0,
GB7TQ,70CM,RU71,430.887500,438.487500,7.6,IO80FM,SX9168,TORQUAY,SW,94.8,,,50.50,-3.53,OPERATIONAL,1,0,0,1,0,
GB7TT,70CM,DVU40,439.503125,430.503125,-9.0,IO82,SO6077,LUDLOW,SW,,,,,,OPERATIONAL,0,0,0,0,1,
GB7TX,70CM,U321A,434.018750,434.018750,,JO02TK,TM4488,BECCLES,CEN,,,,52.44,1.60,OPERATIONAL,0,0,0,0,0,
GB7TY,70CM,DVU49,439.612500,430.612500,-9.0,IO84XX,NY9766,HEXHAM,NOR,,10,,54.99,-2.05,OPERATIONAL,0,1,1,0,0,
GB7UL,70CM,DVU42,439.525000,430.525000,-9.0,IO74,IJ3892,CARRICKFERGUS,NI,,1,DV Scotland Phoenix,,,OPERATIONAL,0,1,0,0,0,
GB7VO,70CM,DVU56,439.700000,430.700000,-9.0,IO82QJ,SO5975,TENBURY WELLS,WM,,1,,52.38,-2.60,OPERATIONAL,0,1,1,1,1,
GB7VT,70CM,U94,431.175000,431.175000,,IO83,SJ9347,STOKE-ON-TRENT,CEN,,5,,,,OPERATIONAL,0,1,0,0,0,
GB7WB,70CM,DVU39,439.487500,430.487500,-9.0,IO81MH,ST3358,WESTON-SUPER-MARE,SW,,,,51.32,-2.95,OPERATIONAL,0,0,1,0,0,
GB7WC,70CM,DVU39,439.487500,430.487500,-9.0,IO83QI,SJ5783,WARRINGTON,NOR,,,,53.34,-2.64,OPERATIONAL,0,0,1,0,0,
GB7WD,70CM,DVU57,439.712500,430.712500,-9.0,IO82,SO9193,SEDGLEY,CEN,,11,SALOP DMR,,,OPERATIONAL,0,1,0,0,0,
GB7WF,70CM,DVU39,439.487500,430.487500,-9.0,IO82,SO7775,BEWDLEY,WM,,13,BRANDMEISTER,,,OPERATIONAL,0,1,1,1,1,
GB7WH,70CM,DMU30,439.375000,430.375000,,IO83,SJ3252,WREXHAM,WM,110.9,,,,,OPERATIONAL,1,0,0,1,0,
GB7WI,70CM,DVU33,439.412500,430.412500,-9.0,IO93TR,TA0928,HULL,NOR,,1,BRANDMEISTER,53.74,-0.33,OPERATIONAL,0,1,0,0,0,
GB7WK,70CM,DVU41,439.512500,430.512500,-9.0,IO91,SU9658,WOKING,SW,,15,BRANDMEISTER,,,OPERATIONAL,0,1,1,1,1,
GB7WL,70CM,DVU37,439.462500,430.462500,-9.0,IO91QP,SU9595,AMERSHAM,SE,,3,DV Scotland Phoenix,51.65,-0.62,OPERATIONAL,0,1,0,0,0,
GB7WM,70CM,DVU55,439.687500,430.687500,-9.0,IO83SM,SD6801,ASTLEY,NOR,,,,53.51,-2.47,OPERATIONAL,0,0,0,1,0,
GB7WN,70CM,DVU60,439.750000,430.750000,-9.0,IO82XP,SJ9403,WOLVERHAMPTON,CEN,,8,SALOP DMR,52.63,-2.08,REDUCED OUTPUT,0,1,0,0,0,
GB7WR,70CM,DVU37,439.462500,430.462500,-9.0, IO82UB,SO7742,GREAT MALVERN,WM,,,,52.08,-2.33,OPERATIONAL,0,0,1,0,0,
GB7WS,70CM,DVU34,439.425000,430.425000,-9.0,IO91SA,TQ0826,BILLINGSHURST,SE,,3,DV Scotland Phoenix,51.02,-0.46,OPERATIONAL,0,1,0,0,0,
GB7WT,70CM,DVU48,439.600000,430.600000,-9.0,IO64HQ,IH3982,OMAGH,NI,,1,BRANDMEISTER,54.69,-7.40,OPERATIONAL,0,1,1,1,0,
GB7WV,70CM,DVU55,439.687500,430.687500,-9.0,IO92NL,SP7487,MARKET HARBOROUGH,CEN,,2,BRANDMEISTER,52.48,-0.90,OPERATIONAL,0,1,0,0,0,
GB7WW,70CM,DVU38,439.475000,430.475000,-9.0,IO81,ST9276,KINGTON LANGLEY,SW,,7,SW CLUSTER,,,OPERATIONAL,0,1,0,0,0,
GB7WX,70CM,DVU41,439.512500,430.512500,-9.0,IO83OE,SJ4866,TARVIN,NOR,,3,BRANDMEISTER,53.19,-2.77,OPERATIONAL,0,1,1,1,0,
GB7WY,70CM,DVU41,439.512500,430.512500,-9.0,IO93FR,SE3024,WAKEFIELD,NOR,,,,53.72,-1.54,OPERATIONAL,0,0,1,0,0,
GB7XG,70CM,RU70,430.875000,438.475000,7.6,IO86,NO2602,GLENROTHES,SCOT,103.5,1,DV Scotland Phoenix,,,OPERATIONAL,1,1,1,1,1,
GB7XX,70CM,DVU37,439.462500,430.462500,-9.0,IO94,NZ2761,FELLING,NOR,,10,BRANDMEISTER,,,OPERATIONAL,0,1,0,0,0,
GB7XY,70CM,DVU34,439.425000,430.425000,-9.0,IO94EX,NZ2563,NEWCASTLE UPON TYNE,NOR,,10,BRANDMEISTER,54.97,-1.60,OPERATIONAL,0,1,0,0,0,
GB7YD,70CM,DVU55,439.687500,430.687500,-9.0,IO80PW,ST5217,YEOVIL,SW,,5,SW CLUSTER,50.95,-2.68,OPERATIONAL,0,1,0,0,0,
GB7YF,2M,RV61,145.762500,145.162500,-0.6,IO80PW,ST5217,YEOVIL TOWN CENTER,SW,94.8,,,50.95,-2.68,OPERATIONAL,1,0,0,1,0,
GB7YI,70CM,DVU46,439.575000,430.575000,-9.0,IO84WX,NY9364,HEXHAM,NOR,,10,BRANDMEISTER,54.97,-2.10,OPERATIONAL,0,1,0,0,0,
GB7YJ,70CM,DVU47,439.587500,430.587500,-9.0,IO92FH,SP3367,LEAMINGTON SPA,CEN,,3,BRANDMEISTER,52.30,-1.51,OPERATIONAL,0,1,0,0,0,
GB7YL,2M,RV63,145.787500,145.187500,-0.6,JO02UL,TM5492,LOWESTOFT,CEN,,1,DV Scotland Phoenix,52.47,1.74,OPERATIONAL,0,1,0,0,0,
GB7YR,70CM,DVU42,439.525000,430.525000,-9.0,IO93LM,SE6205,DONCASTER,NOR,,2,BRANDMEISTER,53.54,-1.06,OPERATIONAL,0,1,0,0,0,
GB7YY,70CM,DVU34,439.425000,430.425000,-9.0,IO81QJ,ST5566,DUNDRY,SW,,4,,51.40,-2.65,OPERATIONAL,0,1,1,1,1,
GB7YZ,70CM,DVU38,439.475000,430.475000,-9.0,IO83JE,SJ2166,MOLD,WM,,0,BRANDMEISTER,53.19,-3.18,OPERATIONAL,0,1,0,1,0,
GB7ZE,70CM,RB02,433.050000,434.650000,1.6,JO00GU,TQ7910,HASTINGS,SE,103.5,3,BRANDMEISTER,50.87,0.56,OPERATIONAL,1,1,0,0,0,
GB7ZP,70CM,DVU39,439.487500,430.487500,-9.0,JO01FS,TL7210,CHELMSFORD,SE,,,,51.76,0.49,OPERATIONAL,0,0,1,0,0,
