"repeater","band","channel","TX","RX","modes","QTHR","where","region","ctcss/cc","keeper","status",
GB3AA,2M,RV53,145.662500,145.062500,A,IO81RO,BRISTOL,SW,94.8,G4CJZ,OPERATIONAL,
GB3AB,70CM,RB15,433.375000,434.975000,A,IO93FK,SHEFFIELD,NOR,82.5,M0GAV,OPERATIONAL,
GB3AC,70CM,RU78,430.975000,438.575000,A,IO81TS,BRISTOL,SW,94.8,G4CJZ,OPERATIONAL,
GB3AG,2M,RV58,145.725000,145.125000,AF,IO86ON,FORFAR,SCOT,94.8,MM0XET,OPERATIONAL,
GB3AH,70CM,RB11,433.275000,434.875000,A,JO02KP,EAST DEREHAM,SE,94.8,G0LGJ,OPERATIONAL,
GB3AK,23CM,RM14X,1297.350000,1277.350000,A,IO81RO,BRISTOL,SW,94.8,G4CJZ,NOT OPERATIONAL,
GB3AL,2M,RV59,145.737500,145.137500,AF,IO91QP,AMERSHAM,SW,77.0,M0ZPU,OPERATIONAL,
GB3AM,6M,R50-13,50.840000,51.340000,A,IO91QP,AMERSHAM,SW,77,M0ZPU,OPERATIONAL,
GB3AN,70CM,RB08,433.200000,434.800000,AF,IO73UJ,AMLWCH,WM,110.9,MW0GCT,OPERATIONAL,
GB3AR,2M,RV56,145.700000,145.100000,AF,IO73VC,CAERNARFON,WM,110.9,GW4KAZ,OPERATIONAL,
GB3AS,2M,RV48,145.600000,145.000000,A,IO85MC,LANGHOLM,SCOT,77,GM6LJE,OPERATIONAL,
GB3AU,70CM,RB07,433.175000,434.775000,A,IO91QP,AMERSHAM,SW,82.5,M0ZPU,OPERATIONAL,
GB3AV,70CM,RB02,433.050000,434.650000,A,IO91OT,AYLESBURY,SW,118.8,G8GQJ,OPERATIONAL,
GB3AW,70CM,RB10,433.250000,434.850000,A,IO91GH,NEWBURY,SW,71.9,G8DOR,OPERATIONAL,
GB3AY,2M,RV52,145.650000,145.050000,A,IO75OR,DALRY,SCOT,103.5,MM0YET,OPERATIONAL,
GB3BA,70CM,RB13,433.325000,434.925000,A,IO91KF,BASINGSTOKE,SW,71.9,G8GTZ,OPERATIONAL,
GB3BB,2M,RV56,145.700000,145.100000,A,IO81GX,BRECON,WM,94.8,MW0XDD,OPERATIONAL,
GB3BC,2M,RV60,145.750000,145.150000,A,IO81IO,PONTYPRIDD,WM,94.8,GW0UXJ,OPERATIONAL,
GB3BE,70CM,RU69,430.862500,438.462500,AF,IO85SS,DUNS,SCOT,118.8,GM7LUN,OPERATIONAL,
GB3BF,2M,RV63,145.787500,145.187500,A,IO92SC,BEDFORD,CEN,77.0,G8MGP,OPERATIONAL,
GB3BH,70CM,RU79,430.987500,438.587500,A,JO00FU,BEXHILL-ON-SEA,SE,77.0,M0JDN,OPERATIONAL,
GB3BI,2M,RV58,145.725000,145.125000,A,IO77RM,MUIR OF ORD,SCOT,67,MM0GKB,OPERATIONAL,
GB3BK,70CM,RU72,430.900000,438.500000,A,JO01AK,BROMLEY,SE,103.5,G0WYG,OPERATIONAL,
GB3BL,70CM,RU70,430.875000,438.475000,A,IO92SD,BEDFORD,CEN,77.0,G8MGP,NOT OPERATIONAL,
GB3BM,2M,RV57,145.712500,145.112500,A,IO82XL,DUDLEY,CEN,67.0,G8PYT,OPERATIONAL,
GB3BN,70CM,RB0,433.000000,434.600000,A,IO91OJ,BRACKNELL,SW,118.8,G8DOR,OPERATIONAL,
GB3BR,70CM,RU65,430.812500,438.412500,A,IO90VU,HOVE,SE,88.5,G4WTV,OPERATIONAL,
GB3BS,70CM,RU68,430.850000,438.450000,A,IO81TK,BRISTOL,SW,118.8,G4SDR,OPERATIONAL,
GB3BT,2M,RV56,145.700000,145.100000,A,IO85WT,BERWICK ON TWEED,SCOT,118.8,GM1JFF,OPERATIONAL,
GB3BV,70CM,RB01,433.025000,434.625000,AF,IO91SR,HEMEL HEMPSTEAD,SE,82.5,G7HMV,OPERATIONAL,
GB3BW,70CM,RU65,430.812500,438.412500,A,IO93HO,WAKEFIELD,NOR,82.5,M0YDG,OPERATIONAL,
GB3BX,2M,RV54,145.675000,145.075000,M,IO82QL,CLEOBURY NORTH,WM,13,G4VZO,REDUCED OUTPUT,
GB3BY,70CM,RU78,430.975000,438.575000,A,IO83QP,CHORLEY,NOR,82.5,M0DKR,OPERATIONAL,
GB3BZ,70CM,RU68,430.850000,438.450000,AM,JO01GW,BRAINTREE,SE,3,G0DEC,OPERATIONAL,
GB3CA,70CM,RB13,433.325000,434.925000,A,IO84OT,CARLISLE,NOR,77,G1XSZ,OPERATIONAL,
GB3CB,70CM,RB14,433.350000,434.950000,A,IO92BL,BIRMINGHAM,CEN,67,G8NDT,OPERATIONAL,
GB3CC,70CM,RU77,430.962500,438.562500,A,IO90PT,CHICHESTER,SE,88.5,G4WTV,OPERATIONAL,
GB3CD,2M,RV55,145.687500,145.087500,AF,IO94DR,CROOK,NOR,118.8,G0OCB,OPERATIONAL,
GB3CE,70CM,RB14,433.350000,434.950000,A,JO01KV,COLCHESTER,SE,67,G0MBA,OPERATIONAL,
GB3CF,2M,RV48,145.600000,145.000000,ADFN,IO92IQ,MARKFIELD,CEN,77.0,M0VSE,OPERATIONAL,
GB3CG,2M,RV58,145.725000,145.125000,A,IO81VU,GLOUCESTER,SW,118.8,G3LVP,OPERATIONAL,
GB3CH,70CM,RU70,430.875000,438.475000,A,IO70SM,LISKEARD,SW,77,G4RKY,OPERATIONAL,
GB3CI,70CM,RU66,430.825000,438.425000,A,IO92PM,CORBY,CEN,77.0,G7HPE,NOT OPERATIONAL,
GB3CJ,10M,10M,29.640000,29.540000,A,IO92QF,BOZEAT,CEN,77.0,G1IRG,NOT OPERATIONAL,
GB3CK,70CM,RB0,433.000000,434.600000,A,JO01JF,CHARING KENT,SE,103.5,G6RVS,OPERATIONAL,
GB3CL,70CM,RB09,433.225000,434.825000,A,JO01OT,CLACTON,SE,67,G0MBA,OPERATIONAL,
GB3CM,70CM,RU69,430.862500,438.462500,AF,IO71VW,CARMARTHEN,WM,94.8,GW8KCY,OPERATIONAL,
GB3CN,2M,RV55,145.687500,145.087500,A,IO71TX,NEWCASTLE EMLYN,WM,94.8,GW6JSO,OPERATIONAL,
GB3CO,2M,RV53,145.662500,145.062500,A,IO92PM,CORBY,CEN,77.0,G1DIW,NOT OPERATIONAL,
GB3CP,2M,RV59,145.737500,145.137500,A,IO64IG,FERMANAGH,NI,110.9,GI6JPO,OPERATIONAL,
GB3CQ,10M,10M,29.630000,29.530000,A,IO90SU,WORTHING,SE,88.5,G4WTV,OPERATIONAL,
GB3CR,70CM,RB06,433.150000,434.750000,A,IO83LC,CAERGWRLE,WM,110.9,M0OBW,OPERATIONAL,
GB3CS,2M,RV60,145.750000,145.150000,A,IO85AU,MOTHERWELL,SCOT,103.5,GM8HBY,OPERATIONAL,
GB3CV,70CM,DMU29,439.362500,430.362500,A,IO92FJ,COVENTRY,CEN,67.0,M1FJB,NOT OPERATIONAL,
GB3CW,70CM,RB04,433.100000,434.700000,A,IO82HL,NEWTOWN POWYS,WM,103.5,GW4IQP,NOT OPERATIONAL,
GB3CY,70CM,RU69,430.862500,438.462500,A,IO93KW,YORK,NOR,88.5,G4FUO,OPERATIONAL,
GB3DA,2M,RV58,145.725000,145.125000,AF,JO01GR,DANBURY,SE,110.9,G6JYB,OPERATIONAL,
GB3DB,6M,R50-06,50.770000,51.270000,AF,JO01HR,DANBURY,SE,110.9,G6JYB,OPERATIONAL,
GB3DC,2M,RV55,145.687500,145.087500,A,IO92GW,DERBY,CEN,71.9,G7NPW,OPERATIONAL,
GB3DD,70CM,RB10,433.250000,434.850000,AF,IO86MM,DUNDEE,SCOT,94.8,GM4UGF,OPERATIONAL,
GB3DE,70CM,RB07,433.175000,434.775000,A,JO02NF,IPSWICH,SE,110.9,G1NRL,OPERATIONAL,
GB3DG,2M,RV62,145.775000,145.175000,AF,IO74UV,NEWTON STEWART,SCOT,103.5,GM8CJG,OPERATIONAL,
GB3DI,70CM,RB06,433.150000,434.750000,A,IO91IN,DIDCOT,SW,118.8,G8CUL,NOT OPERATIONAL,
GB3DM,70CM,RU74,430.925000,438.525000,AF,IO75QX,DUMBARTON,SCOT,103.5,GM7GDE,OPERATIONAL,
GB3DN,2M,RV51,145.637500,145.037500,AF,IO70UW,STIBB CROSS,SW,77,G1BHM,OPERATIONAL,
GB3DP,70CM,RU69,430.862500,438.462500,A,IO92TR,BASTON,CEN,88.5,G6YCA,OPERATIONAL,
GB3DQ,70CM,RU78,430.975000,438.575000,A,IO70RI,POLPERRO,SW,77,G1YDQ,OPERATIONAL,
GB3DR,2M,RV59,145.737500,145.137500,AF,IO80SN,WEYMOUTH,SW,,G3VPF,OPERATIONAL,
GB3DS,70CM,RB13,433.325000,434.925000,A,IO93KH,WORKSOP,CEN,71.9,G3XXN,OPERATIONAL,
GB3DT,70CM,RB0,433.000000,434.600000,AF,IO80WU,BLANDFORD,SW,71.9,G0ZEP,OPERATIONAL,
GB3DU,2M,RV61,145.762500,145.162500,ADMF,IO85SS,DUNS,SCOT,1,GM7LUN,OPERATIONAL,
GB3DV,70CM,RB01,433.025000,434.625000,A,IO93JK,MALTBY,NOR,71.9,G0EPX,OPERATIONAL,
GB3DW,2M,RV53,145.662500,145.062500,AF,IO72WT,HARLECH,WM,110.9,MW0VTK,OPERATIONAL,
GB3DX,70CM,RB12,433.300000,434.900000,A,IO65HA,DERRY/LONDONDERRY,NI,110.9,GI4YWT,OPERATIONAL,
GB3DY,70CM,RB10,433.250000,434.850000,AM,IO93FB,WIRKSWORTH,CEN,71.9,G3ZYC,NOT OPERATIONAL,
GB3DZ,70CM,RU79,430.987500,438.587500,A,IO92HW,DERBY,CEN,71.9,G7NPW,OPERATIONAL,
GB3EA,2M,RV55,145.687500,145.087500,A,JO02GE,WICKHAMBROOK,SE,110.9,G1YFF,OPERATIONAL,
GB3EB,2M,RV63,145.787500,145.187500,ADM,JO00AT,NEWHAVEN,SE,88.5,G0TJH,OPERATIONAL,
GB3ED,70CM,RB14,433.350000,434.950000,AD,IO85JW,EDINBURGH,SCOT,94.8,GM4GZW,OPERATIONAL,
GB3EE,70CM,RB12,433.300000,434.900000,A,IO93JD,MANSFIELD,CEN,71.9,G0RRZ,OPERATIONAL,
GB3EF,6M,R50-01,50.720000,51.220000,A,JO02NF,STOWMARKET,SE,110.9,G0OZS,REDUCED OUTPUT,
GB3EG,70CM,RU73,430.912500,438.512500,A,IO83QN,WIGAN,NOR,82.5,M1EGH,OPERATIONAL,
GB3EH,70CM,RU77,430.962500,438.562500,A,IO92GC,BANBURY,CEN,67,G4OHB,OPERATIONAL,
GB3EI,2M,RV49,145.612500,145.012500,ADMF,IO67IN,LOCHMADDY,SCOT,88.5,GM8SAU,OPERATIONAL,
GB3EJ,23CM,RM04,1297.100000,1291.100000,A,JO02CD,CAMBRIDGE,SE,77,G8MLA,NOT OPERATIONAL,
GB3EK,70CM,RU71,430.887500,438.487500,A,JO01QJ,MARGATE,SE,103.5,M0LMK,OPERATIONAL,
GB3EL,2M,RV48,145.600000,145.000000,A,JO01AM,LONDON,SE,82.5,G4RZZ,REDUCED OUTPUT,
GB3EM,2M,RV61,145.762500,145.162500,A,IO92LJ,COLD ASHBY,CEN,77.0,M1FJB,REDUCED OUTPUT,
GB3ER,70CM,RB03,433.075000,434.675000,AF,JO01GR,DANBURY,SE,110.9,G6JYB,OPERATIONAL,
GB3ES,2M,RV54,145.675000,145.075000,A,JO00HV,HASTINGS,SE,103.5,G6ZZX,OPERATIONAL,
GB3EU,70CM,UR67,438.437500,430.837500,A,IO92LJ,COLD ASHBY,CEN,77.0,M1FJB,NOT OPERATIONAL,
GB3EV,2M,RV56,145.700000,145.100000,A,IO84SQ,DUFTON,NOR,77,G0TNF,OPERATIONAL,
GB3EW,2M,RV49,145.612500,145.012500,A,IO80FR,EXETER,SW,77,G6ATJ,OPERATIONAL,
GB3EX,70CM,RU76,430.950000,438.550000,A,IO80GT,SILVERTON,SW,77,G7NBU,OPERATIONAL,
GB3EZ,70CM,RU78,430.975000,438.575000,A,JO02GE,WICKHAMBROOK,SE,110.9,G1YFF,OPERATIONAL,
GB3FC,70CM,RU68,430.850000,438.450000,A,IO83LU,BLACKPOOL,NOR,82.5,M0DKR,OPERATIONAL,
GB3FE,2M,RV53,145.662500,145.062500,A,IO86BC,STIRLING,SCOT,103.5,GM0MZB,OPERATIONAL,
GB3FF ,2M,RV48,145.600000,145.000000,A,IO86MU,UPPER LARGO,SCOT,103.5,GM7LUN,REDUCED OUTPUT,
GB3FG,2M,RV57,145.712500,145.112500,AF,IO71UX,CARMARTHEN,WM,94.8,GW8KCY,OPERATIONAL,
GB3FH,6M,R50-06,50.770000,51.270000,A,IO81OH,SOMERSET,SW,77,G4RKY,OPERATIONAL,
GB3FI,70CM,RU74,430.925000,438.525000,A,IO81OH,CHEDDAR,SW,77,G4RKY,OPERATIONAL,
GB3FJ,70CM,RU76,430.950000,438.550000,A,IO93XE,ASGARBY,CEN,71.9,G3ZPU,OPERATIONAL,
GB3FK,2M,RV60,145.750000,145.150000,AF,JO01OC,FOLKESTONE,SE,103.5,M1CMN,OPERATIONAL,
GB3FM,23CM,RM2,1297.050000,1291.050000,A,IO91OF,FARNHAM,SW,100,G4EPX,REDUCED OUTPUT,
GB3FN,70CM,RB15,433.375000,434.975000,A,IO91OF,FARNHAM,SW,82.5,G4EPX,OPERATIONAL,
GB3FR,2M,RV62,145.775000,145.175000,A,JO03AE,SPILSBY LINCS.,CEN,71.9,M1FJB,OPERATIONAL,
GB3FU,2M,RV60,145.750000,145.150000,A,IO92JX,NOTTINGHAM,CEN,71.9,M5ADU,REDUCED OUTPUT,
GB3FV,70CM,RU65,430.812500,438.412500,A,IO86AC,STIRLING,SCOT,88.5,GM0WUR,OPERATIONAL,
GB3FX,6M,R50-10,50.810000,51.310000,A,IO91OF,FARNHAM,SW,82.5,G4EPX,OPERATIONAL,
GB3GB,70CM,DMU27,439.337500,430.337500,A,IO92BM,SUTTON COLDFIELD,CEN,67.0,G8NDT,NOT OPERATIONAL,
GB3GC,6M,R50-02,50.730000,51.230000,A,IO70TL,LISKEARD,SW,77.0,M0WMB,NOT OPERATIONAL,
GB3GD,2M,RV50,145.625000,145.025000,A,IO74SG,SNAEFELL IOM,NOR,110.9,GD4HOZ,OPERATIONAL,
GB3GF,70CM,RB12,433.300000,434.900000,A,IO91RF,GUILDFORD,SE,88.5,G4EML,OPERATIONAL,
GB3GH,70CM,RB05,433.125000,434.725000,A,IO81VU,GLOUCESTER,SW,118.8,G3LVP,OPERATIONAL,
GB3GJ,2M,RV51,145.637500,145.037500,AM,IN89WE,ST HELIER,SW,71.9,GJ8PVL,OPERATIONAL,
GB3GL,70CM,RU72,430.900000,438.500000,AF,IO75WU,GLASGOW,SCOT,103.5,GM3SAN,OPERATIONAL,
GB3GN,2M,RV62,145.775000,145.175000,A,IO87TA,BANCHORY,SCOT,67,GM4ZUK,OPERATIONAL,
GB3GO,2M,RV63,145.787500,145.187500,AF,IO83BH,LLANDUDNO,WM,110.9,M0BUQ,OPERATIONAL,
GB3GR,70CM,RU68,430.850000,438.450000,A,IO92QV,GRANTHAM,CEN,71.9,G0OJF,OPERATIONAL,
GB3GU,70CM,RB13,433.325000,434.925000,A,IN89RK,GUERNSEY,SW,71.9,GU6EFB,OPERATIONAL,
GB3HB,70CM,RB15,433.375000,434.975000,AF,IO70OJ,ROCHE,SW,77,G4WVD,OPERATIONAL,
GB3HC,70CM,RB06,433.150000,434.750000,AF,IO82PB,HEREFORD,WM,118.8,G0JWJ,NOT OPERATIONAL,
GB3HD,70CM,RB09,433.225000,434.825000,AF,IO93BP,HUDDERSFIELD,NOR,82.5,G0ISX,OPERATIONAL,
GB3HE,70CM,RU74,430.925000,438.525000,AF,JO00HV,HASTINGS,SE,103.5,G3TCG,OPERATIONAL,
GB3HF,10M,10M,29.690000,29.590000,A,IO82KW,LLANGOLLEN,WM,103.5,GW0NIS,NOT OPERATIONAL,
GB3HG,2M,RV50,145.625000,145.025000,AF,IO94JF,THIRSK,NOR,88.5,G8IMZ,OPERATIONAL,
GB3HH,2M,RV56,145.700000,145.100000,A,IO93BF,BUXTON,CEN,71.9,G7EKY,OPERATIONAL,
GB3HI,2M,RV56,145.700000,145.100000,A,IO76DK,ISLE OF MULL,SCOT,103.5,MM0JRM,NOT OPERATIONAL,
GB3HJ,70CM,RB01,433.025000,434.625000,A,IO94EB,HARROGATE,NOR,118.8,G4MEM,OPERATIONAL,
GB3HK,70CM,RB02,433.050000,434.650000,A,IO85ON,SELKIRK,SCOT,118.8,GM7LUN,OPERATIONAL,
GB3HM,6M,R50-11,50.820000,51.320000,A,IO93GA,BELPER,CEN,71.9,G8IQP,OPERATIONAL,
GB3HN,70CM,RB01,433.025000,434.625000,A,IO82QJ,LUDLOW,WM,103.5,M0HOY,OPERATIONAL,
GB3HO,70CM,RU71,430.887500,438.487500,A,IO91TB,HORSHAM,SE,88.5,G4EFO,OPERATIONAL,
GB3HR,70CM,RB14,433.350000,434.950000,A,IO91TO,HARROW,SE,82.5,G3YXZ,OPERATIONAL,
GB3HS,2M,RV52,145.650000,145.050000,ADF,IO93RS,HULL,NOR,88.5,G3GJA,OPERATIONAL,
GB3HT,70CM,RB11,433.275000,434.875000,A,IO92HN,HINCKLEY,CEN,77.0,M0RVD,NOT OPERATIONAL,
GB3HW,70CM,RB13,433.325000,434.925000,A,JO01CN,GIDEA PARK,SE,110.9,G4GBW,OPERATIONAL,
GB3HY,70CM,RU72,430.900000,438.500000,A,IO90WX,HAYWARDS HEATH,SE,88.5,G6DGK,OPERATIONAL,
GB3IC,70CM,RB05,433.125000,434.725000,A,IO82WO,WOLVERHAMPTON,CEN,67,G7CFC,OPERATIONAL,
GB3IE,70CM,RU68,430.850000,438.450000,D,IO70XJ,PLYMOUTH,SW,77,G7DQC,NOT OPERATIONAL,
GB3IG,2M,RV62,145.775000,145.175000,A,IO68QE,STORNOWAY,SCOT,88.5,GM0LZE,OPERATIONAL,
GB3IH,70CM,RB04,433.100000,434.700000,A,JO02OB,IPSWICH,SE,110.9,G7CIY,OPERATIONAL,
GB3IK,2M,RV61,145.762500,145.162500,A,JO01FJ,ROCHESTER,SE,103.5,G6CKK,OPERATIONAL,
GB3IM-C,70CM,RU66,430.825000,438.425000,A,IO74SD,DOUGLAS  IOM,NOR,110.9,GD4HOZ,OPERATIONAL,
GB3IM-P,70CM,RU70,430.875000,438.475000,A,IO74PF,PEEL,NOR,110.9,GD4HOZ,OPERATIONAL,
GB3IM-R,70CM,RU66,430.825000,438.425000,A,IO74TI,RAMSEY  IOM,NOR,71.9,GD4HOZ,OPERATIONAL,
GB3IM-S,70CM,RB05,433.125000,434.725000,A,IO74SG,DOUGLAS  IOM,NOR,110.9,GD4HOZ,OPERATIONAL,
GB3IN,2M,RV51,145.637500,145.037500,ADMFPN,IO93GD,ALFRETON,CEN,71.9,G4TSN,OPERATIONAL,
GB3IP,70CM,RU78,430.975000,438.575000,A,IO91WF,SOUTH NUTFIELD,SE,82.5,M0ZAH,OPERATIONAL,
GB3IR,2M,RV61,145.762500,145.162500,A,IO94DJ,RICHMOND YORKS,NOR,88.5,G4FZN,OPERATIONAL,
GB3IS,70CM,RU71,430.887500,438.487500,ADMF,IO67HC,ISLE OF SOUTH UIST,SCOT,94.8,GM8SAU,OPERATIONAL,
GB3JB,2M,RV63,145.787500,145.187500,AM,IO81VC,MERE WILTSHIRE,SW,5,G3ZXX,OPERATIONAL,
GB3JL,2M,RV63,145.787500,145.187500,A,IO70SM,LISKEARD,SW,77,G4RKY,OPERATIONAL,
GB3JM,70CM,RU70,430.875000,438.475000,A,IO82PG,LEOMINISTER,WM,118.8,M0WYP,OPERATIONAL,
GB3JR,70CM,RU78,430.975000,438.575000,A,IO93HB,MANSFIELD,CEN,71.9,M5ADU,OPERATIONAL,
GB3JS,70CM,RB01,433.025000,434.625000,A,JO02UO,GREAT YARMOUTH,CEN,94.8,M0JGX,NOT OPERATIONAL,
GB3KA,70CM,RU71,430.887500,438.487500,A,IO82UJ,KIDDERMINSTER,WM,118.8,G7SAI,OPERATIONAL,
GB3KC,70CM,RU72,430.900000,438.500000,A,IO82WK,STOURBRIDGE,CEN,67,G0EWH,OPERATIONAL,
GB3KE,2M,RV55,145.687500,145.087500,AF,IO75UV,GLASGOW,SCOT,103.5,GM7SVK,OPERATIONAL,
GB3KI,2M,RV53,145.662500,145.062500,AD,JO01NI,HERNE BAY,SE,103.5,G4TKR,OPERATIONAL,
GB3KK,70CM,RU78,430.975000,438.575000,A,IO65VE,BALLYCASTLE,NI,110.9,MI0CRQ,OPERATIONAL,
GB3KL,70CM,RB04,433.100000,434.700000,AF,JO02FR,KINGS LYNN,SE,94.8,G0IJU,OPERATIONAL,
GB3KN,2M,RV56,145.700000,145.100000,A,JO01HH,MAIDSTONE,SE,103.5,G3VFC,OPERATIONAL,
GB3KR,70CM,RU65,430.812500,438.412500,A,IO82UI,STOURPORT ON SEVERN,WM,118.8,G7SAI,OPERATIONAL,
GB3KS,2M,RV50,145.625000,145.025000,AF,JO01PA,DOVER,SE,103.5,M1CMN,OPERATIONAL,
GB3KT,70CM,RU68,430.850000,438.450000,A,IO93AU,KEIGHLEY,NOR,82.5,M0DIT,OPERATIONAL,
GB3KU,70CM,RB03,433.075000,434.675000,ADMFPN,IO83XM,ASHTON-UNDER-LYNE,NOR,82.5,M0NCZ,OPERATIONAL,
GB3KV,70CM,RU78,430.975000,438.575000,A,IO75XX,KILSYTH,SCOT,103.5,GM3SAN,OPERATIONAL,
GB3KW,70CM,RU66,430.825000,438.425000,AF,IO75UV,GLASGOW,SCOT,103.5,GM7SVK,OPERATIONAL,
GB3KY,2M,RV57,145.712500,145.112500,A,JO02FS,KINGS LYNN,SE,94.8,G1SCQ,OPERATIONAL,
GB3LA,2M,RV57,145.712500,145.112500,A,IO85CJ,SANQUHAR,SCOT,103.5,GM3SAN,NOT OPERATIONAL,
GB3LB,2M,RV63,145.787500,145.187500,A,IO85NS,LAUDER,SCOT,118.8,GM7LUN,OPERATIONAL,
GB3LC,70CM,RU75,430.937500,438.537500,A,IO93WH,LOUTH,CEN,71.9,G7AJP,OPERATIONAL,
GB3LD,2M,RV54,145.675000,145.075000,A,IO84OA,LANCASTER,NOR,110.9,G3VVT,OPERATIONAL,
GB3LE,70CM,RB04,433.100000,434.700000,AF,IO92IQ,MARKFIELD,CEN,77,M1NAS,OPERATIONAL,
GB3LF,70CM,RB14,433.350000,434.950000,A,IO84PH,KENDAL,NOR,110.9,G3VVT,OPERATIONAL,
GB3LG,6M,R50-12,50.830000,51.330000,A,IO82KW,LLANGOLLEN,WM,,GW0NIS,NOT OPERATIONAL,
GB3LH,70CM,RB15,433.375000,434.975000,AF,IO82OP,SHREWSBURY,WM,103.5,G8DIR,OPERATIONAL,
GB3LI,70CM,RB10,433.250000,434.850000,A,IO83LL,LIVERPOOL,NOR,82.5,G3WIC,OPERATIONAL,
GB3LL,70CM,RB0,433.000000,434.600000,A,IO82KW,LLANGOLLEN,WM,94.8,G7RPG,OPERATIONAL,
GB3LM,2M,RV58,145.725000,145.125000,AF,IO93RF,LINCOLN,CEN,71.9,M0TEF,OPERATIONAL,
GB3LN,70CM,RU74,430.925000,438.525000,A, IO92JO,LEICESTER,CEN,118.8,M0HEL,OPERATIONAL,
GB3LP,6M,R50-04,50.750000,51.250000,A,IO83MK,LIVERPOOL,NOR,77,M1SWB,OPERATIONAL,
GB3LR,70CM,RU69,430.862500,438.462500,A,JO00AS,NEWHAVEN,SE,88.5,G0TJH,OPERATIONAL,
GB3LS,70CM,RB02,433.050000,434.650000,A,IO93RF,LINCOLN,CEN,71.9,M0TEF,OPERATIONAL,
GB3LT,70CM,RB10,433.250000,434.850000,AF,IO91SV,LUTON,CEN,77.0,G6OUA,OPERATIONAL,
GB3LU,2M,RV54,145.675000,145.075000,A,IP90JD,LERWICK,SCOT,77,GM0GFL,OPERATIONAL,
GB3LV,70CM,RB02,433.050000,434.650000,A,IO91XP,NORTH LONDON,SE,82.5,G4DFB,REDUCED OUTPUT,
GB3LY,2M,RV48,145.600000,145.000000,A,IO65NC,LIMAVADY,NI,110.9,MI1VOX,OPERATIONAL,
GB3LZ,2M,RV53,145.662500,145.062500,AMF,IO80CV,LAPFORD,SW,77,G4MQQ,OPERATIONAL,
GB3MA,6M,R50-01,50.720000,51.220000,A,IO83SM,ATHERTON,NOR,82.5,G4YYB,OPERATIONAL,
GB3MB,70CM,RB15,433.375000,434.975000,AF,IO81HR,MERTHYR,WM,94.8,GW0UXJ,OPERATIONAL,
GB3MC,70CM,DMU27,439.337500,430.337500,AF,IO83KJ,LEASOWE,NOR,110.9,G4YWD,OPERATIONAL,
GB3MD,70CM,RU77,430.962500,438.562500,AF,IO82GN,LLANFAIR CAEREINION,WM,103.5,GW4BML,NOT OPERATIONAL,
GB3ME,70CM,RB06,433.150000,434.750000,A,IO92JJ,RUGBY,CEN,67,G7BQM,OPERATIONAL,
GB3MG,70CM,RU72,430.900000,438.500000,F,IO81KP,PONTYPRIDD,WM,,GW0UXJ,NOT OPERATIONAL,
GB3MH,2M,RV50,145.625000,145.025000,A,IO91WC,EAST GRINSTEAD,SE,88.5,G7KBR,OPERATIONAL,
GB3MI,2M,RV57,145.712500,145.112500,AD,IO83VM,MANCHESTER,NOR,82.5,G0TOG,OPERATIONAL,
GB3MK,70CM,RB0,433.000000,434.600000,AF,IO92OB,MILTON KEYNES,SW,77,G6GEI,OPERATIONAL,
GB3ML,70CM,RU73,430.912500,438.512500,ADMF,IO91RK,STAINES UPON THAMES,SE,3,M0TNY,OPERATIONAL,
GB3MM,23CM,RM06,1297.150000,1291.150000,A,IO82XP,WOLVERHAMPTON,CEN,67,G8NDT,NOT OPERATIONAL,
GB3MN,2M,RV52,145.650000,145.050000,AF,IO83XH,DISLEY,NOR,82.5,G8LZO,OPERATIONAL,
GB3MO,70CM,UR63,438.387500,430.787500,A,IO84NB,MORECAMBE,NOR,110.9,G0VGS,OPERATIONAL,
GB3MP,2M,RV60,145.750000,145.150000,A,IO83HH,PRESTATYN,WM,110.9,M0OBW,OPERATIONAL,
GB3MR,70CM,RB14,433.350000,434.950000,A,IO83XH,STOCKPORT,NOR,82.5,G8LZO,OPERATIONAL,
GB3MW,70CM,RB10,433.250000,434.850000,A,IO92FH,LEAMINGTON SPA,CEN,67,G6FEO,OPERATIONAL,
GB3MY,70CM,RB11,433.275000,434.875000,AF,IO83SM,ATHERTON,NOR,82.5,G4YYB,OPERATIONAL,
GB3NA,2M,RV49,145.612500,145.012500,ADF,IO93HN,BARNSLEY,NOR,71.9,G4LUE,OPERATIONAL,
GB3NB,2M,RV50,145.625000,145.025000,A,JO02PN,NORWICH,SE,94.8,G8VLL,OPERATIONAL,
GB3NC,2M,RV58,145.725000,145.125000,AF,IO70OJ,ROCHE,SW,77.0,G4WVD,OPERATIONAL,
GB3ND,70CM,DVU59,439.737500,430.737500,DMF,IO70UU,HOLSWORTHY,SW,1,G1BHM,OPERATIONAL,
GB3NE,2M,RV61,145.762500,145.162500,A,IO91HJ,NEWBURY,SW,118.8,G6IBI,OPERATIONAL,
GB3NF,2M,RV50,145.625000,145.025000,AMF,IO92KX,NOTTINGHAM,CEN,77.0,M0VUB,OPERATIONAL,
GB3NG,2M,RV50,145.625000,145.025000,A,IO87XO,FRASERBURGH,SCOT,67,GM4ZUK,OPERATIONAL,
GB3NH,70CM,RU76,430.950000,438.550000,A,IO92NF,NORTHAMPTON,CEN,77.0,G1IRG,OPERATIONAL,
GB3NI,2M,RV58,145.725000,145.125000,A,IO74CO,BELFAST  N.I.,NI,110.9,MI1VOX,OPERATIONAL,
GB3NK,70CM,RB04,433.100000,434.700000,A,JO01BL,ERITH,SE,103.5,G4EGU,OPERATIONAL,
GB3NL,2M,RV62,145.775000,145.175000,A,IO91XP,NORTH LONDON,SE,,G4DFB,OPERATIONAL,
GB3NM,70CM,RB07,433.175000,434.775000,AMFN,IO92KX,NOTTINGHAM,CEN,71.9,M0VUB,OPERATIONAL,
GB3NN,70CM,RB02,433.050000,434.650000,A,JO02JV,WELLS NORFOLK,SE,94.8,G0FVF,OPERATIONAL,
GB3NO,23CM,RM0,1297.000000,1291.000000,A,JO02PP,NORWICH,SE,94.8,G8VLL,OPERATIONAL,
GB3NP,70CM,RU71,430.887500,438.487500,AF,IO92LD,TOWCESTER,CEN,77.0,G1IRG,OPERATIONAL,
GB3NR,70CM,RB0,433.000000,434.600000,A,JO02PP,NORWICH,SE,94.8,G8VLL,OPERATIONAL,
GB3NS,70CM,DVU54,439.675000,430.675000,A,IO91WG,CATERHAM,SE,82.5,G0OLX,OPERATIONAL,
GB3NT,70CM,RB0,433.000000,434.600000,AF,IO94FW,NEWCASTLE UPON TYNE,NOR,118.8,M0MNE,OPERATIONAL,
GB3NU,70CM,DMU26,439.325000,430.325000,ADMFPN7,IO92KX,NOTTINGHAM,CEN,71.9,M0VUB,OPERATIONAL,
GB3NW,2M,RV50,145.625000,145.025000,F,IO82UC,GREAT MALVERN,WM,67.0,G7KPR,OPERATIONAL,
GB3NY,70CM,RU67,430.837500,438.437500,AF,IO93RT,HULL,NOR,67.0,M0DPH,OPERATIONAL,
GB3NZ,2M,RV48,145.600000,145.000000,A,JO02NN,WYMONDHAM,SE,94.8,M0ZAH,OPERATIONAL,
GB3OA,2M,RV49,145.612500,145.012500,AF,IO83LP,SOUTHPORT,NOR,82.5,G4EID,OPERATIONAL,
GB3OC,2M,RV52,145.650000,145.050000,A,IO88LX,KIRKWALL,SCOT,77,GM0HQG,OPERATIONAL,
GB3OH,70CM,RU76,430.950000,438.550000,ADMF,IO85EX,LINLITHGOW,SCOT,94.8,GM0MZB,OPERATIONAL,
GB3OM,70CM,RU76,430.950000,438.550000,AM,IO64JQ,OMAGH,NI,1,GI4SXV,OPERATIONAL,
GB3OR,70CM,RU67,430.837500,438.437500,AF,IO83BH,LLANDUDNO,WM,103.5,MW0JWP,OPERATIONAL,
GB3OV,70CM,RB05,433.125000,434.725000,A,IO92VG,ST NEOTS,CEN,94.8,G6OHM,NOT OPERATIONAL,
GB3OY,70CM,RU76,430.950000,438.550000,A,JO01AO,BUCKHURST HILL,SE,82.5,G7UZN,OPERATIONAL,
GB3PA,2M,RV50,145.625000,145.025000,A,IO75QV,PAISLEY,SCOT,103.5,GM7GDE,OPERATIONAL,
GB3PB,2M,RV50,145.625000,145.025000,A,IO90AT,WIMBORNE,SW,71.9,G7ICH,NOT OPERATIONAL,
GB3PD,70CM,RU68,430.850000,438.450000,AF,IO80SN,WEYMOUTH,SW,,G1ZSE,OPERATIONAL,
GB3PE,2M,RV54,145.675000,145.075000,A,IO92TL,PETERBOROUGH,SE,94.8,M0ZPU,OPERATIONAL,
GB3PF,70CM,RB12,433.300000,434.900000,A,IO83TR,ACCRINGTON,NOR,82.5,M0NFI,NOT OPERATIONAL,
GB3PH,2M,RV48,145.600000,145.000000,A,IO72SX,PWLLHELI,WM,118.8,MW0XTK,OPERATIONAL,
GB3PI,2M,RV60,145.750000,145.150000,A,IO92XA,ROYSTON,SE,77,M0ZPU,OPERATIONAL,
GB3PK,2M,RV53,145.662500,145.062500,A,IO65VE,BALLYCASTLE,NI,110.9,MI0CRR,OPERATIONAL,
GB3PL,2M,RV61,145.762500,145.162500,A,IO70XJ,PLYMPTON ,SW,77.0,M0WMB,OPERATIONAL,
GB3PM,70CM,RU72,430.900000,438.500000,A,IO93FK,SHEFFIELD,NOR,71.9,M0HOY,NOT OPERATIONAL,
GB3PN,70CM,RU76,430.950000,438.550000,A,IO83PS,PRESTON,NOR,82.5,M0VXT,NOT OPERATIONAL,
GB3PO,2M,RV52,145.650000,145.050000,A,JO02OB,IPSWICH,SE,110.9,G7CIY,REDUCED OUTPUT,
GB3PP,70CM,RB15,433.375000,434.975000,AMF,IO83QR,PRESTON,NOR,82.5,M0NED,REDUCED OUTPUT,
GB3PR,2M,RV54,145.675000,145.075000,AF,IO86GI,PERTH,SCOT,94.8,GM8KPH,OPERATIONAL,
GB3PS,23CM,RM03,1297.075000,1291.075000,A,IO92XA,ROYSTON,SE,77,M0ZPU,OPERATIONAL,
GB3PT,70CM,RU69,430.862500,438.462500,A,IO83NL,PRESCOT,NOR,94.8,M0NFI,OPERATIONAL,
GB3PU,70CM,RB0,433.000000,434.600000,AF,IO86GI,PERTH,SCOT,94.8,GM8KPH,OPERATIONAL,
GB3PW,2M,RV62,145.775000,145.175000,A,IO82HL,NEWTOWN,WM,103.5,GW4IQP,NOT OPERATIONAL,
GB3PX,6M,R50-07,50.780000,51.280000,A,IO92XA,ROYSTON,SE,77,M0ZPU,OPERATIONAL,
GB3PY,70CM,RU72,430.900000,438.500000,A,JO02AF,CAMBRIDGE,SE,77.0,M0ZPU,OPERATIONAL,
GB3PZ,70CM,RU72,430.900000,438.500000,A,IO83XL,DUKINFIELD,NOR,82.5,G4ZPZ,OPERATIONAL,
GB3RB,70CM,RB08,433.200000,434.800000,A,IO93IF,BOLSOVER,CEN,71.9,G1SLE,OPERATIONAL,
GB3RC,70CM,RU69,430.862500,438.462500,A,IO81XW,CHELTENHAM,SW,103.5,M0URF,OPERATIONAL,
GB3RD,2M,RV54,145.675000,145.075000,A,IO91JM,READING,SW,118.8,G8DOR,OPERATIONAL,
GB3RE,70CM,RB11,433.275000,434.875000,A,JO01HH,MAIDSTONE,SE,103.5,G6RVS,OPERATIONAL,
GB3RF,2M,RV62,145.775000,145.175000,ADMF,IO83TR,ACCRINGTON,NOR,82.5,M0NFI,OPERATIONAL,
GB3RH,70CM,RB11,433.275000,434.875000,A,IO80MS,AXMINSTER,SW,94.8,G6WWY,OPERATIONAL,
GB3RO,70CM,RU66,430.825000,438.425000,A,IO83UQ,HASLINGDEN,NOR,82.5,M0LMN,OPERATIONAL,
GB3RR,70CM,RU68,430.850000,438.450000,A,IO82XL,DUDLEY,CEN,67.0,G8PYT,OPERATIONAL,
GB3RU,70CM,RB11,433.275000,434.875000,A,IO91LK,READING,SW,118.8,G8DOR,OPERATIONAL,
GB3RW,2M,RV48,145.600000,145.000000,A,IO90SU,WORTHING,SE,88.5,G4WTV,OPERATIONAL,
GB3RX,70CM,RU65,430.812500,438.412500,AF,IO83NL,PRESCOT,NOR,77.0,M0NFI,OPERATIONAL,
GB3SA,70CM,RU77,430.962500,438.562500,A,IO92RP,STAMFORD,CEN,82.5,G8IOA,OPERATIONAL,
GB3SB,2M,RV52,145.650000,145.050000,A,IO85ON,SELKIRK,SCOT,118.8,GM7LUN,OPERATIONAL,
GB3SC,70CM,RU69,430.862500,438.462500,A,IO92ES,BURTON-UPON-TRENT,CEN,67.0,G8EKG,OPERATIONAL,
GB3SD,70CM,RB14,433.350000,434.950000,A,IO80SQ,WEYMOUTH,SW,71.9,G0ECX,OPERATIONAL,
GB3SE,23CM,RM03,1297.075000,1291.075000,A,IO83WA,STOKE ON TRENT,CEN,103.5,G8NSS,OPERATIONAL,
GB3SF,2M,RV50,145.625000,145.025000,F,IO86HK,PERTH,SCOT,,GM3NFO,OPERATIONAL,
GB3SG,70CM,RU73,430.912500,438.512500,A,IO81VR,STROUD,SW,118.8,G1MAW,OPERATIONAL,
GB3SH,2M,RV53,145.662500,145.062500,A,IO90IV,SOUTHAMPTON,SW,71.9,G4MYS,OPERATIONAL,
GB3SI,2M,RV50,145.625000,145.025000,A,IO70JB,HELSTON,SW,,M1ERD,OPERATIONAL,
GB3SJ,2M,RV55,145.687500,145.087500,A,IO83RF,NORTHWICH,NOR,103.5,M0WTX,OPERATIONAL,
GB3SK,70CM,RB06,433.150000,434.750000,A,JO01MH,CANTERBURY,SE,103.5,G6DIK,OPERATIONAL,
GB3SL,6M,R50-02,50.730000,51.230000,A,IO75XX,KILSYTH,SCOT,103.5,GM4COX,OPERATIONAL,
GB3SM,70CM,RB13,433.325000,434.925000,A,IO93BA,STOKE ON TRENT,CEN,103.5,G4SCY,OPERATIONAL,
GB3SN,2M,RV58,145.725000,145.125000,A,IO91LC,ALTON HANTS,SW,71.9,G4EPX,OPERATIONAL,
GB3SO,70CM,RB0,433.000000,434.600000,ADMF,JO03AR,WITHERNSEA,NOR,71.9,M0MFP,OPERATIONAL,
GB3SP,70CM,RB04,433.100000,434.700000,AF,IO71NQ,PEMBROKE,WM,94.8,GW3XJQ,OPERATIONAL,
GB3SR,70CM,RU73,430.912500,438.512500,A,JO03CB,SKEGNESS,CEN,71.9,G7UVD,OPERATIONAL,
GB3SS,2M,RV48,145.600000,145.000000,AF,IO87MO,ELGIN MORAY,SCOT,67,GM4ILS,OPERATIONAL,
GB3ST,70CM,RB09,433.225000,434.825000,A,IO83WA,STOKE ON TRENT,CEN,103.5,G8NSS,OPERATIONAL,
GB3SU,70CM,RB08,433.200000,434.800000,A,IO90IV,SOUTHAMPTON,SW,71.9,G4MYS,OPERATIONAL,
GB3SV,2M,RV49,145.612500,145.012500,A,IO82WS,STAFFORD,CEN,94.8,G7PFT,NOT OPERATIONAL,
GB3SW,2M,RV57,145.712500,145.112500,A,IO80JQ,SIDMOUTH,SW,77,G6XUV,OPERATIONAL,
GB3SX,6M,R50-08,50.790000,51.290000,A,IO93BA,STOKE ON TRENT,CEN,103.5,G4SCY,OPERATIONAL,
GB3SY,70CM,RB06,433.150000,434.750000,A,IO93EN,BARNSLEY,NOR,71.9,G8POK,OPERATIONAL,
GB3TA,2M,RV59,145.737500,145.137500,A,IO92DP,TAMWORTH,CEN,67,M0TSD,NOT OPERATIONAL,
GB3TD,70CM,UR63,438.387500,430.787500,A,IO91DL,SWINDON,SW,118.8,G4XUT,OPERATIONAL,
GB3TE,2M,RV49,145.612500,145.012500,A,JO01OU,FRINTON ON SEA,SE,67,G0MBA,OPERATIONAL,
GB3TF,70CM,RB08,433.200000,434.800000,AF,IO82RP,TELFORD,WM,103.5,M0JZH,OPERATIONAL,
GB3TH,70CM,RB15,433.375000,434.975000,AF,IO92DP,TAMWORTH,CEN,67,G8YUQ,OPERATIONAL,
GB3TJ,70CM,RB12,433.300000,434.900000,AF,IO85XA,CORBRIDGE,NOR,118.8,M0TKF,NOT OPERATIONAL,
GB3TP,2M,RV58,145.725000,145.125000,A,IO93CT,SHIPLEY,NOR,82.5,G8ZMG,OPERATIONAL,
GB3TR,2M,RV52,145.650000,145.050000,A,IO80FM,TORQUAY,SW,94.8,G8XST,OPERATIONAL,
GB3TS,70CM,RB07,433.175000,434.775000,AF,IO94GX,SUNDERLAND,NOR,118.8,G0SCI,NOT OPERATIONAL,
GB3TU,70CM,RB09,433.225000,434.825000,A,IO91PS,TRING,SW,77,M0ZPU,OPERATIONAL,
GB3TW,2M,RV58,145.725000,145.125000,AF,IO94DW,GATESHEAD,NOR,118.8,M0MNE,NOT OPERATIONAL,
GB3TX,10M,10M,29.650000,29.550000,A,JO02QP,NORWICH,SE,94.8,M0ZAH,OPERATIONAL,
GB3UB,70CM,RB04,433.100000,434.700000,A,IO81UJ,BATH AVON,SW,118.8,G4KVI,OPERATIONAL,
GB3UK,2M,RV49,145.612500,145.012500,ADMF,IO94FV,WASHINGTON,NOR,10,G1LBU,OPERATIONAL,
GB3UL,70CM,RB02,433.050000,434.650000,A,IO74CO,BELFAST  N.I.,NI,110.9,MI1VOX,OPERATIONAL,
GB3UM,6M,R50-03,50.740000,51.240000,A,IO92IQ,MARKFIELD,CEN,77,M1NAS,OPERATIONAL,
GB3UO,70CM,RU76,430.950000,438.550000,AF,IO83LA,WREXHAM,WM,110.9,GW0WZZ,OPERATIONAL,
GB3UP,70CM,RU73,430.912500,438.512500,A,IO71MX,FISHGUARD,WM,94.8,GW6TKK,OPERATIONAL,
GB3US,70CM,RB0,433.000000,434.600000,A,IO93GI,SHEFFIELD,NOR,103.5,M0RFT,OPERATIONAL,
GB3VA,2M,RV56,145.700000,145.100000,A,IO91LT,BRILL,SW,118.8,G8GQJ,OPERATIONAL,
GB3VE,70CM,RB04,433.100000,434.700000,A,IO84SQ,DUFTON,NOR,77.0,G0TNF,NOT OPERATIONAL,
GB3VH,70CM,RB13,433.325000,434.925000,A,IO91VT,WELWYN GARDEN CITY,SE,82.5,G4THF,OPERATIONAL,
GB3VI,6M,R50-15,50.860000,51.360000,A,IO82XL,DUDLEY,CEN,67.0,G8PYT,OPERATIONAL,
GB3VM,2M,RV49,145.612500,145.012500,AF,IO82QJ,TENBURY WELLS,WM,103.5,G8XYJ,OPERATIONAL,
GB3VN,70CM,RU74,430.925000,438.525000,AF,IO82QI,LUDLOW,WM,103.5,G4OYX,OPERATIONAL,
GB3VO,2M,RV51,145.637500,145.037500,AF,IO83LA,WREXHAM,WM,110.9,GW0WZZ,OPERATIONAL,
GB3VR,70CM,RU65,430.812500,438.412500,A,IO91TU,HARPENDEN,SE,67.0,G7HMV,NOT OPERATIONAL,
GB3VS,70CM,RB03,433.075000,434.675000,A,IO80LV,TRULL,SW,94.8,G4UVZ,NOT OPERATIONAL,
GB3VT,2M,RV58,145.725000,145.125000,D,IO83WA,STOKE ON TRENT,CEN,103.5,G8NSS,OPERATIONAL,
GB3VW,70CM,RU65,430.812500,438.412500,A,JO02NN,WYMONDHAM,SE,82.5,M0ZAH,OPERATIONAL,
GB3WA,70CM,RU70,430.875000,438.475000,A,IO75OR,DALRY,SCOT,103.5,GM7GDE,OPERATIONAL,
GB3WB,70CM,RB12,433.300000,434.900000,A,IO81MH,WESTON-SUPER-MARE,SW,94.8,G1VSX,OPERATIONAL,
GB3WC,23CM,RM15,1297.375000,1291.375000,A,IO93EP,WAKEFIELD,NOR,82.5,G1XCC,NOT OPERATIONAL,
GB3WD,2M,RV56,145.700000,145.100000,A,IO80AK,IVYBRIDGE,SW,77,M0ZCP,OPERATIONAL,
GB3WE,2M,RV55,145.687500,145.087500,AD,IO81MH,WESTON-SUPER-MARE,SW,94.8,G4SZM,OPERATIONAL,
GB3WF,70CM,RB14,433.350000,434.950000,AF,IO93DV,OTLEY,NOR,82.5,M0RIQ,OPERATIONAL,
GB3WG,70CM,RU70,430.875000,438.475000,AF,IO81CP,PORT TALBOT,WM,94.8,MW0HAC,OPERATIONAL,
GB3WH,2M,RV52,145.650000,145.050000,A,IO91EM,SWINDON,SW,118.8,G4LDL,OPERATIONAL,
GB3WI,70CM,RB15,433.375000,434.975000,AF,JO02BP,WISBECH,SE,94.8,M0DUQ,OPERATIONAL,
GB3WK,2M,RV62,145.775000,145.175000,A,IO92FH,LEAMINGTON SPA,CEN,67,G6FEO,OPERATIONAL,
GB3WL,70CM,RU76,430.950000,438.550000,ADF,IO92BJ,WYTHALL,CEN,67.0,G3YXM,OPERATIONAL,
GB3WM,70CM,RB02,433.050000,434.650000,AF,IO92AJ,LONGBRIDGE,CEN,67,M0JZT,OPERATIONAL,
GB3WN,70CM,UR63,438.387500,430.787500,A,IO82XP,WOLVERHAMPTON,CEN,67.0,G8NDT,NOT OPERATIONAL,
GB3WO,70CM,RU78,430.975000,438.575000,A,IO90TT,WORTHING,SE,88.5,M0IAD,OPERATIONAL,
GB3WQ,70CM,RU71,430.887500,438.487500,A,IO84FN,WHITEHAVEN,NOR,77.0,G0NIS,OPERATIONAL,
GB3WR,2M,RV48,145.600000,145.000000,A,IO81PH,CHEDDAR,SW,94.8,G4RKY,OPERATIONAL,
GB3WS,2M,RV60,145.750000,145.150000,A,IO91WB,HORSHAM,SE,88.5,G4EFO,NOT OPERATIONAL,
GB3WT,2M,RV62,145.775000,145.175000,A,IO64JQ,OMAGH,NI,110.9,GI3NVW,OPERATIONAL,
GB3WU,70CM,RU66,430.825000,438.425000,A,IO82VE,WORCESTER,WM,118.8,G8TIC,OPERATIONAL,
GB3WW,2M,RV62,145.775000,145.175000,AF,IO81CP,PORT TALBOT,WM,94.8,MW0HAC,OPERATIONAL,
GB3WX,6M,R50-12,50.830000,51.330000,A,JO02NN,WYMONDHAM,SE,94.8,M0ZAH,NOT OPERATIONAL,
GB3WY,6M,R50-09,50.800000,51.300000,A,IO93EP,WAKEFIELD,NOR,82.5,G1XCC,OPERATIONAL,
GB3XD,6M,R50-02,50.730000,51.230000,A,IO93WH,LOUTH,CEN,71.9,G7AJP,OPERATIONAL,
GB3XL,70CM,RU71,430.887500,438.487500,AM,IO93CT,SHIPLEY,NOR,82.5,M0IRK,DMR ONLY,
GB3XN,70CM,RU74,430.925000,438.525000,A,IO93KJ,WORKSOP,CEN,71.9,G3XXN,OPERATIONAL,
GB3XP,2M,RV55,145.687500,145.087500,AF,IO91VJ,MORDEN,SE,82.5,M0SGL,OPERATIONAL,
GB3XS,6M,R50-14,50.850000,51.350000,A,IO92MG,NORTHAMPTON,CEN,77.0,G7SYT,REDUCED OUTPUT,
GB3XV,70CM,DVU-R20,430.250000,439.250000,F,IO92KG,DAVENTRY,CEN,,G8KHF,REDUCED OUTPUT,
GB3XX,70CM,RU73,430.912500,438.512500,AF,IO92KG,DAVENTRY,CEN,77.0,G8KHF,OPERATIONAL,
GB3XZ,23CM,RM1,1297.025000,1291.025000,AD,IO92KG,DAVENTRY,CEN,77.0,G8KHF,OPERATIONAL,
GB3YA,2M,RV57,145.712500,145.112500,A,IO81LP,CWMBRAN,WM,94.8,MW0YAC,OPERATIONAL,
GB3YC,2M,RV60,145.750000,145.150000,A,IO94SE,FILEY,NOR,88.5,M0KXQ,REDUCED OUTPUT,
GB3YL,70CM,RB14,433.350000,434.950000,A,JO02UL,LOWESTOFT,SE,94.8,G4TAD,OPERATIONAL,
GB3YW,2M,RV63,145.787500,145.187500,A,IO93EP,WAKEFIELD,NOR,82.5,G1XCC,OPERATIONAL,
GB3ZA,2M,RV59,145.737500,145.137500,AF,IO82PB,HEREFORD,WM,118.8,G0JWJ,OPERATIONAL,
GB3ZB,70CM,RU66,430.825000,438.425000,A,IO81QJ,BRISTOL,SW,77,G4RKY,OPERATIONAL,
GB3ZI,70CM,RU78,430.975000,438.575000,AF,IO82WT,STAFFORD,CEN,103.5,G6MDX,OPERATIONAL,
GB3ZN,70CM,RU71,430.887500,438.487500,A,IO94GX,HEBBURN,NOR,118.8,M0OMT,OPERATIONAL,
GB3ZW,6M,R50-10,50.810000,51.310000,A,IO82HL,NEWTOWN POWYS,WM,103.5,GW4IQP,OPERATIONAL,
GB3ZX,70CM,RU66,430.825000,438.425000,A,JO00CT,EASTBOURNE,SE,88.5,G6ZZX,OPERATIONAL,
GB3ZY,6M,R50-09,50.800000,51.300000,A,IO81QJ,BRISTOL,SW,77,G4RKY,OPERATIONAL,
GB7AA,70CM,DVU54,439.675000,430.675000,M,IO81RO,BRISTOL,SW,1,G4CJZ,OPERATIONAL,
GB7AB,70CM,DVU53,439.662500,430.662500,F,IO87VD,ABERDEEN,SCOT,,GM7KBK,OPERATIONAL,
GB7AC,70CM,RU76,430.950000,438.550000,AM,IO87NU,LARGS,SCOT,3,GM7RYR,OPERATIONAL,
GB7AD,70CM,DVU61,439.762500,430.762500,D,IO81RO,BRISTOL,SW,,G4CJZ,OPERATIONAL,
GB7AE,70CM,DVU34,439.425000,430.425000,D,IO91CJ,MARLBOROUGH,SW,3,M1CJE,OPERATIONAL,
GB7AG,70CM,RU72,430.900000,438.500000,ADMF,IO86NR,FORFAR,SCOT,94.8,GM1TCN,NOT OPERATIONAL,
GB7AI,70CM,DMU27,439.337500,430.337500,AM,IO85PK,HAWICK,SCOT,3,GM8SJP,OPERATIONAL,
GB7AL,70CM,DVU32,439.400000,430.400000,M,JO02RD,IPSWICH,SE,2,M1NIZ,OPERATIONAL,
GB7AM,2M,RV53,145.662500,145.062500,DFP,IO83WI,HIGHER POYNTON,NOR,,G1DVA,OPERATIONAL,
GB7AN,70CM,DVU37,439.462500,430.462500,F,IO83TS,ACCRINGTON,NOR,,M0NFI,OPERATIONAL,
GB7AR,70CM,DVU42,439.525000,430.525000,DMFPN,JO01DI,NEW ASH GREEN,SE,15,G6VBJ,OPERATIONAL,
GB7AS,70CM,DVU34,439.425000,430.425000,M,JO01KD,ASHFORD,SE,3,M1CMN,OPERATIONAL,
GB7AU,70CM,DVU56,439.700000,430.700000,DF,IO91GP,AMERSHAM,SW,,M0ZPU,NOT OPERATIONAL,
GB7AV,70CM,DVU35,439.437500,430.437500,M,IO91OT,AYLESBURY,SW,3,G0RAS,OPERATIONAL,
GB7AY,70CM,DVU36,439.450000,430.450000,DMF,IO75TQ,KILMARNOCK,SCOT,1,GM0ONX,OPERATIONAL,
GB7BA,70CM,DVU61,439.762500,430.762500,M,IO93CS,BRADFORD,NOR,13,G1XCC,OPERATIONAL,
GB7BB,70CM,DVU57,439.712500,430.712500,DMF,IO87QP,BANFF,SCOT,1,MM0BUH,OPERATIONAL,
GB7BC,70CM,DVU52,439.650000,430.650000,DMFPN,IO90WT,BRIGHTON,SE,3,G7TXU,OPERATIONAL,
GB7BD,70CM,RU76,430.950000,438.550000,M,IO81QJ,BRISTOL,SW,3,G4RKY,OPERATIONAL,
GB7BE,70CM,DVU53,439.662500,430.662500,D,JO02TK,BECCLES,SE,,M0JGX,OPERATIONAL,
GB7BF,70CM,DVU-R24,430.300000,439.300000,DMF,IO83LU,BLACKPOOL,NOR,5,M0DKR,OPERATIONAL,
GB7BH,70CM,DVU46,439.575000,430.575000,DMFP,IO90WU,BRIGHTON,SE,4,G7TXU,OPERATIONAL,
GB7BI,70CM,DVU53,439.662500,430.662500,M,IO77RM,MUIR OF ORD,SCOT,1,GM0UDL,OPERATIONAL,
GB7BJ,70CM,DVU59,439.737500,430.737500,M,IO82TC,MALVERN,WM,13,G3PWJ,OPERATIONAL,
GB7BK,70CM,DVU59,439.737500,430.737500,M,IO91JM,READING,SW,3,G8DOR,OPERATIONAL,
GB7BL,70CM,DVU54,439.675000,430.675000,MFPN,IO84VV,ALLENDALE,NOR,5,M0UKB,OPERATIONAL,
GB7BM,70CM,DVU32,439.400000,430.400000,MP,IO92BL,BIRMINGHAM,CEN,8,G8NDT,NOT OPERATIONAL,
GB7BN,70CM,DVU47,439.587500,430.587500,DM,IO90PT,BOGNOR REGIS,SE,3,G0TJH,OPERATIONAL,
GB7BP,70CM,DVU36,439.450000,430.450000,D,IO91PX,MILTON KEYNES,SW,,M1ACB,OPERATIONAL,
GB7BR,70CM,RU74,430.925000,438.525000,M,IO74TI,RAMSEY IOM,NOR,3,GD4HOZ,OPERATIONAL,
GB7BS,70CM,DVU13,439.162500,430.162500,M,IO81TK,BRISTOL,SW,3,G4SDR,OPERATIONAL,
GB7BT,70CM,DVU51,439.637500,430.637500,DMFP,IO81SK,BRISTOL,SW,3,G7FBD,OPERATIONAL,
GB7BW,70CM,DVU58,439.725000,430.725000,DMF,IO93HP,WAKEFIELD ,NOR,2,M0YDG,OPERATIONAL,
GB7BX,70CM,DVU35,439.437500,430.437500,M,IO82QL,CLEOBURY NORTH,WM,11,G4VZO,OPERATIONAL,
GB7BZ,70CM,DVU33,439.412500,430.412500,D,IO92QF,BOZEAT,CEN,,M5WOB,OPERATIONAL,
GB7CA,70CM,RU74,430.925000,438.525000,M,IO74SD,DOUGLAS,NOR,2,GD4HOZ,OPERATIONAL,
GB7CB,70CM,DVU57,439.712500,430.712500,M,IO85DU,BATHGATE,SCOT,4,GM7RYR,OPERATIONAL,
GB7CC,70CM,DVU-R22,430.275000,439.275000,M,IO81XW,CHELTENHAM,SW,2,G8WVW,OPERATIONAL,
GB7CD,70CM,DVU56,439.700000,430.700000,D,IO81JL,CARDIFF,WM,,GW6CUR,OPERATIONAL,
GB7CE,70CM,DVU49,439.612500,430.612500,F,JO01NT,GREAT CLACTON,SE,,G0DZZ,OPERATIONAL,
GB7CF,70CM,DVU50,439.625000,430.625000,M,IO90LW,CLANFIELD,SW,3,M0PPR,OPERATIONAL,
GB7CG,2M,RV57,145.712500,145.112500,AF,IO92QA,WOBURN SANDS,SW,77.0,G0WTZ,OPERATIONAL,
GB7CH,70CM,RU66,430.825000,438.425000,ADMF,IO85VT,DUNS,SCOT,3,MM0JNL,NOT OPERATIONAL,
GB7CK,70CM,DVU59,439.737500,430.737500,M,JO01OC,FOLKESTONE,SE,3,M1CMN,OPERATIONAL,
GB7CL,70CM,DVU51,439.637500,430.637500,M,JO01OU,FRINTON ON SEA,SE,3,G0MBA,OPERATIONAL,
GB7CM,2M,RV56,145.700000,145.100000,AF,IO80UT,MILTON ABBAS,SW,71.9,M0MRP,OPERATIONAL,
GB7CO,70CM,DVU39,439.487500,430.487500,DMFPN,IO90JU,FAREHAM,SW,3,G3ZDF,OPERATIONAL,
GB7CP,70CM,RU66,430.825000,438.425000,F,IO91RO,SLOUGH,SW,77.0,M0WAQ,OPERATIONAL,
GB7CQ,70CM,DVU49,439.612500,430.612500,DMF,IO90SU,WORTHING,SE,4,G4WTV,OPERATIONAL,
GB7CS,70CM,DVU62,439.775000,430.775000,F,IO75VU,GLASGOW,SCOT,,GM7GDE,OPERATIONAL,
GB7CT,2M,RV51,145.637500,145.037500,M,IO91PS,TRING,SW,3,M0ZPU,OPERATIONAL,
GB7CU,70CM,DVU61,439.762500,430.762500,F,IO84GQ,MARYPORT,NOR,,M0LLC,OPERATIONAL,
GB7CV,70CM,DVU-R23,430.287500,439.287500,M,IO92GK,COVENTRY,CEN,5,G4USP,NOT OPERATIONAL,
GB7CX,70CM,RU69,430.862500,438.462500,DMF,IO65OD,COLERAINE,NI,12,MI0PKO,OPERATIONAL,
GB7CY,70CM,DVU50,439.625000,430.625000,F,IO94DR,CROOK,NOR,,G0OCB,OPERATIONAL,
GB7CZ,70CM,DVU40,439.500000,430.500000,M,IO94DR,CROOK,NOR,10,G0OCB,OPERATIONAL,
GB7DA,2M,RV62,145.775000,145.175000,DMF,IO85AV,AIRDRIE,SCOT,1,GM4AUP,OPERATIONAL,
GB7DB,70CM,DVU53,439.662500,430.662500,M,IO92QA,WOBURN SANDS,SW,3,G0WTZ,OPERATIONAL,
GB7DC,70CM,RU70,430.875000,438.475000,ADMFPN,IO92GW,DERBY,CEN,71.9,G7NPW,OPERATIONAL,
GB7DD,70CM,DVU53,439.662500,430.662500,MN,IO86NL,DUNDEE,SCOT,1,MM0DUN,OPERATIONAL,
GB7DE,2M,RV51,145.637500,145.037500,AM,IO85JW,KENNOWAY  FIFE,SCOT,94.8,GM7RYR,OPERATIONAL,
GB7DH,70CM,DVU47,439.587500,430.587500,DF,IO83RF,NORTHWICH,NOR,,M0XDR,OPERATIONAL,
GB7DJ,70CM,DVU53,439.662500,430.662500,M,IO83RF,NORTHWICH,NOR,3,M0WTX,OPERATIONAL,
GB7DK,2M,RV55,145.687500,145.087500,AF,IO74LV,STRANRAER,SCOT,103.5,GM0HPK,OPERATIONAL,
GB7DK-B,70CM,DVU52,439.650000,430.650000,D,IO74LV,STRANRAER,SCOT,,GM0HPK,OPERATIONAL,
GB7DL,70CM,DVU54,439.675000,430.675000,D,JO03DD,SKEGNESS,CEN,,G4HFG,OPERATIONAL,
GB7DM,70CM,DVU60,439.750000,430.750000,ADMF,IO86NL,MONIFIETH,SCOT,1,MM0DRA,OPERATIONAL,
GB7DN,70CM,DVU33,439.412500,430.412500,D,IO64MW,DUNGIVEN,NI,,GI0AZB,OPERATIONAL,
GB7DP,70CM,DVU47,439.587500,430.587500,M,IO71MV,TREFFGARNE,WM,3,MW0XDN,NOT OPERATIONAL,
GB7DR,70CM,DVU34,439.425000,430.425000,M,IO90AR,POOLE,SW,5,G7ICH,OPERATIONAL,
GB7DS,70CM,DVU34,439.425000,430.425000,DMFP7N,JO02PP,NORWICH,SE,1,M0ZAH,OPERATIONAL,
GB7DV,70CM,DVU49,439.612500,430.612500,D,IO83QJ,ST. HELENS,NOR,,G1DVA,OPERATIONAL,
GB7DW,2M,RV50,145.625000,145.025000,AM,IO80JU,DUNKERSWELL,SW,7,G3ZXX,NOT OPERATIONAL,
GB7DX,70CM,DVU56,439.700000,430.700000,M,JO00LW,NEW ROMNEY,SE,3,G0GCQ,OPERATIONAL,
GB7DY,70CM,DVU46,439.575000,430.575000,M,IO82WL,DUDLEY,CEN,11,G4VZO,OPERATIONAL,
GB7DZ,70CM,RB02,433.050000,434.650000,AF,IO83VC,CONGLETON,NOR,103.5,M0XDR,OPERATIONAL,
GB7EA,70CM,DMU30,439.375000,430.375000,AF,IO75SV,ERSKINE,SCOT,1,MM0PAZ,OPERATIONAL,
GB7EB,70CM,DVU46,439.575000,430.575000,M,JO02TK,BECCLES,SE,2,M0JGX,OPERATIONAL,
GB7EC,70CM,RU74,430.925000,438.525000,M,IO87WD,ABERDEEN ,SCOT,11,GM7RYR,NOT OPERATIONAL,
GB7ED,70CM,DVU54,439.675000,430.675000,M,IO80GR,EXETER,SW,5,M0ZZT,OPERATIONAL,
GB7EE,70CM,RU74,430.925000,438.525000,M,IO85JW,EDINBURGH,SCOT,1,GM7RYR,OPERATIONAL,
GB7EG,70CM,DVU61,439.762500,430.762500,M,IO91XC,EAST GRINSTEAD,SE,2,G7KBR,OPERATIONAL,
GB7EH,70CM,RU75,430.937500,438.537500,M,IO92GC,BANBURY,CEN,8,G8NDT,REDUCED OUTPUT,
GB7EI,70CM,RU68,430.850000,438.450000,ADMF,IO67IN,LOCHMADDY,SCOT,88.5,GM8SAU,OPERATIONAL,
GB7EL,70CM,DVU57,439.712500,430.712500,M,IO83VT,NELSON,NOR,2,G4BLH,OPERATIONAL,
GB7EP,70CM,DVU32,439.400000,430.400000,M,IO91UI,EPSOM,SE,3,G0OXZ,OPERATIONAL,
GB7ER,2M,RV62,145.775000,145.175000,AF,IO80GR,EXETER,SW,77,M0ZZT,OPERATIONAL,
GB7ES,70CM,DVU35,439.437500,430.437500,D,JO00DT,EASTBOURNE,SE,,M0LRE,OPERATIONAL,
GB7EU,70CM,RU67,430.837500,438.437500,AN,IO85JW,EDINBURGH,SCOT,94.8,GM7RYR,OPERATIONAL,
GB7EV,70CM,U94,431.175000,431.175000,M,IO85JW,EDINBURGH,SCOT,11,GM7RYR,OPERATIONAL,
GB7EW,70CM,DVU42,439.525000,430.525000,M,IO80FR,EXETER,SW,3,G6ATJ,OPERATIONAL,
GB7EX,70CM,DVU57,439.712500,430.712500,M,JO01GN,SOUTHEND ON SEA,SE,3,G8YPK,OPERATIONAL,
GB7EY,70CM,DVU41,439.512500,430.512500,DMFPN,IO85NM,SELKIRK,SCOT,1,GM4AUP,OPERATIONAL,
GB7EZ,70CM,DVU62,439.775000,430.775000,M,IO92CM,ERDINGTON,CEN,14,M0SNR,OPERATIONAL,
GB7FB,70CM,DVU38,439.475000,430.475000,DMF,IO71VA,BIDEFORD,SW,5,M0MFS,OPERATIONAL,
GB7FC,70CM,DVU40,439.500000,430.500000,D,IO83LU,CLEVELEYS,NOR,,G0GER,OPERATIONAL,
GB7FD,70CM,DVU58,439.725000,430.725000,F,IO83LV,FLEETWOOD,NOR,,M0RGV,OPERATIONAL,
GB7FE,70CM,DVU38,439.475000,430.475000,DMF,IO86BC,STIRLING,SCOT,1,GM0MZB,OPERATIONAL,
GB7FG,70CM,RU76,430.950000,438.550000,AF,IO71WW,CARMARTHEN,WM,94.8,GW8KCY,OPERATIONAL,
GB7FI,70CM,RU71,430.887500,438.487500,M,IO81OH,AXBRIDGE,SW,3,G4RKY,OPERATIONAL,
GB7FK-B,70CM,DVU54,439.675000,430.675000,D,JO01OC,FOLKESTONE,SE,,M1CMN,OPERATIONAL,
GB7FL,70CM,DVU61,439.762500,430.762500,DF,IO83NS,FRECKLETON,NOR,,M0XDR,OPERATIONAL,
GB7FO,70CM,DVU-R22,430.275000,439.275000,M,IO83LT,BLACKPOOL,NOR,1,G0WDA,OPERATIONAL,
GB7FR,70CM,DVU40,439.500000,430.500000,M,IO90ST,WORTHING,SE,4,G7RZU,OPERATIONAL,
GB7FT,70CM,DVU57,439.712500,430.712500,M,IO90LT,PORTSMOUTH,SW,3,M0PPR,OPERATIONAL,
GB7FU,70CM,RU71,430.887500,438.487500,AF,IO93JA,NOTTINGHAM,CEN,,G0LCG,OPERATIONAL,
GB7FW,70CM,DVU54,439.675000,430.675000,D,IO90LU,PORTSMOUTH,SE,,G8PUO,NOT OPERATIONAL,
GB7GA,70CM,RU72,430.900000,438.500000,ADMF,IO85NO,GALASHIELS,SCOT,1,GM7LUN,NOT OPERATIONAL,
GB7GB,70CM,DVU61,439.762500,430.762500,M,IO92BM,SUTTON COLDFIELD,CEN,8,G8NDT,NOT OPERATIONAL,
GB7GD,2M,RV55,145.687500,145.087500,DMF,IO87WE,ABERDEEN,SCOT,1,MM0RDM,OPERATIONAL,
GB7GF,70CM,DVU55,439.687500,430.687500,M,IO91RF,GUILDFORD,SW,3,G4EML,OPERATIONAL,
GB7GG,70CM,DVU50,439.625000,430.625000,DMF,IO85AV,AIRDRIE,SCOT,1,GM4AUP,OPERATIONAL,
GB7GJ,70CM,RU72,430.900000,438.500000,AM,IN89WE,ST HELIER,SW,88.5,GJ8PVL,OPERATIONAL,
GB7GL,70CM,RU68,430.850000,438.450000,M,IO75VV,GLASGOW,SCOT,7,GM7RYR,OPERATIONAL,
GB7GP,70CM,DVU52,439.650000,430.650000,MF,IO91PP,HIGH WYCOMBE,SW,5,M0GUY,OPERATIONAL,
GB7GR,70CM,DVU36,439.450000,430.450000,DMF,IO92QW,GRANTHAM,CEN,5,G6SSN,OPERATIONAL,
GB7GS,70CM,DVU36,439.450000,430.450000,MF,JO02EO,DOWNHAM MARKET,SE,3,G0FHM,OPERATIONAL,
GB7GT,70CM,DVU33,439.412500,430.412500,M,IO82QJ,CLEE HILL,WM,13,G3PWJ,OPERATIONAL,
GB7GW,70CM,RU65,430.812500,438.412500,ADMF,IO94FV,WASHINGTON,NOR,10,G1LBU,OPERATIONAL,
GB7GX,2M,RV59,145.737500,145.137500,ADMFPN,IO86JF,GLENROTHES,SCOT,1,MM0DXE,OPERATIONAL,
GB7GY,70CM,DVU55,439.687500,430.687500,M,IN89RL,ST. PETER PORT,SW,5,GU7DAI,OPERATIONAL,
GB7HA,70CM,DVU-R23,430.287500,439.287500,F,IO91TU,HARPENDEN,SE,,G7HMV,OPERATIONAL,
GB7HB,70CM,DVU50,439.625000,430.625000,DMF,IO64TI,TANDRAGEE,NI,1,MI0IRZ,OPERATIONAL,
GB7HC,70CM,DVU42,439.525000,430.525000,M,IO82PA,HEREFORD,WM,5,G3PWJ,OPERATIONAL,
GB7HD,2M,RV55,145.687500,145.087500,M,IO70VO,TAVISTOCK,SW,3,G3XOU,OPERATIONAL,
GB7HH,70CM,DVU60,439.750000,430.750000,DMF,JO01CN,ROMFORD,SE,3,M0UPM,OPERATIONAL,
GB7HI,70CM,DVU59,439.737500,430.737500,DMF,IO64XN,LISBURN,NI,1,GI6DKQ,OPERATIONAL,
GB7HK,2M,RV50,145.625000,145.025000,AM,IO85PK,HAWICK,SCOT,3,GM8SJP,NOT OPERATIONAL,
GB7HM,70CM,DVU51,439.637500,430.637500,M,IO83LC,CAERGWRLE,WM,1,G1SYG,NOT OPERATIONAL,
GB7HN,70CM,RU70,430.875000,438.475000,A,IO83RL,LEIGH,NOR,82.5,M0HOY,OPERATIONAL,
GB7HR,70CM,DVU36,439.450000,430.450000,M,IO91SL,HEATHROW,SE,3,G0OXZ,OPERATIONAL,
GB7HS,70CM,DVU34,439.425000,430.425000,M,IO83XR,HEPTONSTALL,NOR,2,G1XCC,OPERATIONAL,
GB7HT,70CM,DVU59,439.737500,430.737500,M,IO95FE,ASHINGTON,NOR,10,G4NAB,OPERATIONAL,
GB7HU,70CM,DVU39,439.487500,430.487500,D,IO93RS,SOUTH CAVE,NOR,,G0VRM,REDUCED OUTPUT,
GB7HX,70CM,DVU46,439.575000,430.575000,DM,IO93BP,HUDDERSFIELD,NOR,1,G0ISX,OPERATIONAL,
GB7IC-A,23CM,23CM,1290.650000,1270.650000,D,JO01NI,HERNE BAY,SE,,G4TKR,OPERATIONAL,
GB7IC-B,70CM,DVU36,439.450000,430.450000,D,JO01NI,HERNE BAY,SE,,G4TKR,OPERATIONAL,
GB7IC-C,2M,RV53,145.662500,145.062500,AD,JO01NI,HERNE BAY,SE,,G4TKR,OPERATIONAL,
GB7IE,2M,RV54,145.675000,145.075000,AF,IO70WJ,PLYMOUTH,SW,77,G1LOE,OPERATIONAL,
GB7II,70CM,DVU36,439.450000,430.450000,M,IO77UL,INVERNESS,SCOT,3,GM6GRE,OPERATIONAL,
GB7IK,70CM,DVU43,439.537500,430.537500,M,JO01FJ,ROCHESTER,SE,3,G6CKK,OPERATIONAL,
GB7IL,2M,RV53,145.662500,145.062500,M,IO77UL,INVERNESS,SCOT,5,GM6GRE,NOT OPERATIONAL,
GB7IP,2M,RV52,145.650000,145.050000,M,IO92KP,LEICESTER,CEN,1,M1FJB,OPERATIONAL,
GB7IS,70CM,DVU43,439.537500,430.537500,F,IO81MH,WESTON-SUPER-MARE,SW,,G4SZM,OPERATIONAL,
GB7IT,70CM,DVU41,439.512500,430.512500,M,IO81MH,WESTON-SUPER-MARE,SW,1,G4SZM,OPERATIONAL,
GB7IV,2M,RV62,145.775000,145.175000,F,IO90IV,SOUTHAMPTON,SW,,G4MYS,OPERATIONAL,
GB7JB,70CM,DVU37,439.462500,430.462500,M,IO81TB,WINCANTON,SW,1,G3ZXX,OPERATIONAL,
GB7JD,70CM,DVU33,439.412500,430.412500,DMN,IO85RL,JEDBURGH,SCOT,1,GM4UPX,OPERATIONAL,
GB7JF,70CM,DVU51,439.637500,430.637500,D,IO92NE,NORTHAMPTON,CEN,,G1IRG,NOT OPERATIONAL,
GB7JI,70CM,RU68,430.850000,438.450000,D,IN89WE,ST HELIER,SW,2,GJ8PVL,OPERATIONAL,
GB7JL,70CM,RU77,430.962500,438.562500,AM,IO83QL,WIGAN,NOR,82.5,G1EFU,OPERATIONAL,
GB7JM,70CM,DVU47,439.587500,430.587500,DMF,JO03BI,ALFORD,CEN,3,M0AQC,OPERATIONAL,
GB7KB,2M,RV52,145.650000,145.050000,M,JO00CX,HEATHFIELD,SE,3,G1ERJ,OPERATIONAL,
GB7KD,70CM,DVU55,439.687500,430.687500,M,JO00DV,HAILSHAM,SE,3,G1ERJ,OPERATIONAL,
GB7KE,70CM,DVU47,439.587500,430.587500,MF,JO01GJ,GILLINGHAM,SE,3,M0TIU,OPERATIONAL,
GB7KK,70CM,RU74,430.925000,438.525000,DMF,IO65VE,BALLYCASTLE,NI,1,MI0CRR,OPERATIONAL,
GB7KL,70CM,RU70,430.875000,438.475000,AF,IO84RD,KIRKBY LONSDALE,NOR,110.9,M1JCB,NOT OPERATIONAL,
GB7KN,70CM,DVU35,439.437500,430.437500,DMF,IO85HV,EDINBURGH,SCOT,1,GM7HHB,OPERATIONAL,
GB7KP,70CM,DVU46,439.575000,430.575000,DMF,IO74DM,COMBER,NI,1,GI0VKP,OPERATIONAL,
GB7KR,70CM,DVU-R24,430.300000,439.300000,M,IO82UJ,KIDDERMINSTER,WM,8,G0EWH,OPERATIONAL,
GB7KS,70CM,DVU-R20,430.250000,439.250000,M,IO81VR,STROUD,SW,2,G1MAW,NOT OPERATIONAL,
GB7KT,70CM,DVU40,439.500000,430.500000,M,IO91GE,ANDOVER,SW,1,G8FHI,OPERATIONAL,
GB7KU,70CM,DVU42,439.525000,430.525000,DMF,IO92TT,BOURNE,CEN,5,G6SSN,OPERATIONAL,
GB7KY,70CM,DVU52,439.650000,430.650000,ADMFPN,IO86JC,KIRKCALDY,SCOT,1,GM0MMN,OPERATIONAL,
GB7LD,70CM,DVU35,439.437500,430.437500,M,IO83PQ,LEYLAND,NOR,15,M0XRS,REDUCED OUTPUT,
GB7LE,70CM,DVU53,439.662500,430.662500,M,IO93FU,LEEDS,NOR,2,G1XCC,OPERATIONAL,
GB7LF,70CM,DVU43,439.537500,430.537500,D,IO84OA,LANCASTER,NOR,,G3VVT,NOT OPERATIONAL,
GB7LK,70CM,RU65,430.812500,438.412500,M,IO70SM,LISKEARD,SW,5,G4RKY,OPERATIONAL,
GB7LL,70CM,DVU40,439.496875,430.496875,MN,IO82KW,LLANGOLLEN,WM,12,GW0NIS,OPERATIONAL,
GB7LN,70CM,DVU32,439.400000,430.400000,M,IO93RF,LINCOLN,CEN,1,G0RZR,OPERATIONAL,
GB7LO,70CM,DVU41,439.512500,430.512500,M,IO91XJ,BECKENHAM,SE,3,G1HIG,OPERATIONAL,
GB7LP,70CM,DVU32,439.400000,430.400000,M,IO83MK,LIVERPOOL,NOR,1,M1SWB,OPERATIONAL,
GB7LR,70CM,DVU38,439.475000,430.475000,M,IO92IQ,LEICESTER,CEN,1,M1FJB,OPERATIONAL,
GB7LS,70CM,DVU32,439.400000,430.400000,DMF,IO85NO,GALASHIELS ,SCOT,,GM7LUN,OPERATIONAL,
GB7LT,70CM,U324,434.050000,434.050000,E,IO92UT,BOURNE,CEN,,G6KSM,OPERATIONAL,
GB7LV,2M,RV49,145.612500,145.012500,ADMF,IO85FV,LIVINGSTON,SCOT,1,GM7HHB,OPERATIONAL,
GB7LZ,70CM,RU73,430.912500,438.512500,AM,IO80CV,LAPFORD,SW,77.0,G4MQQ,OPERATIONAL,
GB7MB,70CM,DVU56,439.700000,430.700000,F,IO84NB,MORECAMBE,NOR,,G0VGS,OPERATIONAL,
GB7MC,70CM,DVU43,439.537500,430.537500,DF,IO70NI,ST AUSTELL,SW,,M1DNS,OPERATIONAL,
GB7MD,70CM,DVU32,439.400000,430.400000,F,IO80UT,BLANDFORD FORUM,SW,,M0RHS,OPERATIONAL,
GB7MF,70CM,DVU54,439.675000,430.675000,DMF,IO64QR,MAGHERAFELT,NI,3,MI0JPD,OPERATIONAL,
GB7MH,70CM,DVU51,439.637500,430.637500,DMF,IO91WC,EAST GRINSTEAD,SE,2,G7KBR,OPERATIONAL,
GB7MJ,70CM,DVU51,439.637500,430.637500,M,IO91GA,ROMSEY,SW,5,G3KYG,OPERATIONAL,
GB7MK,70CM,DVU48,439.600000,430.600000,M,JO02OB,IPSWICH,SE,13,M1NIZ,OPERATIONAL,
GB7MM,70CM,DVU60,439.750000,430.750000,DMF,IO87BN,NAIRN,SCOT,5,GM0RML,OPERATIONAL,
GB7MN,70CM,DVU33,439.412500,430.412500,M,IO83XH,STOCKPORT,NOR,2,G8NSS,OPERATIONAL,
GB7MP,70CM,DVU60,439.750000,430.750000,MP,IO84NB,HEYSHAM,NOR,3,G6CRV,OPERATIONAL,
GB7MR,70CM,DVU59,439.737500,430.737500,M,IO83TP,BURY,NOR,2,G1XCC,OPERATIONAL,
GB7MS,2M,RV62,145.775000,145.175000,M,IO94EX,NEWCASTLE UPON TYNE,NOR,10,M0DMP,OPERATIONAL,
GB7MT,70CM,DVU53,439.662500,430.662500,F,IO90IV,SOUTHAMPTON,SW,,G4MYS,OPERATIONAL,
GB7NA-A,23CM,RM12,1297.300000,1291.300000,D,IO93HN,BARNSLEY,NOR,,G4LUE,OPERATIONAL,
GB7NA-B,70CM,DVU36,439.450000,430.450000,D,IO93HN,BARNSLEY,NOR,,G4LUE,OPERATIONAL,
GB7NA-C,2M,RV54,145.675000,145.075000,D,IO93HN,BARNSLEY,NOR,,G4LUE,OPERATIONAL,
GB7NB,70CM,DVU55,439.687500,430.687500,D,JO02PN,NORWICH,SE,,G0LGJ,OPERATIONAL,
GB7NC,70CM,DVU58,439.725000,430.725000,DMF,JO02OL,LONG STRATTON,CEN,3,M0JGX,NOT OPERATIONAL,
GB7ND,70CM,DVU33,439.412500,430.412500,M,JO02LM,GREAT ELLINGHAM,SE,1,G0LGJ,OPERATIONAL,
GB7NE,70CM,DVU36,439.450000,430.450000,DMF,IO95FE,ASHINGTON,NOR,3,G0UDZ,OPERATIONAL,
GB7NF,70CM,DVU39,439.487500,430.487500,M,JO00AS,NEWHAVEN,SE,1,G0TJH,OPERATIONAL,
GB7NL,70CM,DVU37,439.462500,430.462500,D,IO80FR,EXETER,SW,,M0ZZT,OPERATIONAL,
GB7NM,2M,RV59,145.737500,145.137500,DF,JO02LM,ATTLEBOURGH,SE,,G0LGJ,OPERATIONAL,
GB7NN,70CM,DVU60,439.750000,430.750000,F,IO93KH,WORKSOP,CEN,,M0GET,OPERATIONAL,
GB7NR,70CM,DVU35,439.437500,430.437500,DM,IO92KX,NOTTINGHAM,CEN,1,M0VUB,OPERATIONAL,
GB7NS,70CM,DVU13,439.162500,430.162500,M,IO91WG,CATERHAM,SE,3,G0OLX,OPERATIONAL,
GB7NT,70CM,RU74,430.925000,438.525000,AF,IO91IJ,NEWBURY,SW,118.8,G3WYW,OPERATIONAL,
GB7NV,70CM,RU66,430.825000,438.425000,ADM,IO93JB,HUCKNALL,CEN,1,M0NGT,OPERATIONAL,
GB7NW,70CM,DVU58,439.725000,430.725000,F,IO91DN,SWINDON,SW,,G4XIB,OPERATIONAL,
GB7NY,70CM,DVU55,439.687500,430.687500,DMF,IO64TE,BESSBROOK,NI,1,MI0PYN,OPERATIONAL,
GB7OK,2M,RV57,145.712500,145.112500,DMF,IO91XJ,BECKENHAM,SE,3,G1HIG,NOT OPERATIONAL,
GB7OR,70CM,DVU37,439.462500,430.462500,M,IO88LX,KIRKWALL,SCOT,1,GM4WMM,OPERATIONAL,
GB7PB,2M,RV53,145.662500,145.062500,D,IO94FR,DURHAM,NOR,,G7VIL,OPERATIONAL,
GB7PD,2M,RV59,145.737500,145.137500,ADF,IO71OV,MAENCLOCHOG,WM,94.8,GW4OZU,OPERATIONAL,
GB7PE,70CM,DVU40,439.500000,430.500000,M,IO92TL,PETERBOROUGH,SE,3,M0ZPU,OPERATIONAL,
GB7PF,70CM,DVU51,439.637500,430.637500,M,IO80AN,PRINCETOWN,SW,3,G3XOU,OPERATIONAL,
GB7PH,70CM,DVU37,439.462500,430.462500,DM,JO00DU,HAILSHAM,SE,3,M0LIP,NOT OPERATIONAL,
GB7PI,70CM,DVU61,439.762500,430.762500,D,IO92XA,ROYSTON,SE,,M0ZPU,OPERATIONAL,
GB7PM,70CM,DVU35,439.437500,430.437500,F,IO81PH,CHEDDAR,SW,,G4RKY,OPERATIONAL,
GB7PN,70CM,DVU34,439.425000,430.425000,M,IO83HH,PRESTATYN,WM,1,G4NOY,OPERATIONAL,
GB7PO,70CM,DVU59,439.737500,430.737500,F,IO90KT,PORTSMOUTH,SW,,M0VMX,OPERATIONAL,
GB7PP,70CM,DVU35,439.437500,430.437500,DMFPN,JO02MG,IPSWICH,SE,1,G0FEA,NOT OPERATIONAL,
GB7PR,70CM,U324,434.050000,434.050000,E,IO83PS,PRESTON,NOR,,M0VXT,OPERATIONAL,
GB7PS,2M,RV55,145.687500,145.087500,M,IO90LT,PORTSMOUTH,SW,3,M0PPR,NOT OPERATIONAL,
GB7PT,70CM,DVU57,439.712500,430.712500,DMF,IO92XA,ROYSTON,SE,,M0ZPU,OPERATIONAL,
GB7PX,70CM,DVU62,439.775000,430.775000,DMP,IO92XA,ROYSTON,SE,10,M0ZPU,OPERATIONAL,
GB7PY,70CM,RU74,430.925000,438.525000,M,JO02AF,CAMBRIDGE,SE,3,M0ZPU,OPERATIONAL,
GB7RA,70CM,DVU52,439.650000,430.650000,DMF,IO83LH,NESTON,NOR,5,M0ORA,OPERATIONAL,
GB7RB-C,2M,RV54,145.675000,145.075000,D,IO81GK,COWBRIDGE,WM,,GW6CUR,OPERATIONAL,
GB7RC,70CM,DVU-R21,430.262500,439.262500,D,IO81XW,CHELTENHAM,SW,,M0URF,OPERATIONAL,
GB7RD,70CM,DVU55,439.687500,430.687500,M,IO70XM,YELVERTON,SW,3,G1ZKJ,OPERATIONAL,
GB7RE,70CM,DVU57,439.712500,430.712500,M,IO93MH,RETFORD,CEN,1,G0EAK,OPERATIONAL,
GB7RJ,70CM,DVU43,439.537500,430.537500,DM,IO82LW,CHIRK,WM,5,G7MHF,OPERATIONAL,
GB7RK,70CM,DVU35,439.437500,430.437500,DMFPN,IO74AN,BELFAST,NI,3,MI5DAW,OPERATIONAL,
GB7RL,70CM,DVU62,439.775000,430.775000,DMFPN,IO83RU,LONGRIDGE,NOR,10,G7TRL ,OPERATIONAL,
GB7RM,70CM,U324,434.050000,434.050000,E,JO01CO,ROMFORD,SE,,M0UPM,OPERATIONAL,
GB7RN,2M,RV51,145.637500,145.037500,D,IO90JT,FAREHAM,SW,,G3ZDF,OPERATIONAL,
GB7RO,70CM,DVU-R21,430.262500,439.262500,F,IO83UQ,HASLINGDEN,NOR,,M0LMN,OPERATIONAL,
GB7RS,70CM,DVU49,439.612500,430.612500,M,IO91PX,MILTON KEYNES,SW,4,G0GMB,OPERATIONAL,
GB7RT,70CM,DVU33,439.412500,430.412500,M,IO91QJ,SUNNINGDALE,SW,3,M0HBK,OPERATIONAL,
GB7RV,70CM,DVU50,439.625000,430.625000,M,IO83ST,BLACKBURN,NOR,2,M0NWI,OPERATIONAL,
GB7RW,2M,RV48,145.600000,145.000000,AD,IO94SO,WHITBY,NOR,88.5,G4EQS,OPERATIONAL,
GB7RX,2M,RV62,145.775000,145.175000,AM,JO00GU,HASTINGS,SE,3,M0JBR,OPERATIONAL,
GB7RY,70CM,RU76,430.950000,438.550000,AF,JO00HW,RYE,SE,103.5,M0HOW,OPERATIONAL,
GB7SA,70CM,DVU-R24,430.300000,439.300000,M,IO81CP,PORT TALBOT,WM,5,MW0IBF,OPERATIONAL,
GB7SB,70CM,DVU53,439.662500,430.662500,M,IO92AJ,BIRMINGHAM,CEN,5,M0UEM,OPERATIONAL,
GB7SD,70CM,DVU33,439.412500,430.412500,M,IO80SQ,WEYMOUTH,SW,1,G3VPF,OPERATIONAL,
GB7SE,70CM,DVU38,439.475000,430.475000,M,JO01DM,THURROCK,SE,3,M0PFX,OPERATIONAL,
GB7SF-C,2M,RV59,145.737500,145.137500,D,IO93GK,SHEFFIELD,NOR,,M1ERS,OPERATIONAL,
GB7SG,2M,RV61,145.762500,145.162500,M,IO83MK,LIVERPOOL,NOR,1,M1SWB,OPERATIONAL,
GB7SH,70CM,RU77,430.962500,438.562500,AF,IO93GK,SHEFFIELD,NOR,71.9,M1ERS,OPERATIONAL,
GB7SI,70CM,DVU61,439.762500,430.762500,M,IO83WA,LEEK,CEN,1,G8NSS,OPERATIONAL,
GB7SJ,70CM,RB07,433.175000,434.775000,AF,IO83RF,NORTHWICH,NOR,103.5,M0WTX,OPERATIONAL,
GB7SK,70CM,DVU37,439.462500,430.462500,M,IO92NO,LEICESTER,CEN,1,M1FJB,OPERATIONAL,
GB7SL,70CM,DVU-R21,430.262500,439.262500,DMFPN,IO92TR,BASTON,CEN,8,G6YCA,OPERATIONAL,
GB7SM,70CM,DVU47,439.587500,430.587500,ADMFPN,IO86OE,ST MONANS,SCOT,1,MM0DXE,OPERATIONAL,
GB7SN,70CM,DVU54,439.675000,430.675000,M,IO93GH,SHEFFIELD,NOR,1,M1ERS,OPERATIONAL,
GB7SO,70CM,DVU42,439.525000,430.525000,DM,IO90KT,GOSPORT,SW,1,G7CHO,OPERATIONAL,
GB7SP,70CM,DVU60,439.750000,430.750000,M,IO91CB,SALISBURY,SW,3,G8PCB,OPERATIONAL,
GB7SQ,70CM,DVU54,439.675000,430.675000,MN,IO85LU,DALKEITH,SCOT,1,MM1BJO,OPERATIONAL,
GB7SS,70CM,DVU47,439.587500,430.587500,M,IO87IP,ELGIN,SCOT,1,GM7LSI,OPERATIONAL,
GB7ST,70CM,DVU36,439.450000,430.450000,M,IO83WA,STOKE ON TRENT,CEN,1,G8NSS,OPERATIONAL,
GB7SU,70CM,DVU36,439.450000,430.450000,M,IO90IV,SOUTHAMPTON,SW,8,G4WFR,OPERATIONAL,
GB7SV,70CM,RB11,433.275000,434.875000,AF,IO91UW,HITCHIN,SE,82.5,G6YIQ,OPERATIONAL,
GB7SW,2M,RV51,145.637500,145.037500,D,IO81VL,CHIPPENHAM,SW,2,G0RMA,OPERATIONAL,
GB7SZ,70CM,RU75,430.937500,438.537500,A,IO90AR,POOLE,SW,71.9,M1EZF,OPERATIONAL,
GB7TB,70CM,,439.218750,430.218750,E,IO92UT,MORTON,CEN,,G6KSM,OPERATIONAL,
GB7TC,70CM,DVU42,439.525000,430.525000,M,IO91DL,SWINDON,SW,2,G8VRI,OPERATIONAL,
GB7TD,70CM,DVU13,439.162500,430.162500,M,IO93EP,WAKEFIELD,NOR,1,G1XCC,OPERATIONAL,
GB7TE,2M,RV62,145.775000,145.175000,D,JO01OT,CLACTON ON SEA,SE,,G0MBA,OPERATIONAL,
GB7TF,70CM,DVU39,439.487500,430.487500,F,IO91QT,TRING,SE,,G7HMV,OPERATIONAL,
GB7TH,70CM,DVU-R23,430.287500,439.287500,M,JO01QJ,MARGATE,SE,5,M0LMK,OPERATIONAL,
GB7TM,70CM,DVU59,439.737500,430.737500,F,JO02NH,EYE,SE,,G0JSV,OPERATIONAL,
GB7TP,70CM,DVU55,439.687500,430.687500,DMF,IO93CT,SHIPLEY,NOR,1,M0IRK,OPERATIONAL,
GB7TQ,70CM,RU71,430.887500,438.487500,AF,IO80FM,TORQUAY,SW,94.8,G8XST,OPERATIONAL,
GB7TT,70CM,DVU40,439.503125,430.503125,N,IO82RJ,LUDLOW,SW,,G1MAW,OPERATIONAL,
GB7TX,70CM,U321A,434.018750,434.018750,E,JO02TK,BECCLES,SE,,M0JGX,OPERATIONAL,
GB7TY,70CM,DVU49,439.612500,430.612500,DM,IO84XX,HEXHAM,NOR,10,G1HZI,OPERATIONAL,
GB7UL,70CM,DVU42,439.525000,430.525000,M,IO74BS,CARRICKFERGUS,NI,1,GI6DKQ,OPERATIONAL,
GB7VO,70CM,DVU56,439.700000,430.700000,DMFN,IO82QJ,TENBURY WELLS,WM,1,G8XYJ,OPERATIONAL,
GB7VT,70CM,U94,431.175000,431.175000,M,IO83WA,STOKE-ON-TRENT,CEN,5,G8NSS,OPERATIONAL,
GB7WA,2M,RV55,145.687500,145.087500,DM,IO93WM,GRIMSBY,CEN,2,G7EOG,OPERATIONAL,
GB7WB,70CM,DVU39,439.487500,430.487500,D,IO81MH,WESTON-SUPER-MARE,SW,2,G4SZM,OPERATIONAL,
GB7WC,70CM,DVU39,439.487500,430.487500,D,IO83QI,WARRINGTON,NOR,,G4VSS,NOT OPERATIONAL,
GB7WD,70CM,DVU57,439.712500,430.712500,M,IO82WM,SEDGLEY,CEN,11,G4VZO,OPERATIONAL,
GB7WF,70CM,DVU39,439.487500,430.487500,DMFN,IO82UJ,BEWDLEY,WM,13,G8OXG,OPERATIONAL,
GB7WH,70CM,DMU30,439.375000,430.375000,AF,IO83LB,WREXHAM,WM,110.9,M0XDR,OPERATIONAL,
GB7WI,70CM,DVU33,439.412500,430.412500,M,IO93TR,HULL,NOR,1,M0TTL,OPERATIONAL,
GB7WK,70CM,DVU41,439.512500,430.512500,DMFPN,IO91QH,WOKING,SE,15,M0MXC,OPERATIONAL,
GB7WL,70CM,DVU37,439.462500,430.462500,M,IO91QP,AMERSHAM,SW,3,M0ZPU,OPERATIONAL,
GB7WM,70CM,DVU55,439.687500,430.687500,F,IO83SM,ASTLEY,NOR,,G4WLI,OPERATIONAL,
GB7WN,70CM,DVU60,439.750000,430.750000,M,IO82XP,WOLVERHAMPTON,CEN,8,G8NDT,NOT OPERATIONAL,
GB7WR,70CM,DVU37,439.462500,430.462500,D, IO82UB,GREAT MALVERN,CEN,,M0XZS,OPERATIONAL,
GB7WS,70CM,DVU34,439.425000,430.425000,M,IO91SA,BILLINGSHURST,SE,3,G4EFO,OPERATIONAL,
GB7WT,70CM,DVU48,439.600000,430.600000,DMF,IO64HQ,OMAGH,NI,1,GI3NVW,OPERATIONAL,
GB7WV,70CM,DVU55,439.687500,430.687500,M,IO92NL,MARKET HARBOROUGH,CEN,2,G1IVG,OPERATIONAL,
GB7WX,70CM,DVU41,439.512500,430.512500,DMF,IO83OE,TARVIN,NOR,3,G7NEH,OPERATIONAL,
GB7WY,70CM,DVU41,439.512500,430.512500,D,IO93FR,WAKEFIELD,NOR,,M0DUB,OPERATIONAL,
GB7XG,70CM,RU70,430.875000,438.475000,ADMFPN,IO86JF,GLENROTHES,SCOT,1,MM0DXE,OPERATIONAL,
GB7XX,70CM,DVU37,439.462500,430.462500,M,IO94FW,FELLING,NOR,10,G4MSF,OPERATIONAL,
GB7XY,70CM,DVU34,439.425000,430.425000,M,IO94EX,NEWCASTLE UPON TYNE,NOR,10,M0DMP,OPERATIONAL,
GB7YD,70CM,DVU55,439.687500,430.687500,M,IO80PW,YEOVIL,SW,5,M0VKR,OPERATIONAL,
GB7YF,2M,RV61,145.762500,145.162500,AF,IO80PW,YEOVIL TOWN CENTER,SW,94.8,M0VKR,OPERATIONAL,
GB7YI,70CM,DVU46,439.575000,430.575000,M,IO84WX,HEXHAM,NOR,10,G1HZI,OPERATIONAL,
GB7YJ,70CM,DVU47,439.587500,430.587500,M,IO92FH,LEAMINGTON SPA,CEN,3,G4USP,OPERATIONAL,
GB7YL,2M,RV63,145.787500,145.187500,M,JO02UL,LOWESTOFT,SE,1,M0JGX,OPERATIONAL,
GB7YR,70CM,DVU42,439.525000,430.525000,M,IO93LM,DONCASTER,NOR,2,M1DAH,OPERATIONAL,
GB7YZ,70CM,DVU38,439.475000,430.475000,MF,IO83JE,MOLD,WM,,M0WTX,OPERATIONAL,
GB7ZE,70CM,RB02,433.050000,434.650000,AM,JO00GU,HASTINGS,SE,3,M0JBR,OPERATIONAL,
GB7ZP,70CM,DVU39,439.487500,430.487500,D,JO01FS,CHELMSFORD,SE,,G0URK,OPERATIONAL,
