"callsign","band","channel","TX","RX","mode","QTHR","where","postcode","region","code","keeper","lat","lon",
GB3AA,2M,RV53,145.662500,145.062500,AV,IO81RO,BRISTOL,BS35,SW,94.8,G4CJZ,51.59,-2.54,
GB3AB,70CM,RB15,433.375000,434.975000,AV,IO93FK,SHEFFIELD,S35,NOR,82.5,M0GAV,53.42,-1.54,
GB3AC,70CM,RU78,430.975000,438.575000,AV,IO81TS,BRISTOL,BS7,SW,94.8,G4CJZ,51.50,-2.58,
GB3AG,2M,RV58,145.725000,145.125000,MULTI,IO86ON,FORFAR,DD5,SCOT,94.8,MM0XET,56.56,-2.83,
GB3AH,70CM,RB11,433.275000,434.875000,AV,JO02KP,EAST DEREHAM,IP25,SE,94.8,G0LGJ,52.66,0.84,
GB3AI,2M,RV59,145.737500,145.137500,MULTI,IO85PK,HAWICK,TD9,SCOT,3,GM8SJP,55.40,-2.70,
GB3AK,23CM,RM14X,1297.350000,1277.350000,AV,IO81RO,BRISTOL,BS35,SW,94.8,G4CJZ,51.59,-2.54,
GB3AL,2M,RV59,145.737500,145.137500,MULTI,IO91QP,AMERSHAM,HP7,SW,77.0,M0ZPU,51.65,-0.62,
GB3AM,6M,R50-13,50.840000,51.340000,AV,IO91QP,AMERSHAM,HP7,SW,77,M0ZPU,51.65,-0.62,
GB3AN,70CM,RB08,433.200000,434.800000,MULTI,IO73UJ,AMLWCH,LL68,WM,110.9,MW0GCT,53.39,-4.30,
GB3AR,2M,RV56,145.700000,145.100000,MULTI,IO73VC,CAERNARFON,LL55,WM,110.9,GW4KAZ,53.12,-4.20,
GB3AS,2M,RV48,145.600000,145.000000,AV,IO85MC,LANGHOLM,DG14,SCOT,77,GM6LJE,55.11,-2.93,
GB3AU,70CM,RB07,433.175000,434.775000,AV,IO91QP,AMERSHAM,HP7,SW,82.5,M0ZPU,51.65,-0.62,
GB3AV,70CM,RB02,433.050000,434.650000,AV,IO91OT,AYLESBURY,HP20,SW,118.8,G8GQJ,51.81,-0.81,
GB3AW,70CM,RB10,433.250000,434.850000,AV,IO91GH,NEWBURY,SP11,SW,71.9,G8DOR,51.32,-1.44,
GB3AY,2M,RV52,145.650000,145.050000,AV,IO75OR,DALRY,KA24,SCOT,103.5,MM0YET,55.73,-4.76,
GB3BA,70CM,RB13,433.325000,434.925000,AV,IO91KF,BASINGSTOKE,RG22,SW,71.9,G8GTZ,51.20,-1.10,
GB3BB,2M,RV56,145.700000,145.100000,AV,IO81GX,BRECON,LD3,WM,94.8,MW0XDD,52.00,-3.50,
GB3BC,2M,RV60,145.750000,145.150000,AV,IO81IO,PONTYPRIDD,CF83,WM,94.8,GW0UXJ,51.61,-3.30,
GB3BE,70CM,RU69,430.862500,438.462500,MULTI,IO85SS,DUNS,TD11,SCOT,118.8,GM7LUN,55.80,-2.40,
GB3BF,2M,RV63,145.787500,145.187500,AV,IO92SC,BEDFORD,MK42,MIDL,77.0,G8MGP,52.10,-0.50,
GB3BI,2M,RV58,145.725000,145.125000,AV,IO77RM,MUIR OF ORD,IV6,SCOT,67,MM0GKB,57.51,-4.54,
GB3BK,70CM,RU72,430.900000,438.500000,AV,JO01AK,BROMLEY,BR1,SE,103.5,G0WYG,51.43,0.01,
GB3BL,70CM,RU70,430.875000,438.475000,AV,IO92SD,BEDFORD,MK41,MIDL,77.0,G8MGP,52.15,-0.48,
GB3BM,2M,RV57,145.712500,145.112500,AV,IO82XL,DUDLEY,B65,MIDL,67.0,G8PYT,52.50,-2.00,
GB3BN,70CM,RB0,433.000000,434.600000,AV,IO91OJ,BRACKNELL,RG14,SW,118.8,G8DOR,51.41,-0.80,
GB3BR,70CM,RU65,430.812500,438.412500,AV,IO90VU,HOVE,BN41,SE,88.5,G4WTV,50.80,-0.20,
GB3BS,70CM,RU68,430.850000,438.450000,AV,IO81TK,BRISTOL,BA1,SW,118.8,G4SDR,51.43,-2.41,
GB3BT,2M,RV56,145.700000,145.100000,AV,IO85WT,BERWICK ON TWEED,TD15,SCOT,118.8,GM1JFF,55.82,-2.08,
GB3BV,70CM,RB01,433.025000,434.625000,MULTI,IO91SR,HEMEL HEMPSTEAD,HP3,SE,82.5,G7HMV,51.73,-0.43,
GB3BW,70CM,RU65,430.812500,438.412500,AV,IO93HO,WAKEFIELD,WF4,NOR,82.5,M0YDG,53.62,-1.41,
GB3BX,2M,RV54,145.675000,145.075000,DMR,IO82QL,CLEOBURY NORTH,SY7,WM,13,G4VZO,52.50,-2.60,
GB3BY,70CM,RU78,430.975000,438.575000,AV,IO83LT,BLACKPOOL,FY1,NOR,82.5,M0DKR,53.81,-3.03,
GB3BZ,70CM,RU68,430.850000,438.450000,MULTI,JO01GW,BRAINTREE,CM7,SE,3,G0DEC,51.93,0.53,
GB3CA,70CM,RB13,433.325000,434.925000,AV,IO84OT,CARLISLE,CA4,NOR,77,G1XSZ,54.82,-2.83,
GB3CB,70CM,RB14,433.350000,434.950000,AV,IO92BL,BIRMINGHAM,B12,MIDL,67,G8NDT,52.46,-1.89,
GB3CC,70CM,RU77,430.962500,438.562500,AV,IO90PT,CHICHESTER,PO22,SE,88.5,G4WTV,50.80,-0.70,
GB3CD,2M,RV55,145.687500,145.087500,MULTI,IO94DR,CROOK,DL15,NOR,118.8,G0OCB,54.74,-1.75,
GB3CE,70CM,RB14,433.350000,434.950000,AV,JO01KV,COLCHESTER,CO4,SE,67,G0MBA,51.91,0.90,
GB3CF,2M,RV48,145.600000,145.000000,MULTI,IO92IQ,MARKFIELD,LE67,MIDL,77.0,M0VSE,52.69,-1.28,
GB3CG,2M,RV58,145.725000,145.125000,AV,IO81VU,GLOUCESTER,GL3 ,SW,118.8,G3LVP,51.87,-2.18,
GB3CH,70CM,RU70,430.875000,438.475000,AV,IO70SM,LISKEARD,PL14,SW,77,G4RKY,50.51,-4.44,
GB3CI,70CM,RU66,430.825000,438.425000,AV,IO92PM,CORBY,NN17,MIDL,77.0,G7HPE,52.51,-0.68,
GB3CJ,10M,10M,29.640000,29.540000,AV,IO92NF,NORTHAMPTON,NN1,MIDL,77.0,G1IRG,52.24,-0.89,
GB3CK,70CM,RB0,433.000000,434.600000,AV,JO01JF,CHARING KENT,TN27,SE,103.5,G6RVS,51.23,0.79,
GB3CL,70CM,RB09,433.225000,434.825000,AV,JO01OT,CLACTON,CO15,SE,67,G0MBA,51.81,1.21,
GB3CM,70CM,RU69,430.862500,438.462500,MULTI,IO71VW,CARMARTHEN,SA32,WM,94.8,GW8KCY,51.92,-4.22,
GB3CN,2M,RV55,145.687500,145.087500,AV,IO71TX,NEWCASTLE EMLYN,SA44,WM,94.8,GW6JSO,51.99,-4.40,
GB3CO,2M,RV53,145.662500,145.062500,AV,IO92PM,CORBY,NN17,MIDL,77.0,G1DIW,52.51,-0.68,
GB3CP,2M,RV59,145.737500,145.137500,AV,IO64IG,FERMANAGH,BT92,NI,110.9,GI6JPO,54.27,-7.27,
GB3CQ,10M,10M,29.620000,29.520000,AV,IO90SU,WORTHING,BN13,SE,88.5,G4WTV,50.80,-0.40,
GB3CR,70CM,RB06,433.150000,434.750000,AV,IO83LC,CAERGWRLE,LL12,WM,110.9,M0OBW,53.10,-3.10,
GB3CS,2M,RV60,145.750000,145.150000,AV,IO85AU,MOTHERWELL,ML6,SCOT,103.5,GM8HBY,55.80,-4.00,
GB3CV,70CM,RU65,430.812500,438.412500,AV,IO92GK,COVENTRY,CV2,MIDL,67,G4USP,52.42,-1.48,
GB3CW,70CM,RB04,433.100000,434.700000,AV,IO82HL,NEWTOWN POWYS,SY16,WM,103.5,GW4IQP,52.48,-3.40,
GB3CY,70CM,RU69,430.862500,438.462500,AV,IO93KW,YORK,YO23,NOR,88.5,G4FUO,53.92,-1.15,
GB3DA,2M,RV58,145.725000,145.125000,MULTI,JO01GR,DANBURY,CM3,SE,110.9,G6JYB,51.72,0.57,
GB3DB,6M,R50-06,50.770000,51.270000,MULTI,JO01HR,DANBURY,CM3,SE,110.9,G6JYB,51.72,0.60,
GB3DC,2M,RV55,145.687500,145.087500,AV,IO92GW,DERBY,DE21,MIDL,71.9,G7NPW,52.94,-1.44,
GB3DD,70CM,RB10,433.250000,434.850000,MULTI,IO86MM,DUNDEE,DD3,SCOT,94.8,GM4UGF,56.50,-2.97,
GB3DE,70CM,RB07,433.175000,434.775000,AV,JO02NF,IPSWICH,IP14,SE,110.9,G1NRL,52.24,1.10,
GB3DG,2M,RV62,145.775000,145.175000,MULTI,IO74UV,NEWTON STEWART,DG8,SCOT,103.5,GM8CJG,54.89,-4.30,
GB3DI,70CM,RB06,433.150000,434.750000,AV,IO91IN,DIDCOT,OX11,SW,118.8,G8CUL,51.57,-1.31,
GB3DM,70CM,RU74,430.925000,438.525000,MULTI,IO75QX,DUMBARTON,G82,SCOT,103.5,GM7GDE,55.97,-4.58,
GB3DN,2M,RV51,145.637500,145.037500,AV,IO70UW,STIBB CROSS,EX39,SW,77,G1BHM,50.92,-4.26,
GB3DP,70CM,RU69,430.862500,438.462500,AV,IO92TR,BASTON,PE6,MIDL,88.5,G6YCA,52.72,-0.35,
GB3DQ,70CM,RU78,430.975000,438.575000,AV,IO70RI,POLPERRO,PL13,SW,77,G1YDQ,50.34,-4.51,
GB3DR,2M,RV59,145.737500,145.137500,MULTI,IO80SN,WEYMOUTH,DT5,SW,,G3VPF,50.55,-2.44,
GB3DS,70CM,RB13,433.325000,434.925000,AV,IO93KH,WORKSOP,S80,MIDL,71.9,G3XXN,53.30,-1.13,
GB3DT,70CM,RB0,433.000000,434.600000,MULTI,IO80WU,BLANDFORD,DT11,SW,71.9,G0ZEP,50.87,-2.12,
GB3DU,2M,RV61,145.762500,145.162500,MULTI,IO85SS,DUNS,TD11,SCOT,1,GM7LUN,55.80,-2.40,
GB3DV,70CM,RB01,433.025000,434.625000,AV,IO93JK,MALTBY,S66,NOR,71.9,G0EPX,53.42,-1.19,
GB3DW,2M,RV53,145.662500,145.062500,MULTI,IO72WT,HARLECH,LL45,WM,110.9,MW0VTK,52.81,-4.10,
GB3DX,70CM,RB12,433.300000,434.900000,AV,IO65HA,DERRY/LONDONDERRY,BT48,NI,110.9,GI4YWT,55.01,-7.36,
GB3DY,70CM,RB10,433.250000,434.850000,MULTI,IO93FB,WIRKSWORTH,DE56,MIDL,71.9,G3ZYC,53.06,-1.55,
GB3DZ,70CM,RU79,430.987500,438.587500,AV,IO92HW,DERBY,DE21,MIDL,71.9,G7NPW,52.90,-1.40,
GB3EA,2M,RV55,145.687500,145.087500,AV,JO02GE,WICKHAMBROOK,CB8,SE,110.9,G1YFF,52.19,0.55,
GB3EB,2M,RV63,145.787500,145.187500,MULTI,JO00AT,NEWHAVEN,BN9,SE,88.5,G0TJH,50.79,0.44,
GB3ED,70CM,RB14,433.350000,434.950000,MULTI,IO85JW,EDINBURGH,EH10,SCOT,94.8,GM4GZW,55.94,-3.21,
GB3EE,70CM,RB12,433.300000,434.900000,AV,IO93JD,MANSFIELD,NG19,MIDL,71.9,G0RRZ,53.20,-1.20,
GB3EF,6M,R50-01,50.720000,51.220000,AV,JO02NF,STOWMARKET,IP14,SE,110.9,G0OZS,52.24,1.10,
GB3EG,70CM,RU73,430.912500,438.512500,AV,IO83QN,WIGAN,WN6,NOR,82.5,M1EGH,53.56,-2.65,
GB3EH,70CM,RU77,430.962500,438.562500,AV,IO92GC,BANBURY,OX15,MIDL,67,G4OHB,52.11,-1.48,
GB3EI,2M,RV49,145.612500,145.012500,MULTI,IO67IN,LOCHMADDY,HS6,SCOT,88.5,GM8SAU,57.55,-7.33,
GB3EJ,23CM,RM04,1297.100000,1291.100000,AV,JO02CD,CAMBRIDGE,CB22,SE,77,G8MLA,52.20,0.20,
GB3EK,70CM,RU71,430.887500,438.487500,AV,JO01QJ,MARGATE,CT9,SE,103.5,M0LMK,51.38,1.40,
GB3EL,2M,RV48,145.600000,145.000000,AV,JO01AM,LONDON,E6,SE,82.5,G4RZZ,51.53,0.04,
GB3EM,2M,RV61,145.762500,145.162500,AV,IO92LJ,COLD ASHBY,NN6,MIDL,77.0,M1FJB,52.38,-1.05,
GB3ER,70CM,RB03,433.075000,434.675000,MULTI,JO01GR,DANBURY,CM3,SE,110.9,G6JYB,51.72,0.57,
GB3ES,2M,RV54,145.675000,145.075000,AV,JO00HV,HASTINGS,TN25,SE,103.5,G6ZZX,50.90,0.60,
GB3EU,70CM,UR67,438.437500,430.837500,AV,IO92LJ,COLD ASHBY,NN6,MIDL,77.0,M1FJB,52.38,-1.05,
GB3EV,2M,RV56,145.700000,145.100000,AV,IO84SQ,DUFTON,CA16,NOR,77,G0TNF,54.68,-2.46,
GB3EW,2M,RV49,145.612500,145.012500,AV,IO80FR,EXETER,EX4,SW,77,G6ATJ,50.70,-3.50,
GB3EX,70CM,RU76,430.950000,438.550000,AV,IO80GT,SILVERTON,EX5,SW,77,G7NBU,50.84,-3.47,
GB3EZ,70CM,RU78,430.975000,438.575000,AV,JO02GE,WICKHAMBROOK,CB8,SE,110.9,G1YFF,52.19,0.55,
GB3FC,70CM,RU68,430.850000,438.450000,AV,IO83LU,BLACKPOOL,FY2,NOR,82.5,M0DKR,53.86,-3.05,
GB3FE,2M,RV53,145.662500,145.062500,AV,IO86BC,STIRLING,FK7,SCOT,103.5,GM0MZB,56.11,-3.85,
GB3FF ,2M,RV48,145.600000,145.000000,AV,IO86MU,UPPER LARGO,KY8,SCOT,103.5,GM7LUN,56.20,-2.90,
GB3FG,2M,RV57,145.712500,145.112500,MULTI,IO71UX,CARMARTHEN,SA44,WM,94.8,GW8KCY,52.00,-4.30,
GB3FH,6M,R50-06,50.770000,51.270000,AV,IO81OH,SOMERSET,BS26,SW,77,G4RKY,51.30,-2.81,
GB3FI,70CM,RU74,430.925000,438.525000,AV,IO81OH,CHEDDAR,BS26,SW,77,G4RKY,51.30,-2.81,
GB3FJ,70CM,RU76,430.950000,438.550000,AV,IO93XE,ASGARBY,PE23,MIDL,71.9,G3ZPU,53.18,-0.01,
GB3FK,2M,RV60,145.750000,145.150000,MULTI,JO01OC,FOLKESTONE,CT18,SE,103.5,M1CMN,51.10,1.20,
GB3FM,23CM,RM2,1297.050000,1291.050000,AV,IO91OF,FARNHAM,GU52,SW,100,G4EPX,51.24,-0.83,
GB3FN,70CM,RB15,433.375000,434.975000,AV,IO91OF,FARNHAM,GU52,SW,82.5,G4EPX,51.24,-0.83,
GB3FR,2M,RV62,145.775000,145.175000,AV,JO03AE,SPILSBY LINCS.,PE23,MIDL,71.9,M1FJB,53.17,0.03,
GB3FU,2M,RV60,145.750000,145.150000,AV,IO92JX,NOTTINGHAM,NG6,MIDL,71.9,M5ADU,53.00,-1.20,
GB3FV,70CM,RU65,430.812500,438.412500,AV,IO86AC,STIRLING,FK7,SCOT,88.5,GM0WUR,56.10,-3.90,
GB3FX,6M,R50-10,50.810000,51.310000,AV,IO91OF,FARNHAM,GU52,SW,82.5,G4EPX,51.24,-0.83,
GB3GB,70CM,DMU27,439.337500,430.337500,AV,IO92BM,SUTTON COLDFIELD,B24,MIDL,67,G8NDT,52.53,-1.84,
GB3GC,6M,R50-02,50.730000,51.230000,AV,IO70TL,LISKEARD,PL14,SW,77.0,M0WMB,50.48,-4.38,
GB3GD,2M,RV50,145.625000,145.025000,AV,IO74SG,SNAEFELL IOM,IM4,NOR,110.9,GD4HOZ,54.26,-4.46,
GB3GF,70CM,RB12,433.300000,434.900000,AV,IO91RF,GUILDFORD,GU2,SE,88.5,G4EML,51.23,-0.58,
GB3GH,70CM,RB05,433.125000,434.725000,AV,IO81VU,GLOUCESTER,GL3,SW,118.8,G3LVP,51.87,-2.18,
GB3GJ,2M,RV51,145.637500,145.037500,MULTI,IN89WE,ST HELIER,JE4,SW,71.9,GJ8PVL,49.20,-2.11,
GB3GL,70CM,RU72,430.900000,438.500000,MULTI,IO75WU,GLASGOW,G69,SCOT,103.5,GM3SAN,55.85,-4.10,
GB3GN,2M,RV62,145.775000,145.175000,AV,IO87TA,BANCHORY,AB31,SCOT,67,GM4ZUK,57.02,-2.36,
GB3GO,2M,RV63,145.787500,145.187500,MULTI,IO83BH,LLANDUDNO,LL30,WM,110.9,M0BUQ,53.33,-3.85,
GB3GR,70CM,RU68,430.850000,438.450000,AV,IO92QV,GRANTHAM,NG31,MIDL,71.9,G0OJF,52.91,-0.58,
GB3GU,70CM,RB13,433.325000,434.925000,AV,IN89RK,GUERNSEY,GY1,SW,71.9,GU6EFB,49.46,-2.54,
GB3GY,70CM,RB11,433.275000,434.875000,AV,IO93XN,CLEETHORPES,DN35,MIDL,88.5,M0KWK,53.56,-0.03,
GB3HA,2M,RV60,145.750000,145.150000,MULTI,IO85XA,CORBRIDGE,NE19,NOR,118.8,M0TKF,55.03,-2.03,
GB3HB,70CM,RB15,433.375000,434.975000,MULTI,IO70OJ,ROCHE,PL26,SW,77,G4WVD,50.38,-4.83,
GB3HC,70CM,RB06,433.150000,434.750000,MULTI,IO82PB,HEREFORD,HR1,WM,118.8,G0JWJ,52.07,-2.70,
GB3HD,70CM,RB09,433.225000,434.825000,MULTI,IO93BP,HUDDERSFIELD,HD7,NOR,82.5,G0ISX,53.65,-1.87,
GB3HE,70CM,RU74,430.925000,438.525000,MULTI,JO00HV,HASTINGS,TN35,SE,103.5,G3TCG,50.88,0.59,
GB3HF,10M,10M,29.690000,29.590000,AV,IO82KW,LLANGOLLEN,LL20,WM,103.5,GW0NIS,53.00,-3.10,
GB3HG,2M,RV50,145.625000,145.025000,MULTI,IO94JF,THIRSK,YO7,NOR,88.5,G8IMZ,54.23,-1.21,
GB3HH,2M,RV56,145.700000,145.100000,AV,IO93BF,BUXTON,SK17,MIDL,71.9,G7EKY,53.23,-1.91,
GB3HI,2M,RV56,145.700000,145.100000,AV,IO76DK,ISLE OF MULL,PA65,SCOT,103.5,MM0JRM,56.46,-5.73,
GB3HJ,70CM,RB01,433.025000,434.625000,AV,IO94EB,HARROGATE,HG3,NOR,118.8,G4MEM,54.06,-1.65,
GB3HM,6M,R50-11,50.820000,51.320000,AV,IO93GA,BELPER,DE56,MIDL,71.9,G8IQP,53.00,-1.56,
GB3HN,70CM,RB01,433.025000,434.625000,AV,IO82QJ,LUDLOW,DY14,WM,103.5,M0HOY,52.40,-2.60,
GB3HO,70CM,RU71,430.887500,438.487500,AV,IO91TB,HORSHAM,RH13,SE,88.5,G4EFO,51.05,-0.39,
GB3HR,70CM,RB14,433.350000,434.950000,AV,IO91TO,HARROW,HA3,SE,82.5,G3YXZ,51.62,-0.36,
GB3HS,2M,RV52,145.650000,145.050000,MULTI,IO93RS,HULL,HU15,NOR,88.5,G3GJA,53.78,-0.55,
GB3HT,70CM,RB11,433.275000,434.875000,AV,IO92HN,HINCKLEY,LE10,MIDL,77.0,M0RVD,52.55,-1.37,
GB3HW,70CM,RB13,433.325000,434.925000,AV,JO01CN,GIDEA PARK,RM2,SE,110.9,G4GBW,51.58,0.21,
GB3HX,6M,R50-05,50.760000,51.260000,AV,JO00HV,HASTINGS,TN34,SE,103.5,M0HOW,50.88,0.59,
GB3HY,70CM,RU72,430.900000,438.500000,AV,IO90WX,HAYWARDS HEATH,RH16,SE,88.5,G6DGK,50.99,-0.09,
GB3IC,70CM,RB05,433.125000,434.725000,AV,IO82WO,WOLVERHAMPTON,WV11,MIDL,67,G7CFC,52.60,-2.10,
GB3IE,70CM,RU68,430.850000,438.450000,DSTAR,IO70XJ,PLYMOUTH,PL3,SW,77,G7DQC,50.39,-4.12,
GB3IG,2M,RV62,145.775000,145.175000,AV,IO68QE,STORNOWAY,HS2,SCOT,88.5,GM0LZE,58.18,-6.58,
GB3IH,70CM,RB04,433.100000,434.700000,AV,JO02OB,IPSWICH,IP4,SE,110.9,G7CIY,52.06,1.20,
GB3IK,2M,RV61,145.762500,145.162500,AV,JO01FJ,ROCHESTER,ME2,SE,103.5,G6CKK,51.40,0.49,
GB3IM-C,70CM,RU66,430.825000,438.425000,AV,IO74SD,DOUGLAS  IOM,IM4,NOR,110.9,GD4HOZ,54.14,-4.49,
GB3IM-P,70CM,RU70,430.875000,438.475000,AV,IO74PF,PEEL,IM5,NOR,110.9,GD4HOZ,54.22,-4.70,
GB3IM-R,70CM,RU66,430.825000,438.425000,AV,IO74TI,RAMSEY  IOM,IM7,NOR,71.9,GD4HOZ,54.36,-4.39,
GB3IM-S,70CM,RB05,433.125000,434.725000,AV,IO74SG,DOUGLAS  IOM,IM4,NOR,110.9,GD4HOZ,54.26,-4.46,
GB3IN,2M,RV51,145.637500,145.037500,MULTI,IO93GD,ALFRETON,S45,MIDL,71.9,G4TSN,53.13,-1.47,
GB3IP,70CM,RU78,430.975000,438.575000,AV,IO91WF,SOUTH NUTFIELD,RH1,SE,82.5,M0ZAH,51.22,-0.15,
GB3IR,2M,RV61,145.762500,145.162500,AV,IO94DJ,RICHMOND YORKS,DL10,NOR,88.5,G4FZN,54.41,-1.75,
GB3IS,70CM,RU71,430.887500,438.487500,MULTI,IO67HC,ISLE OF SOUTH UIST,HS8,SCOT,94.8,GM8SAU,57.10,-7.35,
GB3IW,70CM,RB09,433.225000,434.825000,AV,IO90JO,VENTNOR,PO38,SW,71.9,G4IKI,50.60,-1.20,
GB3JB,2M,RV63,145.787500,145.187500,MULTI,IO81VC,MERE WILTSHIRE,BA12,SW,5,G3ZXX,51.10,-2.19,
GB3JL,2M,RV63,145.787500,145.187500,AV,IO70SM,LISKEARD,PL14,SW,77,G4RKY,50.51,-4.44,
GB3JM,70CM,RU70,430.875000,438.475000,AV,IO82PG,LEOMINISTER,HR6,WM,118.8,M0WYP,52.30,-2.70,
GB3JR,70CM,RU78,430.975000,438.575000,AV,IO93HB,MANSFIELD,DE55,MIDL,71.9,M5ADU,53.08,-1.36,
GB3JS,70CM,RB01,433.025000,434.625000,AV,JO02UO,GREAT YARMOUTH,NR30,SE,94.8,M0JGX,52.59,1.73,
GB3KA,70CM,RU71,430.887500,438.487500,AV,IO82UJ,KIDDERMINSTER,DY11,WM,118.8,G7SAI,52.40,-2.30,
GB3KC,70CM,RU72,430.900000,438.500000,AV,IO82WK,STOURBRIDGE,DY9,MIDL,67,G0EWH,52.44,-2.12,
GB3KE,2M,RV55,145.687500,145.087500,MULTI,IO75UV,GLASGOW,G61,SCOT,103.5,GM7SVK,55.92,-4.31,
GB3KI,2M,RV53,145.662500,145.062500,MULTI,JO01NI,HERNE BAY,CT6,SE,103.5,G4TKR,51.36,1.15,
GB3KK,70CM,RU78,430.975000,438.575000,AV,IO65VE,BALLYCASTLE,BT54,NI,110.9,MI0CRQ,55.19,-6.24,
GB3KL,70CM,RB04,433.100000,434.700000,MULTI,JO02FR,KINGS LYNN,PE33,SE,94.8,G0IJU,52.71,0.42,
GB3KN,2M,RV56,145.700000,145.100000,AV,JO01HH,MAIDSTONE,ME14,SE,103.5,G3VFC,51.30,0.59,
GB3KR,70CM,RU65,430.812500,438.412500,AV,IO82UI,STOURPORT ON SEVERN,DY13,WM,118.8,G7SAI,52.34,-2.26,
GB3KS,2M,RV50,145.625000,145.025000,MULTI,JO01PA,DOVER,CT15,SE,103.5,M1CMN,51.14,1.32,
GB3KU,70CM,RB03,433.075000,434.675000,MULTI,IO83XM,ASHTON-UNDER-LYNE,OL,NOR,82.5,M0NCZ,53.51,-2.08,
GB3KV,70CM,RU78,430.975000,438.575000,AV,IO75XX,KILSYTH,G65,SCOT,103.5,GM3SAN,56.00,-4.04,
GB3KW,70CM,RU66,430.825000,438.425000,MULTI,IO75UV,GLASGOW,G61,SCOT,103.5,GM7SVK,55.92,-4.31,
GB3KY,2M,RV57,145.712500,145.112500,AV,JO02FS,KINGS LYNN,PE31,SE,94.8,G1SCQ,52.78,0.48,
GB3LA,2M,RV57,145.712500,145.112500,AV,IO85CJ,SANQUHAR,ML12,SCOT,103.5,GM3SAN,55.38,-3.75,
GB3LB,2M,RV63,145.787500,145.187500,AV,IO85NS,LAUDER,EH38,SCOT,118.8,GM7LUN,55.80,-2.90,
GB3LC,70CM,RU75,430.937500,438.537500,AV,IO93WH,LOUTH,LN11,MIDL,71.9,G7AJP,53.32,-0.12,
GB3LD,2M,RV54,145.675000,145.075000,AV,IO84OA,LANCASTER,LA2,NOR,110.9,G3VVT,54.03,-2.76,
GB3LE,70CM,RB04,433.100000,434.700000,MULTI,IO92IQ,MARKFIELD,LE67,MIDL,77,M1NAS,52.69,-1.28,
GB3LF,70CM,RB14,433.350000,434.950000,AV,IO84PH,KENDAL,LA9,NOR,110.9,G3VVT,54.32,-2.70,
GB3LG,6M,R50-12,50.830000,51.330000,AV,IO82KW,LLANGOLLEN,LL20,WM,,GW0NIS,53.00,-3.10,
GB3LH,70CM,RB15,433.375000,434.975000,MULTI,IO82OP,SHREWSBURY,SY3,WM,103.5,G8DIR,52.66,-2.78,
GB3LI,70CM,RB10,433.250000,434.850000,AV,IO83LL,LIVERPOOL,L21,NOR,82.5,G3WIC,53.46,-3.01,
GB3LL,70CM,RB0,433.000000,434.600000,AV,IO82KW,LLANGOLLEN,LL20,WM,94.8,G7RPG,53.00,-3.10,
GB3LM,2M,RV58,145.725000,145.125000,MULTI,IO93RF,LINCOLN,LN2,MIDL,71.9,M0TEF,53.23,-0.54,
GB3LN,70CM,RU74,430.925000,438.525000,AV, IO92JO,LEICESTER,LE3,MIDL,118.8,M0HEL,52.62,-1.19,
GB3LP,6M,R50-04,50.750000,51.250000,AV,IO83MK,LIVERPOOL,L4,NOR,77,M1SWB,53.44,-2.93,
GB3LR,70CM,RU69,430.862500,438.462500,AV,JO00AS,NEWHAVEN,BN9,SE,88.5,G0TJH,50.78,0.05,
GB3LS,70CM,RB02,433.050000,434.650000,AV,IO93RF,LINCOLN,LN2,MIDL,71.9,M0TEF,53.23,-0.54,
GB3LT,70CM,RB10,433.250000,434.850000,MULTI,IO91SV,LUTON,LU3,MIDL,77.0,G6OUA,51.91,-0.46,
GB3LU,2M,RV54,145.675000,145.075000,AV,IP90JD,LERWICK,ZE2,SCOT,77,GM0GFL,60.14,-1.21,
GB3LV,70CM,RB02,433.050000,434.650000,AV,IO91XP,NORTH LONDON,EN2,SE,82.5,G4DFB,51.65,-0.08,
GB3LY,2M,RV48,145.600000,145.000000,AV,IO65NC,LIMAVADY,BT49,NI,110.9,MI1VOX,55.11,-6.89,
GB3LZ,2M,RV53,145.662500,145.062500,MULTI,IO80CV,LAPFORD,EX17,SW,77,G4MQQ,50.88,-3.77,
GB3MA,6M,R50-01,50.720000,51.220000,AV,IO83SM,ATHERTON,M46,NOR,82.5,G4YYB,53.53,-2.50,
GB3MB,70CM,RB15,433.375000,434.975000,MULTI,IO81HR,MERTHYR,CF48,WM,94.8,GW0UXJ,51.74,-3.42,
GB3MC,70CM,DMU27,439.337500,430.337500,MULTI,IO83KJ,LEASOWE,CH46,NOR,110.9,G4YWD,53.41,-3.10,
GB3MD,70CM,RU77,430.962500,438.562500,MULTI,IO82GN,LLANFAIR CAEREINION,SY17,WM,103.5,GW4BML,52.57,-3.48,
GB3ME,70CM,RB06,433.150000,434.750000,AV,IO92JJ,RUGBY,CV21,MIDL,67,G7BQM,52.39,-1.25,
GB3MG,70CM,RU72,430.900000,438.500000,FUSION,IO81KP,PONTYPRIDD,CF83,WM,,GW0UXJ,51.61,-3.30,
GB3MH,2M,RV50,145.625000,145.025000,AV,IO91WC,EAST GRINSTEAD,RH10,SE,88.5,G3NZP,51.10,-0.09,
GB3MI,2M,RV57,145.712500,145.112500,MULTI,IO83VM,MANCHESTER,M8,NOR,82.5,G0TOG,53.50,-2.20,
GB3MK,70CM,RB0,433.000000,434.600000,MULTI,IO92OB,MILTON KEYNES,MK9,SW,77,G6GEI,52.04,-0.76,
GB3ML,70CM,RU73,430.912500,438.512500,MULTI,IO91RK,STAINES UPON THAMES,TW18,SE,3,M0TIG,51.43,-0.51,
GB3MM,23CM,RM06,1297.150000,1291.150000,AV,IO82XP,WOLVERHAMPTON,WV11,MIDL,67,G8NDT,52.63,-2.08,
GB3MN,2M,RV52,145.650000,145.050000,MULTI,IO83XH,DISLEY,SK12,NOR,82.5,G8LZO,53.33,-2.04,
GB3MR,70CM,RB14,433.350000,434.950000,AV,IO83XH,STOCKPORT,SK12,NOR,82.5,G8LZO,53.33,-2.04,
GB3MT,70CM,RU72,430.900000,438.500000,AV,IO64QS,MAGHERAFELT,BT45,NI,110.9,MI0GRN,54.75,-6.60,
GB3MW,70CM,RB10,433.250000,434.850000,AV,IO92FH,LEAMINGTON SPA,CV32,MIDL,67,G6FEO,52.30,-1.51,
GB3MY,70CM,RB11,433.275000,434.875000,MULTI,IO83SM,ATHERTON,M46,NOR,82.5,G4YYB,53.53,-2.50,
GB3NA,2M,RV49,145.612500,145.012500,MULTI,IO93HN,BARNSLEY,S72,NOR,71.9,G4LUE,53.57,-1.40,
GB3NB,2M,RV50,145.625000,145.025000,AV,JO02PN,NORWICH,NR14,SE,94.8,G8VLL,52.57,1.33,
GB3NC,2M,RV58,145.725000,145.125000,MULTI,IO70OJ,ROCHE,PL26,SW,77.0,G4WVD,50.38,-4.83,
GB3NE,2M,RV61,145.762500,145.162500,AV,IO91HJ,NEWBURY,RG14,SW,118.8,G6IBI,51.38,-1.35,
GB3NF,2M,RV50,145.625000,145.025000,AV,IO92KX,NOTTINGHAM,NG3,MIDL,77.0,M0VUB,53.00,-1.10,
GB3NG,2M,RV50,145.625000,145.025000,AV,IO87XO,FRASERBURGH,AB43,SCOT,67,GM4ZUK,57.60,-2.03,
GB3NH,70CM,RU76,430.950000,438.550000,AV,IO92NF,NORTHAMPTON,NN6,MIDL,77.0,G1IRG,52.24,-0.89,
GB3NI,2M,RV58,145.725000,145.125000,AV,IO74CO,BELFAST  N.I.,BT18,NI,110.9,MI1VOX,54.62,-5.82,
GB3NK,70CM,RB04,433.100000,434.700000,AV,JO01BL,ERITH,DA8,SE,103.5,G4EGU,51.47,0.16,
GB3NL,2M,RV62,145.775000,145.175000,AV,IO91XP,NORTH LONDON,EN1,SE,,G4DFB,51.65,-0.08,
GB3NM,70CM,RB07,433.175000,434.775000,AV,IO92KX,NOTTINGHAM,NG3,MIDL,71.9,M0VUB,53.00,-1.10,
GB3NN,70CM,RB02,433.050000,434.650000,AV,JO02JV,WELLS NORFOLK,NR22,SE,94.8,G0FVF,52.91,0.83,
GB3NO,23CM,RM0,1297.000000,1291.000000,AV,JO02PP,NORWICH,NR2,SE,94.8,G8VLL,52.63,1.28,
GB3NP,70CM,RU71,430.887500,438.487500,MULTI,IO92LD,TOWCESTER,NN12,MIDL,77.0,G1IRG,52.17,-1.03,
GB3NR,70CM,RB0,433.000000,434.600000,AV,JO02PP,NORWICH,NR2,SE,94.8,G8VLL,52.63,1.28,
GB3NS,70CM,DVU54,439.675000,430.675000,AV,IO91WG,CATERHAM,CR3,SE,82.5,G0OLX,51.27,-0.11,
GB3NT,70CM,RB0,433.000000,434.600000,MULTI,IO94FW,NEWCASTLE UPON TYNE,NE9,NOR,118.8,M0MNE,54.94,-1.58,
GB3NU,70CM,DMU26,439.325000,430.325000,MULTI,IO92KX,NOTTINGHAM,NG3,MIDL,71.9,M0VUB,53.00,-1.10,
GB3NW,2M,RV50,145.625000,145.025000,MULTI,IO82VE,WORCESTER,WR5,WM,67.0,G4IDF,52.19,-2.18,
GB3NX,70CM,RU68,430.850000,438.450000,AV,IO91WB,CRAWLEY SUSSEX,RH17,SE,88.5,G4EFO,51.08,-0.16,
GB3NY,70CM,RU67,430.837500,438.437500,MULTI,IO93RT,HULL,HU20,NOR,88.5,M0DPH,53.80,-0.56,
GB3NZ,2M,RV48,145.600000,145.000000,AV,JO02NN,WYMONDHAM,NR18,SE,94.8,M0ZAH,52.57,1.11,
GB3OA,2M,RV49,145.612500,145.012500,MULTI,IO83LP,SOUTHPORT,PR9,NOR,82.5,G4EID,53.65,-3.00,
GB3OC,2M,RV52,145.650000,145.050000,AV,IO88LX,KIRKWALL,KW15,SCOT,77,GM0HQG,58.99,-3.02,
GB3OH,70CM,RU76,430.950000,438.550000,MULTI,IO85EX,LINLITHGOW,EH49,SCOT,94.8,GM0MZB,56.00,-3.65,
GB3OM,70CM,RU76,430.950000,438.550000,MULTI,IO64JQ,OMAGH,BT79,NI,1,GI4SXV,54.67,-7.21,
GB3OR,70CM,RU67,430.837500,438.437500,MULTI,IO83BH,LLANDUDNO,LL30,WM,103.5,MW0JWP,53.33,-3.85,
GB3OV,70CM,RB05,433.125000,434.725000,AV,IO92VG,ST NEOTS,PE19,MIDL,94.8,G6OHM,52.27,-0.18,
GB3OY,70CM,RU76,430.950000,438.550000,AV,JO01AO,BUCKHURST HILL,IG9,SE,82.5,G7UZN,51.62,0.03,
GB3PA,2M,RV50,145.625000,145.025000,AV,IO75QV,PAISLEY,PA14,SCOT,103.5,GM7OAW,55.91,-4.59,
GB3PB,2M,RV50,145.625000,145.025000,AV,IO90AT,WIMBORNE,BH21,SW,71.9,G7ICH,50.81,-1.92,
GB3PD,70CM,RU68,430.850000,438.450000,MULTI,IO80SN,WEYMOUTH,DT5,SW,,G1ZSE,50.56,-2.43,
GB3PE,2M,RV54,145.675000,145.075000,AV,IO92TL,PETERBOROUGH,PE7,SE,94.8,M0ZPU,52.50,-0.35,
GB3PF,70CM,RB12,433.300000,434.900000,AV,IO83TR,ACCRINGTON,BB5,NOR,82.5,M0NFI,53.75,-2.37,
GB3PH,2M,RV48,145.600000,145.000000,AV,IO72SX,PWLLHELI,LL53,WM,88.5,MW0XTK,52.96,-4.45,
GB3PI,2M,RV60,145.750000,145.150000,AV,IO92XA,ROYSTON,SG8,SE,77,M0ZPU,52.01,-0.00,
GB3PK,2M,RV53,145.662500,145.062500,AV,IO65VE,BALLYCASTLE,BT54,NI,110.9,MI0CRR,55.19,-6.24,
GB3PL,2M,RV61,145.762500,145.162500,AV,IO80BH,BIGBURY,TQ7,SW,77.0,M0WMB,50.31,-3.88,
GB3PM,70CM,RU72,430.900000,438.500000,AV,IO93FK,SHEFFIELD,S6,NOR,71.9,M0HOY,53.40,-1.60,
GB3PN,70CM,RU76,430.950000,438.550000,AV,IO83PS,PRESTON,PR1,NOR,82.5,M0VXT,53.76,-2.69,
GB3PO,2M,RV52,145.650000,145.050000,AV,JO02OB,IPSWICH,IP4,SE,110.9,G7CIY,52.06,1.20,
GB3PP,70CM,RB15,433.375000,434.975000,MULTI,IO83QR,PRESTON,PR5,NOR,82.5,M0NED,53.70,-2.60,
GB3PR,2M,RV54,145.675000,145.075000,MULTI,IO86GI,PERTH,PH2,SCOT,94.8,GM8KPH,56.37,-3.46,
GB3PS,23CM,RM03,1297.075000,1291.075000,AV,IO92XA,ROYSTON,SG8,SE,77,M0ZPU,52.01,-0.00,
GB3PT,70CM,RU69,430.862500,438.462500,AV,IO83NL,PRESCOT,L34 ,NOR,94.8,M0NFI,53.50,-2.90,
GB3PU,70CM,RB0,433.000000,434.600000,MULTI,IO86GI,PERTH,PH2,SCOT,94.8,GM8KPH,56.37,-3.46,
GB3PW,2M,RV62,145.775000,145.175000,AV,IO82HL,NEWTOWN POWYS,SY16,WM,103.5,GW4IQP,52.48,-3.40,
GB3PX,6M,R50-07,50.780000,51.280000,AV,IO92XA,ROYSTON,SG8,SE,77,M0ZPU,52.01,-0.00,
GB3PY,70CM,RU72,430.900000,438.500000,AV,JO02AF,CAMBRIDGE,SG8,SE,77.0,M0ZPU,52.22,0.04,
GB3PZ,70CM,RU72,430.900000,438.500000,AV,IO83XL,DUKINFIELD,SK16,NOR,82.5,G4ZPZ,53.47,-2.07,
GB3RB,70CM,RB08,433.200000,434.800000,AV,IO93IF,BOLSOVER,S44,MIDL,71.9,G1SLE,53.23,-1.29,
GB3RC,70CM,RU69,430.862500,438.462500,AV,IO81XW,CHELTENHAM,GL52,SW,103.5,M0URF,51.90,-2.00,
GB3RD,2M,RV54,145.675000,145.075000,AV,IO91JM,READING,RG8,SW,118.8,G8DOR,51.52,-1.20,
GB3RE,70CM,RB11,433.275000,434.875000,AV,JO01HH,MAIDSTONE,ME14,SE,103.5,G6RVS,51.30,0.60,
GB3RF,2M,RV62,145.775000,145.175000,MULTI,IO83TR,ACCRINGTON,BB5,NOR,82.5,M0NFI,53.75,-2.37,
GB3RH,70CM,RB11,433.275000,434.875000,AV,IO80MS,AXMINSTER,EX13,SW,94.8,G6WWY,50.77,-2.96,
GB3RO,70CM,RU66,430.825000,438.425000,AV,IO83UQ,HASLINGDEN,BB4,NOR,82.5,M0LMN,53.71,-2.31,
GB3RR,70CM,RU68,430.850000,438.450000,AV,IO82XL,DUDLEY,B65,MIDL,67.0,G8PYT,52.50,-2.00,
GB3RU,70CM,RB11,433.275000,434.875000,AV,IO91LK,READING,RG30,SW,118.8,G8DOR,51.45,-1.04,
GB3RW,2M,RV48,145.600000,145.000000,AV,IO90SU,WORTHING,BN13,SE,88.5,G4WTV,50.80,-0.40,
GB3SA,70CM,RU77,430.962500,438.562500,AV,IO92RP,STAMFORD,PE,MIDL,82.5,G8IOA,52.63,-0.51,
GB3SC,70CM,RU69,430.862500,438.462500,AV,IO92ES,BURTON-UPON-TRENT,DE15,MIDL,67.0,G8EKG,52.78,-1.62,
GB3SD,70CM,RB14,433.350000,434.950000,AV,IO80SQ,WEYMOUTH,DT3,SW,71.9,G0ECX,50.67,-2.46,
GB3SE,23CM,RM03,1297.075000,1291.075000,AV,IO83WA,STOKE ON TRENT,ST9,MIDL,103.5,G8NSS,53.00,-2.10,
GB3SF,2M,RV50,145.625000,145.025000,MULTI,IO86HK,PERTH,PH2,SCOT,,GM3NFO,56.50,-3.40,
GB3SG,70CM,RU73,430.912500,438.512500,AV,IO81VR,STROUD,GL5,SW,118.8,G1MAW,51.70,-2.20,
GB3SH,2M,RV53,145.662500,145.062500,AV,IO90IV,SOUTHAMPTON,SO19,SW,71.9,G4MYS,50.90,-1.33,
GB3SI,2M,RV50,145.625000,145.025000,AV,IO70JB,HELSTON,TR12,SW,,M1ERD,50.05,-5.24,
GB3SJ,2M,RV55,145.687500,145.087500,AV,IO83RF,NORTHWICH,CW9,NOR,103.5,M0WTX,53.22,-2.52,
GB3SK,70CM,RB06,433.150000,434.750000,AV,JO01MH,CANTERBURY,CT2,SE,103.5,G6DIK,51.30,1.06,
GB3SL,6M,R50-02,50.730000,51.230000,AV,IO75XX,KILSYTH,G65,SCOT,103.5,GM4COX,56.00,-4.04,
GB3SM,70CM,RB13,433.325000,434.925000,AV,IO93BA,STOKE ON TRENT,ST10,MIDL,103.5,G4SCY,53.04,-1.91,
GB3SN,2M,RV58,145.725000,145.125000,AV,IO91LC,ALTON HANTS,GU34,SW,71.9,G4EPX,51.12,-1.04,
GB3SO,70CM,RB0,433.000000,434.600000,MULTI,JO03AR,WITHERNSEA,HU19,NOR,71.9,M0MFP,53.74,0.03,
GB3SP,70CM,RB04,433.100000,434.700000,MULTI,IO71NQ,PEMBROKE,SA70,WM,94.8,GW3XJQ,51.67,-4.83,
GB3SR,70CM,RU73,430.912500,438.512500,AV,JO03CB,SKEGNESS,PE22,MIDL,71.9,G7UVD,53.07,0.19,
GB3SS,2M,RV48,145.600000,145.000000,MULTI,IO87MO,ELGIN MORAY,AB55,SCOT,67,GM4ILS,57.60,-3.00,
GB3ST,70CM,RB09,433.225000,434.825000,AV,IO83WA,STOKE ON TRENT,ST9,MIDL,103.5,G8NSS,53.00,-2.10,
GB3SU,70CM,RB08,433.200000,434.800000,AV,IO90IV,SOUTHAMPTON,SO19,SW,71.9,G4MYS,50.90,-1.33,
GB3SV,2M,RV49,145.612500,145.012500,AV,IO82WS,STAFFORD,ST18,MIDL,94.8,G7PFT,52.77,-2.16,
GB3SW,2M,RV57,145.712500,145.112500,AV,IO80JQ,SIDMOUTH,EX10,SW,77,G6XUV,50.70,-3.20,
GB3SX,6M,R50-08,50.790000,51.290000,AV,IO93BA,STOKE ON TRENT,ST10,MIDL,103.5,G4SCY,53.04,-1.91,
GB3SY,70CM,RB06,433.150000,434.750000,AV,IO93EN,BARNSLEY,HD8,NOR,71.9,G8POK,53.60,-1.70,
GB3TA,2M,RV59,145.737500,145.137500,AV,IO92DP,TAMWORTH,B79,MIDL,67,M0TSD,52.63,-1.70,
GB3TD,70CM,UR63,438.387500,430.787500,AV,IO91DL,SWINDON,SN8,SW,118.8,G4XUT,51.49,-1.70,
GB3TE,2M,RV49,145.612500,145.012500,AV,JO01OU,FRINTON ON SEA,CO16,SE,67,G0MBA,51.85,1.18,
GB3TF,70CM,RB08,433.200000,434.800000,MULTI,IO82RP,TELFORD,TF6,WM,103.5,M0JZH,52.66,-2.52,
GB3TH,70CM,RB15,433.375000,434.975000,MULTI,IO92DP,TAMWORTH,B79,MIDL,67,G8YUQ,52.60,-1.70,
GB3TJ,70CM,RB12,433.300000,434.900000,MULTI,IO85XA,CORBRIDGE,NE19,NOR,118.8,M0TKF,55.03,-2.03,
GB3TP,2M,RV58,145.725000,145.125000,AV,IO93CT,SHIPLEY,BD18,NOR,82.5,G8ZMG,53.83,-1.80,
GB3TR,2M,RV52,145.650000,145.050000,AV,IO80FM,TORQUAY,TQ2,SW,94.8,G8XST,50.50,-3.53,
GB3TS,70CM,RB07,433.175000,434.775000,MULTI,IO94GX,SUNDERLAND,DH5,NOR,118.8,G7MFN,54.85,-1.44,
GB3TU,70CM,RB09,433.225000,434.825000,AV,IO91PS,TRING HERTS,HP23,SW,77,M0ZPU,51.77,-0.69,
GB3TW,2M,RV58,145.725000,145.125000,MULTI,IO94EW,GATESHEAD,NE8,NOR,118.8,M0MNE,54.95,-1.61,
GB3TX,10M,10M,29.650000,29.550000,AV,JO02QP,NORWICH,NR7,SE,94.8,M0ZAH,52.64,1.35,
GB3UB,70CM,RB04,433.100000,434.700000,AV,IO81UJ,BATH AVON,BA2,SW,118.8,G4KVI,51.38,-2.33,
GB3UK,2M,RV49,145.612500,145.012500,MULTI,IO94FV,WASHINGTON,NE37,NOR,10,G1LBU,54.92,-1.50,
GB3UL,70CM,RB02,433.050000,434.650000,AV,IO74CO,BELFAST  N.I.,BT18,NI,110.9,MI1VOX,54.62,-5.82,
GB3UM,6M,R50-03,50.740000,51.240000,AV,IO92IQ,MARKFIELD,LE67,MIDL,77,M1NAS,52.69,-1.28,
GB3UO,70CM,RU76,430.950000,438.550000,MULTI,IO83LA,WREXHAM,LL14,WM,110.9,GW0WZZ,53.00,-3.08,
GB3UP,70CM,RU73,430.912500,438.512500,AV,IO71MX,FISHGUARD,SA65,WM,94.8,GW6TKK,51.99,-4.97,
GB3US,70CM,RB0,433.000000,434.600000,AV,IO93GI,SHEFFIELD,S8,NOR,103.5,M0RFT,53.30,-1.50,
GB3VA,2M,RV56,145.700000,145.100000,AV,IO91LT,BRILL,HP18,SW,118.8,G8GQJ,51.82,-1.05,
GB3VE,70CM,RB04,433.100000,434.700000,DSTAR,IO84SQ,DUFTON,CA16,NOR,77.0,G0TNF,54.68,-2.46,
GB3VH,70CM,RB13,433.325000,434.925000,AV,IO91VT,WELWYN GARDEN CITY,AL8,SE,82.5,G4THF,51.81,-0.22,
GB3VI,6M,R50-15,50.860000,51.360000,AV,IO82XL,DUDLEY,B65,MIDL,67.0,G8PYT,52.50,-2.00,
GB3VM,2M,RV49,145.612500,145.012500,MULTI,IO82QJ,TENBURY WELLS,SY8,WM,103.5,G8XYJ,52.38,-2.60,
GB3VN,70CM,RU74,430.925000,438.525000,MULTI,IO82QI,LUDLOW,SY8,WM,103.5,G4OYX,52.36,-2.60,
GB3VO,2M,RV51,145.637500,145.037500,MULTI,IO83LA,WREXHAM,LL14,WM,110.9,GW0WZZ,53.00,-3.08,
GB3VS,70CM,RB03,433.075000,434.675000,AV,IO80LX,TAUNTON,TA3,SW,94.8,G4UVZ,50.96,-3.08,
GB3VT,2M,RV58,145.725000,145.125000,DSTAR,IO83WA,STOKE ON TRENT,ST9,MIDL,103.5,G8NSS,53.00,-2.10,
GB3VW,70CM,RU65,430.812500,438.412500,AV,JO02NN,WYMONDHAM,NR18,SE,82.5,M0ZAH,52.57,1.11,
GB3WA,70CM,RU70,430.875000,438.475000,AV,IO75OR,DALRY,KA24,SCOT,103.5,GM7GDE,55.73,-4.76,
GB3WB,70CM,RB12,433.300000,434.900000,AV,IO81MH,WESTON-SUPER-MARE,BS24,SW,94.8,G1VSX,51.32,-2.95,
GB3WC,23CM,RM15,1297.375000,1291.375000,AV,IO93EP,WAKEFIELD,WF14,NOR,82.5,G1XCC,53.64,-1.66,
GB3WD,2M,RV56,145.700000,145.100000,AV,IO80AK,IVYBRIDGE,PL21,SW,77,M0ZCP,50.40,-3.90,
GB3WE,2M,RV55,145.687500,145.087500,MULTI,IO81MH,WESTON-SUPER-MARE,BS24,SW,94.8,G4SZM,51.32,-2.95,
GB3WF,70CM,RB14,433.350000,434.950000,MULTI,IO93DV,OTLEY,LS21,NOR,82.5,M0SNW,53.89,-1.69,
GB3WG,70CM,RU70,430.875000,438.475000,MULTI,IO81CP,PORT TALBOT,SA12,WM,94.8,MW0HAC,51.63,-3.76,
GB3WH,2M,RV52,145.650000,145.050000,AV,IO91EM,SWINDON,SN4,SW,118.8,G4LDL,51.53,-1.66,
GB3WI,70CM,RB15,433.375000,434.975000,MULTI,JO02BP,WISBECH,PE13,SE,94.8,M0DUQ,52.70,0.20,
GB3WK,2M,RV62,145.775000,145.175000,AV,IO92FH,LEAMINGTON SPA,CV32,MIDL,67,G6FEO,52.30,-1.51,
GB3WL,70CM,RU76,430.950000,438.550000,MULTI,IO92BJ,WYTHALL,B47,MIDL,67.0,G3YXM,52.38,-1.89,
GB3WM,70CM,RB02,433.050000,434.650000,MULTI,IO92AJ,LONGBRIDGE,B31,MIDL,67,M0JZT,52.40,-1.96,
GB3WN,70CM,UR63,438.387500,430.787500,AV,IO82XP,WOLVERHAMPTON,WV11,MIDL,67.0,G8NDT,52.63,-2.08,
GB3WO,70CM,RU78,430.975000,438.575000,AV,IO90TT,WORTHING,BN11,SE,88.5,M0IAD,50.81,-0.37,
GB3WQ,70CM,RU71,430.887500,438.487500,AV,IO84FN,WHITEHAVEN,CA28,NOR,77.0,G0NIS,54.60,-3.60,
GB3WR,2M,RV48,145.600000,145.000000,AV,IO81PH,CHEDDAR,BS40,SW,94.8,G4RKY,51.31,-2.72,
GB3WS,2M,RV60,145.750000,145.150000,AV,IO91WB,CRAWLEY SUSSEX,RH17,SE,88.5,G4EFO,51.08,-0.16,
GB3WT,2M,RV62,145.775000,145.175000,AV,IO64JQ,OMAGH,BT79,NI,110.9,GI3NVW,54.67,-7.21,
GB3WU,70CM,RU66,430.825000,438.425000,AV,IO82VE,WORCESTER,WR3,WM,118.8,G8TIC,52.20,-2.21,
GB3WW,2M,RV62,145.775000,145.175000,MULTI,IO81CP,PORT TALBOT,SA12,WM,94.8,MW0HAC,51.63,-3.76,
GB3WX,6M,R50-12,50.830000,51.330000,AV,JO02NN,WYMONDHAM,NR18,SE,94.8,M0ZAH,52.57,1.11,
GB3WY,6M,R50-09,50.800000,51.300000,AV,IO93EP,WAKEFIELD,WF14,NOR,82.5,G1XCC,53.64,-1.66,
GB3XD,6M,R50-02,50.730000,51.230000,AV,IO93WH,LOUTH,LN11,MIDL,71.9,G7AJP,53.33,-0.12,
GB3XL,70CM,RU71,430.887500,438.487500,MULTI,IO93CT,SHIPLEY,BD18,NOR,82.5,M0IRK,53.83,-1.76,
GB3XN,70CM,RU74,430.925000,438.525000,AV,IO93KJ,WORKSOP,S81,MIDL,71.9,G3XXN,53.38,-1.12,
GB3XP,2M,RV55,145.687500,145.087500,MULTI,IO91VJ,MORDEN,SM5,SE,82.5,M0SGL,51.38,-0.18,
GB3XS,6M,R50-14,50.850000,51.350000,AV,IO92MG,NORTHAMPTON,NN5,MIDL,77.0,G7SYT,52.26,-0.95,
GB3XV,70CM,DVU-R20,430.250000,439.250000,FUSION,IO92KG,DAVENTRY,NN11,MIDL,,G8KHF,52.27,-1.17,
GB3XX,70CM,RU73,430.912500,438.512500,MULTI,IO92KG,DAVENTRY,NN11,MIDL,77.0,G8KHF,52.27,-1.17,
GB3XZ,23CM,RM1,1297.025000,1291.025000,MULTI,IO92KG,DAVENTRY,NN11,MIDL,77.0,G8KHF,52.27,-1.17,
GB3YA,2M,RV57,145.712500,145.112500,AV,IO81LP,CWMBRAN,NP44,WM,94.8,MW0YAC,51.64,-3.06,
GB3YC,2M,RV60,145.750000,145.150000,AV,IO94SE,FILEY,YO12,NOR,88.5,M0KXQ,54.18,-0.44,
GB3YL,70CM,RB14,433.350000,434.950000,AV,JO02UL,LOWESTOFT,NR32,SE,94.8,G4RKP,52.47,1.74,
GB3YW,2M,RV63,145.787500,145.187500,AV,IO93EP,WAKEFIELD,WF14,NOR,82.5,G1XCC,53.64,-1.66,
GB3ZA,2M,RV59,145.737500,145.137500,MULTI,IO82PB,HEREFORD,HR1,WM,118.8,G0JWJ,52.07,-2.70,
GB3ZB,70CM,RU66,430.825000,438.425000,AV,IO81QJ,BRISTOL,BS41,SW,77,G4RKY,51.40,-2.64,
GB3ZI,70CM,RU78,430.975000,438.575000,MULTI,IO82WT,STAFFORD,ST16,MIDL,103.5,G4YFF,52.80,-2.10,
GB3ZN,2M,RV51,145.637500,145.037500,AV,IO94GX,SOUTH SHIELDS ,NE34,NOR,118.8,M0OMT ,54.99,-1.44,
GB3ZW,6M,R50-10,50.810000,51.310000,AV,IO82HL,NEWTOWN POWYS,SY16,WM,103.5,GW4IQP,52.48,-3.40,
GB3ZX,70CM,RU66,430.825000,438.425000,AV,JO00CT,EASTBOURNE,BN20,SE,88.5,G6ZZX,50.80,0.20,
GB3ZY,6M,R50-09,50.800000,51.300000,AV,IO81QJ,BRISTOL,BS41,SW,77,G4RKY,51.40,-2.64,
GB7AA,70CM,DVU54,439.675000,430.675000,DMR,IO81RO,BRISTOL,BS35,SW,1,G4CJZ,51.59,-2.54,
GB7AB,70CM,DVU53,439.662500,430.662500,FUSION,IO87VD,ABERDEEN,AB16,SCOT,,GM7KBK,57.15,-2.17,
GB7AC,70CM,RU76,430.950000,438.550000,MULTI,IO87NU,LARGS,PA17,SCOT,3,GM7RYR,55.80,-4.90,
GB7AD,70CM,DVU61,439.762500,430.762500,DSTAR,IO81RO,BRISTOL,BS35,SW,,G4CJZ,51.59,-2.54,
GB7AE,70CM,DVU34,439.425000,430.425000,DSTAR,IO91CJ,MARLBOROUGH,SN8,SW,3,M1CJE,51.42,-1.76,
GB7AG,70CM,RU72,430.900000,438.500000,MULTI,IO86NR,FORFAR,DD8,SCOT,94.8,GM1TCN,56.70,-2.90,
GB7AL,70CM,DVU32,439.400000,430.400000,DMR,JO02RD,IPSWICH,IP12,SE,2,M1NIZ,52.14,1.45,
GB7AM,2M,RV53,145.662500,145.062500,MULTI,IO83WI,HIGHER POYNTON,SK12,NOR,,G1DVA,53.35,-2.09,
GB7AN,70CM,DVU37,439.462500,430.462500,FUSION,IO83TS,ACCRINGTON ,BB5,NOR,,M0NFI,53.77,-2.39,
GB7AR,70CM,DVU42,439.525000,430.525000,MULTI,JO01DI,NEW ASH GREEN,TN15,SE,15,G6VBJ,51.40,0.30,
GB7AS,70CM,DVU34,439.425000,430.425000,DMR,JO01KD,ASHFORD,TN23,SE,3,M1CMN,51.12,0.86,
GB7AU,70CM,DVU56,439.700000,430.700000,MULTI,IO91GP,AMERSHAM,HP7,SW,,M0ZPU,51.65,-0.62,
GB7AV,70CM,DVU35,439.437500,430.437500,DMR,IO91OT,AYLESBURY,HP20,SW,3,G0RAS,51.81,-0.81,
GB7AY,70CM,DVU36,439.450000,430.450000,MULTI,IO75TQ,KILMARNOCK,KA3,SCOT,1,GM0ONX,55.67,-4.40,
GB7BA,70CM,DVU61,439.762500,430.762500,DMR,IO93CS,BRADFORD,BD6,NOR,13,G1XCC,53.77,-1.77,
GB7BB,70CM,DVU57,439.712500,430.712500,MULTI,IO87QP,BANFF,AB45,SCOT,1,MM0BUH,57.66,-2.60,
GB7BC,70CM,DVU52,439.650000,430.650000,MULTI,IO90WT,BRIGHTON,BN2,SE,3,G7TXU,50.80,-0.10,
GB7BD,70CM,RU76,430.950000,438.550000,DMR,IO81QJ,BRISTOL,BS41,SW,3,G4RKY,51.40,-2.64,
GB7BE,70CM,DVU53,439.662500,430.662500,DSTAR,JO02TK,BECCLES,NR34,SE,,M0JGX,52.44,1.60,
GB7BF,70CM,DVU-R24,430.300000,439.300000,MULTI,IO83LU,BLACKPOOL,FY2,NOR,5,M0DKR,53.86,-3.05,
GB7BH,70CM,DVU46,439.575000,430.575000,MULTI,IO90WU,BRIGHTON,BN2,SE,4,G7TXU,50.84,-0.09,
GB7BI,70CM,DVU53,439.662500,430.662500,DMR,IO77RM,MUIR OF ORD,IV6,SCOT,1,GM0UDL,57.51,-4.54,
GB7BJ,70CM,DVU59,439.737500,430.737500,DMR,IO82TC,MALVERN,WR14,WM,13,G3PWJ,52.10,-2.30,
GB7BK,70CM,DVU59,439.737500,430.737500,DMR,IO91JM,READING,RG8,SW,3,G8DOR,51.52,-1.20,
GB7BL,70CM,DVU54,439.675000,430.675000,MULTI,IO84VV,ALLENDALE,NE47,NOR,5,M0UKB,54.90,-2.25,
GB7BM,70CM,DVU32,439.400000,430.400000,MULTI,IO92BL,BIRMINGHAM,B16,MIDL,3,G8VIQ,52.47,-1.92,
GB7BN,70CM,DVU47,439.587500,430.587500,MULTI,IO90PT,BOGNOR REGIS,PO22,SE,3,G0TJH,50.81,-0.69,
GB7BP,70CM,DVU36,439.450000,430.450000,DSTAR,IO91PX,MILTON KEYNES,MK3,SW,,M1ACB,52.00,-0.74,
GB7BR,70CM,RU74,430.925000,438.525000,DMR,IO74TI,RAMSEY IOM,IM7,NOR,3,GD4HOZ,54.36,-4.39,
GB7BS,70CM,DVU13,439.162500,430.162500,DMR,IO81TK,BRISTOL,BA1,SW,3,G4SDR,51.43,-2.41,
GB7BX,70CM,DVU35,439.437500,430.437500,DMR,IO82QL,CLEOBURY NORTH,SY7,WM,11,G4VZO,52.50,-2.60,
GB7BZ,70CM,DVU33,439.412500,430.412500,DSTAR,IO92QF,BOZEAT,NN29,MIDL,,M5WOB,52.23,-0.65,
GB7CA,70CM,RU74,430.925000,438.525000,DMR,IO74SD,DOUGLAS,IM4,NOR,2,GD4HOZ,54.14,-4.49,
GB7CB,70CM,DVU57,439.712500,430.712500,DMR,IO85DU,BATHGATE,EH47,SCOT,4,GM7RYR,55.80,-3.70,
GB7CC,70CM,DVU-R22,430.275000,439.275000,DMR,IO81XW,CHELTENHAM,GL52,SW,2,G8WVW,51.90,-2.00,
GB7CD,70CM,DVU56,439.700000,430.700000,DSTAR,IO81JL,CARDIFF,CF10,WM,,GW6CUR,51.47,-3.16,
GB7CE,70CM,DVU49,439.612500,430.612500,FUSION,JO01NT,GREAT CLACTON,CO16,SE,,G0DZZ,51.81,1.14,
GB7CF,70CM,DVU50,439.625000,430.625000,DMR,IO90LW,CLANFIELD,PO8,SW,3,M0PPR,50.94,-1.02,
GB7CG,2M,RV57,145.712500,145.112500,MULTI,IO92QA,WOBURN SANDS,MK17,SW,77.0,G0WTZ,52.02,-0.65,
GB7CK,70CM,DVU59,439.737500,430.737500,DMR,JO01OC,FOLKESTONE,CT18,SE,3,M1CMN,51.10,1.20,
GB7CL,70CM,DVU51,439.637500,430.637500,DMR,JO01OU,FRINTON ON SEA,CO16,SE,3,G0MBA,51.85,1.18,
GB7CM,2M,RV56,145.700000,145.100000,MULTI,IO80WU,BLANDFORD,DT11,SW,71.9,M0MRP,50.87,-2.12,
GB7CO,70CM,DVU39,439.487500,430.487500,MULTI,IO90JU,FAREHAM,PO14,SW,3,G3ZDF,50.83,-1.19,
GB7CP,70CM,RU66,430.825000,438.425000,FUSION,IO91RO,SLOUGH,SL9,SW,77.0,M0WAQ,51.61,-0.57,
GB7CQ,70CM,DVU49,439.612500,430.612500,MULTI,IO90SU,WORTHING,BN13,SE,4,G4WTV,50.80,-0.40,
GB7CS,70CM,DVU62,439.775000,430.775000,FUSION,IO75VU,GLASGOW,G1,SCOT,,GM7GDE,55.86,-4.25,
GB7CT,2M,RV51,145.637500,145.037500,DMR,IO91PS,TRING,HP23,SW,3,M0ZPU,51.77,-0.69,
GB7CV,70CM,DVU-R23,430.287500,439.287500,DMR,IO92GK,COVENTRY,CV2,MIDL,5,G4USP,52.42,-1.48,
GB7CX,70CM,RU69,430.862500,438.462500,MULTI,IO65OD,COLERAINE,BT51,NI,12,MI0PKO,55.14,-6.68,
GB7CY,70CM,DVU50,439.625000,430.625000,FUSION,IO94DR,CROOK,DL15,NOR,,G0OCB,54.73,-1.75,
GB7CZ,70CM,DVU40,439.500000,430.500000,DMR,IO94DR,CROOK,DL15,NOR,10,G0OCB,54.74,-1.75,
GB7DA,2M,RV62,145.775000,145.175000,MULTI,IO85AV,AIRDRIE,ML6,SCOT,1,GM4AUP,55.89,-3.99,
GB7DB,70CM,DVU53,439.662500,430.662500,DMR,IO92QA,WOBURN SANDS,MK17,SW,3,G0WTZ,52.02,-0.65,
GB7DC,70CM,RU70,430.875000,438.475000,MULTI,IO92GW,DERBY,DE21,MIDL,71.9,G7NPW,52.90,-1.40,
GB7DD,70CM,DVU53,439.662500,430.662500,MULTI,IO86NL,DUNDEE,DD5,SCOT,1,MM0DUN,56.50,-2.90,
GB7DE,2M,RV51,145.637500,145.037500,DMR,IO85JW,EDINBURGH,EH10,SCOT,1,GM7RYR,55.94,-3.21,
GB7DH,70CM,DVU47,439.587500,430.587500,MULTI,IO83RF,NORTHWICH,CW9,NOR,,M0XDR,53.20,-2.50,
GB7DJ,70CM,DVU53,439.662500,430.662500,DMR,IO83RF,NORTHWICH,CW9,NOR,3,M0WTX,53.22,-2.52,
GB7DK,2M,RV55,145.687500,145.087500,MULTI,IO74LV,STRANRAER,DG9,SCOT,103.5,GM0HPK,54.90,-5.05,
GB7DK-B,70CM,DVU52,439.650000,430.650000,DSTAR,IO74LV,STRANRAER,DG9,SCOT,,GM0HPK,54.90,-5.05,
GB7DL,70CM,DVU54,439.675000,430.675000,DSTAR,JO03DD,SKEGNESS,PE25,MIDL,,G4HFG,53.16,0.32,
GB7DM,70CM,DVU60,439.750000,430.750000,MULTI,IO86NL,MONIFIETH,DD5,SCOT,1,MM0DRA,56.48,-2.84,
GB7DN,70CM,DVU33,439.412500,430.412500,DSTAR,IO64MW,DUNGIVEN,BT47,NI,,GI0AZB,54.93,-6.99,
GB7DO,70CM,DVU56,439.700000,430.700000,DMR,IO93LO,DONCASTER,DN7,NOR,2,G0WDA,53.59,-1.02,
GB7DP,70CM,DVU47,439.587500,430.587500,DMR,IO71MV,TREFFGARNE,SA62,WM,3,MW0XDN,51.88,-4.98,
GB7DR,70CM,DVU34,439.425000,430.425000,DMR,IO90AR,POOLE,BH12,SW,5,G7ICH,50.74,-1.95,
GB7DS,70CM,DVU34,439.425000,430.425000,MULTI,JO02PP,NORWICH,NR3,SE,1,M0ZAH,52.65,1.29,
GB7DV,70CM,DVU49,439.612500,430.612500,DSTAR,IO83QJ,ST. HELENS,WA10,NOR,,G1DVA,53.44,-2.77,
GB7DX,70CM,DVU56,439.700000,430.700000,DMR,JO00LW,NEW ROMNEY,TN28,SE,3,G0GCQ,50.96,0.96,
GB7DY,70CM,DVU46,439.575000,430.575000,DMR,IO82WL,DUDLEY,DY5,MIDL,11,G4VZO,52.50,-2.10,
GB7DZ,70CM,RB02,433.050000,434.650000,MULTI,IO83VC,CONGLETON,ST7,NOR,103.5,M0XDR,53.10,-2.20,
GB7EA,70CM,DMU30,439.375000,430.375000,MULTI,IO75SV,ERSKINE,PA8,SCOT,1,MM0PAZ,55.90,-4.48,
GB7EB,70CM,DVU46,439.575000,430.575000,DMR,JO02TK,BECCLES,NR34,SE,2,M0JGX,52.44,1.60,
GB7EC,70CM,RU74,430.925000,438.525000,DMR,IO87WD,ABERDEEN ,AB25,SCOT,11,GM7RYR,57.20,-2.10,
GB7ED,70CM,DVU54,439.675000,430.675000,DMR,IO80GR,EXETER,EX4,SW,5,M0ZZT,50.74,-3.51,
GB7EE,70CM,RU74,430.925000,438.525000,DMR,IO85JW,EDINBURGH,EH10,SCOT,1,GM7RYR,55.94,-3.21,
GB7EG,70CM,DVU61,439.762500,430.762500,DMR,IO91XC,EAST GRINSTEAD,RH19,SE,2,G7KBR,51.13,-0.03,
GB7EH,70CM,RU75,430.937500,438.537500,DMR,IO92GC,BANBURY,OX15,MIDL,8,G8NDT,52.11,-1.48,
GB7EI,70CM,RU68,430.850000,438.450000,MULTI,IO67IN,LOCHMADDY,HS6,SCOT,88.5,GM8SAU,57.55,-7.33,
GB7EL,70CM,DVU57,439.712500,430.712500,DMR,IO83VT,NELSON,BB9,NOR,2,G4BLH,53.80,-2.20,
GB7EP,70CM,DVU32,439.400000,430.400000,DMR,IO91UI,EPSOM,KT19,SE,3,G0OXZ,51.36,-0.27,
GB7ER,2M,RV62,145.775000,145.175000,MULTI,IO80GR,EXETER,EX4,SW,77,M0ZZT,50.74,-3.51,
GB7ES,70CM,DVU35,439.437500,430.437500,DSTAR,JO00DT,EASTBOURNE,BN24,SE,,M0LRE,50.82,0.29,
GB7ET,70CM,U321A,434.018750,434.018750,DV,IO91VF,REIGATE,RH2,SE,,M0IDD,51.20,-0.20,
GB7EU,70CM,RU67,430.837500,438.437500,MULTI,IO85JW,EDINBURGH,EH10,SCOT,94.8,GM7RYR,55.94,-3.21,
GB7EW,70CM,DVU42,439.525000,430.525000,DMR,IO80FR,EXETER,EX4,SW,3,G6ATJ,50.70,-3.50,
GB7EX,70CM,DVU57,439.712500,430.712500,DMR,JO01GN,SOUTHEND ON SEA,SS7,SE,3,G8YPK,51.56,0.56,
GB7EY,70CM,DVU41,439.512500,430.512500,MULTI,IO85NM,SELKIRK,TD7,SCOT,1,GM4AUP,55.50,-2.80,
GB7EZ,70CM,DVU62,439.775000,430.775000,DMR,IO92CM,ERDINGTON,B36,MIDL,14,M0SNR,52.51,-1.79,
GB7FD,70CM,DVU58,439.725000,430.725000,FUSION,IO83LV,FLEETWOOD,FY7,NOR,,M0RGV,53.91,-3.05,
GB7FE,70CM,DVU38,439.475000,430.475000,MULTI,IO86BC,STIRLING,FK7,SCOT,1,GM0MZB,56.11,-3.85,
GB7FG,70CM,RU76,430.950000,438.550000,MULTI,IO71WW,CARMARTHEN,SA32,WM,94.8,GW8KCY,51.92,-4.16,
GB7FI,70CM,RU71,430.887500,438.487500,DMR,IO81OH,AXBRIDGE,BS27,SW,3,G4RKY,51.30,-2.80,
GB7FK-B,70CM,DVU54,439.675000,430.675000,DSTAR,JO01OC,FOLKESTONE,CT1,SE,,M1CMN,51.10,1.21,
GB7FO,70CM,DVU-R22,430.275000,439.275000,DMR,IO83LT,BLACKPOOL,FY,NOR,1,G0WDA,53.81,-3.03,
GB7FR,70CM,DVU40,439.500000,430.500000,DMR,IO90ST,WORTHING,BN12,SE,4,G7RZU,50.80,-0.50,
GB7FT,70CM,DVU57,439.712500,430.712500,DMR,IO90LT,PORTSMOUTH,PO1,SW,3,M0PPR,50.80,-1.10,
GB7FU,70CM,RU71,430.887500,438.487500,MULTI,IO93JA,NOTTINGHAM,NG15,MIDL,,G0LCG,53.00,-1.20,
GB7GB,70CM,DVU61,439.762500,430.762500,DMR,IO92BM,SUTTON COLDFIELD,B24,MIDL,8,G8NDT,52.53,-1.84,
GB7GC,70CM,DVU35,439.437500,430.437500,MULTI,IO93WN,GRIMSBY,DN34,MIDL,2,G7EOG,53.56,-0.13,
GB7GD,2M,RV55,145.687500,145.087500,MULTI,IO87WE,ABERDEEN,AB23,SCOT,1,MM0RDM,57.19,-2.10,
GB7GF,70CM,DVU55,439.687500,430.687500,DMR,IO91RF,GUILDFORD,GU2,SE,3,G4EML,51.23,-0.58,
GB7GG,70CM,DVU50,439.625000,430.625000,MULTI,IO85AV,AIRDRIE,ML6,SCOT,1,GM4AUP,55.89,-3.99,
GB7GJ,70CM,RU72,430.900000,438.500000,MULTI,IN89WE,ST HELIER,JE4,SW,88.5,GJ8PVL,49.20,-2.11,
GB7GL,70CM,RU68,430.850000,438.450000,DMR,IO75VV,GLASGOW,G21 ,SCOT,7,GM7RYR,55.90,-4.20,
GB7GP,70CM,DVU52,439.650000,430.650000,MULTI,IO91PP,HIGH WYCOMBE,HP10,SW,5,M0GUY,51.60,-0.70,
GB7GR,70CM,DVU36,439.450000,430.450000,MULTI,IO92QW,GRANTHAM,NG31,MIDL,5,G6SSN,52.93,-0.66,
GB7GS,70CM,DVU36,439.450000,430.450000,MULTI,JO02EO,DOWNHAM MARKET,PE38,SE,3,G0FHM,52.60,0.37,
GB7GT,70CM,DVU33,439.412500,430.412500,DMR,IO82QJ,CLEE HILL,DY14,WM,13,G3PWJ,52.40,-2.60,
GB7GW,70CM,RU65,430.812500,438.412500,MULTI,IO94FV,WASHINGTON,NE37,NOR,10,G1LBU,54.92,-1.50,
GB7GY,70CM,DVU55,439.687500,430.687500,DMR,IN89RL,ST. PETER PORT,GY1,SW,5,GU7DAI,49.47,-2.54,
GB7HA,70CM,DVU34,439.425000,430.425000,FUSION,IO91TU,HARPENDEN,LU2,SE,,G7HMV,51.85,-0.35,
GB7HB,70CM,DVU50,439.625000,430.625000,DMR,IO64TI,TANDRAGEE,BT62,NI,1,MI0IRZ,54.30,-6.40,
GB7HC,70CM,DVU42,439.525000,430.525000,DMR,IO82PA,HEREFORD,HR2,WM,5,G3PWJ,52.00,-2.70,
GB7HE,70CM,DVU43,439.537500,430.537500,DSTAR,JO00HV,HASTINGS,TN34,SE,,M0HOW,50.88,0.59,
GB7HH,70CM,DVU60,439.750000,430.750000,MULTI,JO01CN,ROMFORD,RM7,SE,3,M0UPM,51.57,0.18,
GB7HI,70CM,DVU59,439.737500,430.737500,MULTI,IO64XN,LISBURN,BT28,NI,1,GI6DKQ,54.50,-6.10,
GB7HM,70CM,DVU51,439.637500,430.637500,DMR,IO83LC,CAERGWRLE,LL12,WM,1,G1SYG,53.10,-3.10,
GB7HN,70CM,RU70,430.875000,438.475000,AV,IO83RL,LEIGH,WN7,NOR,82.5,M0HOY,53.48,-2.54,
GB7HR,70CM,DVU36,439.450000,430.450000,DMR,IO91SL,HEATHROW,TW6,SE,3,G0OXZ,51.47,-0.46,
GB7HS,70CM,DVU34,439.425000,430.425000,DMR,IO83XR,HEPTONSTALL,HX7,NOR,2,G1XCC,53.75,-2.02,
GB7HT,70CM,DVU59,439.737500,430.737500,DMR,IO95FE,ASHINGTON,NE63,NOR,10,G4NAB,55.20,-1.50,
GB7HU,70CM,DVU39,439.487500,430.487500,DSTAR,IO93RS,SOUTH CAVE,HU15,NOR,,G0VRM,53.78,-0.55,
GB7HX,70CM,DVU46,439.575000,430.575000,MULTI,IO93BP,HUDDERSFIELD,HD7,NOR,1,G0ISX,53.65,-1.87,
GB7IC-A,23CM,23CM,1290.650000,1270.650000,DSTAR,JO01NI,HERNE BAY,CT6,SE,,G4TKR,51.36,1.15,
GB7IC-B,70CM,DVU36,439.450000,430.450000,DSTAR,JO01NI,HERNE BAY,CT6,SE,,G4TKR,51.36,1.15,
GB7IC-C,2M,RV53,145.662500,145.062500,MULTI,JO01NI,HERNE BAY,CT6,SE,,G4TKR,51.36,1.15,
GB7IE,2M,RV54,145.675000,145.075000,MULTI,IO70WJ,PLYMOUTH,PL3,SW,77,G1LOE,50.39,-4.11,
GB7II,70CM,DVU36,439.450000,430.450000,DMR,IO77UL,INVERNESS,IV3,SCOT,3,GM6GRE,57.48,-4.26,
GB7IK,70CM,DVU43,439.537500,430.537500,DMR,JO01FJ,ROCHESTER,ME2,SE,3,G6CKK,51.40,0.49,
GB7IL,2M,RV53,145.662500,145.062500,DMR,IO77UL,INVERNESS,IV3,SCOT,5,GM6GRE,57.48,-4.26,
GB7IN,70CM,DVU52,439.650000,430.650000,DMR,IO93GD,ALFRETON,S45,MIDL,1,G0LCG,53.13,-1.47,
GB7IP,2M,RV52,145.650000,145.050000,DMR,IO92KP,LEICESTER,LE1,MIDL,1,M1FJB,52.64,-1.13,
GB7IS,70CM,DVU43,439.537500,430.537500,FUSION,IO81MH,WESTON-SUPER-MARE,BS24,SW,,G4SZM,51.32,-2.95,
GB7IT,70CM,DVU41,439.512500,430.512500,DMR,IO81MH,WESTON-SUPER-MARE,BS24,SW,1,G4SZM,51.32,-2.95,
GB7IV,2M,RV62,145.775000,145.175000,DSTAR,IO90IV,SOUTHAMPTON,SO19,SW,,G4MYS,50.90,-1.33,
GB7JB,70CM,DVU37,439.462500,430.462500,DMR,IO81TB,WINCANTON,BA9,SW,1,G3ZXX,51.06,-2.41,
GB7JD,70CM,DVU33,439.412500,430.412500,MULTI,IO85RL,JEDBURGH,TD8,SCOT,1,GM4UPX,55.48,-2.55,
GB7JF,70CM,DVU51,439.637500,430.637500,DSTAR,IO92NE,NORTHAMPTON,NN7,MIDL,,G1IRG,52.17,-0.87,
GB7JI,70CM,RU68,430.850000,438.450000,DSTAR,IN89WE,ST HELIER,JE4,SW,2,GJ8PVL,49.20,-2.12,
GB7JL,70CM,RU77,430.962500,438.562500,MULTI,IO83QL,WIGAN,WA3,NOR,82.5,G1EFU,53.48,-2.58,
GB7JM,70CM,DVU47,439.587500,430.587500,MULTI,JO03BI,ALFORD,LN13,MIDL,3,M0AQC,53.34,0.15,
GB7KB,2M,RV52,145.650000,145.050000,DMR,JO00CX,HEATHFIELD,TN21,SE,3,G1ERJ,50.97,0.22,
GB7KD,70CM,DVU55,439.687500,430.687500,DMR,JO00DV,HAILSHAM,BN27,SE,3,G1ERJ,50.90,0.28,
GB7KK,70CM,RU74,430.925000,438.525000,MULTI,IO65VE,BALLYCASTLE,BT54,NI,1,MI0CRR,55.19,-6.24,
GB7KL,70CM,RU70,430.875000,438.475000,MULTI,IO84RD,KIRKBY LONSDALE,LA6,NOR,110.9,M1JCB,54.16,-2.56,
GB7KN,70CM,DVU35,439.437500,430.437500,MULTI,IO85HV,EDINBURGH,EH27,SCOT,1,GM7HHB,55.90,-3.40,
GB7KP,70CM,DVU46,439.575000,430.575000,MULTI,IO74DM,COMBER,BT23,NI,1,GI0VKP,54.50,-5.70,
GB7KR,70CM,DVU-R24,430.300000,439.300000,DMR,IO82UJ,KIDDERMINSTER,DY11,WM,8,G0EWH,52.40,-2.30,
GB7KS,70CM,DVU-R20,430.250000,439.250000,DMR,IO81VR,STROUD,GL5,SW,2,G1MAW,51.70,-2.20,
GB7KT,70CM,DVU40,439.500000,430.500000,DMR,IO91GE,ANDOVER,SP10,SW,1,G8FHI,51.21,-1.49,
GB7KU,70CM,DVU42,439.525000,430.525000,MULTI,IO92TT,BOURNE,PE10,MIDL,5,G6SSN,52.83,-0.41,
GB7KY,70CM,DVU52,439.650000,430.650000,MULTI,IO86JC,KIRKCALDY,KY2,SCOT,1,GM0MMN,56.10,-3.20,
GB7LD,70CM,DVU35,439.437500,430.437500,DMR,IO83PQ,LEYLAND,PR25,NOR,15,M0XRS,53.70,-2.70,
GB7LE,70CM,DVU53,439.662500,430.662500,DMR,IO93FU,LEEDS,LS17,NOR,2,G1XCC,53.85,-1.53,
GB7LF,70CM,DVU43,439.537500,430.537500,DSTAR,IO84OA,LANCASTER,LA2,NOR,,G3VVT,54.03,-2.76,
GB7LK,70CM,RU65,430.812500,438.412500,DMR,IO70SM,LISKEARD,PL14,SW,5,G4RKY,50.51,-4.44,
GB7LL,70CM,DVU40,439.496875,430.496875,MULTI,IO82KW,LLANGOLLEN,LL20,WM,12,GW0NIS,53.00,-3.10,
GB7LN,70CM,DVU32,439.400000,430.400000,DMR,IO93RF,LINCOLN,LN1,MIDL,1,G0RZR,53.25,-0.54,
GB7LP,70CM,DVU32,439.400000,430.400000,DMR,IO83MK,LIVERPOOL,L4,NOR,1,M1SWB,53.44,-2.93,
GB7LR,70CM,DVU38,439.475000,430.475000,DMR,IO92IQ,LEICESTER,LE67,MIDL,1,M1FJB,52.69,-1.28,
GB7LS,70CM,DVU32,439.400000,430.400000,MULTI,IO85NO,GALASHIELS ,TD1,SCOT,,GM7LUN,55.60,-2.90,
GB7LV,2M,RV49,145.612500,145.012500,MULTI,IO85FV,LIVINGSTON,EH54,SCOT,1,GM7HHB,55.88,-3.53,
GB7LZ,70CM,RU73,430.912500,438.512500,MULTI,IO80CV,LAPFORD,EX17,SW,77.0,G4MQQ,50.88,-3.77,
GB7MB,70CM,DVU56,439.700000,430.700000,FUSION,IO84NB,MORECAMBE,LA4,NOR,,G0VGS,54.10,-2.80,
GB7MC,70CM,DVU43,439.537500,430.537500,MULTI,IO70NI,ST AUSTELL,PL26,SW,,M1DNS,50.30,-4.90,
GB7MD,70CM,DVU32,439.400000,430.400000,FUSION,IO80UT,BLANDFORD FORUM,DT11,SW,,M0RHS,50.82,-2.28,
GB7ME,70CM,DVU58,439.725000,430.725000,DMR,IO92JJ,RUGBY,CV21,MIDL,3,M0IJS,52.39,-1.25,
GB7MF,70CM,DVU54,439.675000,430.675000,MULTI,IO64QR,MAGHERAFELT,BT45,NI,3,MI0JPD,54.75,-6.61,
GB7MH,70CM,DVU51,439.637500,430.637500,MULTI,IO91WC,EAST GRINSTEAD,RH10,SE,2,G3NZP,51.10,-0.09,
GB7MJ,70CM,DVU51,439.637500,430.637500,DMR,IO91GA,ROMSEY,SO71,SW,5,G3KYG,51.01,-1.48,
GB7MK,70CM,DVU48,439.600000,430.600000,DMR,JO02OB,IPSWICH,IP4,SE,13,M1NIZ,52.06,1.20,
GB7MM,70CM,DVU60,439.750000,430.750000,MULTI,IO87BN,NAIRN,IV12,SCOT,5,GM0RML,57.58,-3.90,
GB7MN,70CM,DVU33,439.412500,430.412500,DMR,IO83XH,STOCKPORT,SK12,NOR,2,G8NSS,53.30,-2.00,
GB7MP,70CM,DVU60,439.750000,430.750000,MULTI,IO84NB,HEYSHAM,LA3,NOR,3,G6CRV,54.06,-2.89,
GB7MR,70CM,DVU59,439.737500,430.737500,DMR,IO83TP,BURY,BL8,NOR,2,G1XCC,53.60,-2.30,
GB7MS,2M,RV62,145.775000,145.175000,DMR,IO94EX,NEWCASTLE UPON TYNE,NE8 ,NOR,10,M0DMP,54.97,-1.60,
GB7MT,70CM,DVU53,439.662500,430.662500,FUSION,IO90IV,SOUTHAMPTON,SO19,SW,,G4MYS,50.90,-1.33,
GB7MW,70CM,DVU39,439.487500,430.487500,MULTI,IO74BS,CARRICKFERGUS,BT38,NI,15,GI6DKQ,54.80,-5.80,
GB7NA-A,23CM,RM12,1297.300000,1291.300000,DSTAR,IO93HN,BARNSLEY,S72,NOR,,G4LUE,53.57,-1.40,
GB7NA-B,70CM,DVU36,439.450000,430.450000,DSTAR,IO93HN,BARNSLEY,S72,NOR,,G4LUE,53.57,-1.40,
GB7NA-C,2M,RV54,145.675000,145.075000,DSTAR,IO93HN,BARNSLEY,S72,NOR,,G4LUE,53.57,-1.40,
GB7NB,70CM,DVU55,439.687500,430.687500,DSTAR,JO02PN,NORWICH,NR14,SE,,G0LGJ,52.57,1.33,
GB7ND,70CM,DVU33,439.412500,430.412500,DMR,JO02LM,GREAT ELLINGHAM,NR17,SE,1,G0LGJ,52.52,0.97,
GB7NE,70CM,DVU36,439.450000,430.450000,MULTI,IO95FE,ASHINGTON,NE64,NOR,3,G0UDZ,55.18,-1.52,
GB7NF,70CM,DVU39,439.487500,430.487500,DMR,JO00AS,NEWHAVEN,BN9,SE,1,G0TJH,50.79,0.04,
GB7NI,2M,RV60,145.750000,145.150000,MULTI,IO74BS,CARRICKFERGUS,BT38,NI,1,GI6DKQ,54.80,-5.80,
GB7NL,70CM,DVU37,439.462500,430.462500,DSTAR,IO80FR,EXETER,EX4,SW,,M0ZZT,50.74,-3.51,
GB7NM,2M,RV59,145.737500,145.137500,MULTI,JO02LM,ATTLEBOURGH,NR17,SE,,G0LGJ,52.52,0.97,
GB7NN,70CM,DVU60,439.750000,430.750000,FUSION,IO93KH,WORKSOP,S80,MIDL,,M0GET,53.30,-1.10,
GB7NR,70CM,DVU35,439.437500,430.437500,MULTI,IO92KX,NOTTINGHAM,NG3,MIDL,1,M0VUB,52.99,-1.11,
GB7NS,70CM,DVU13,439.162500,430.162500,DMR,IO91WG,CATERHAM,CR3,SE,3,G0OLX,51.27,-0.11,
GB7NT,70CM,RU74,430.925000,438.525000,MULTI,IO91IJ,NEWBURY,RG19,SW,118.8,G3WYW,51.38,-1.28,
GB7NV,70CM,RU66,430.825000,438.425000,MULTI,IO93JB,HUCKNALL,NG15,MIDL,1,M0NGT,53.10,-1.20,
GB7NW,70CM,DVU58,439.725000,430.725000,FUSION,IO91DN,SWINDON,SN3,SW,,G4XIB,51.57,-1.74,
GB7NY,70CM,DVU55,439.687500,430.687500,MULTI,IO64TE,BESSBROOK,BT35,NI,1,MI0PYN,54.20,-6.40,
GB7OK,2M,RV57,145.712500,145.112500,MULTI,IO91XJ,BECKENHAM,BR3,SE,3,G1HIG,51.40,-0.00,
GB7OR,70CM,DVU37,439.462500,430.462500,DMR,IO88LX,KIRKWALL,KW15,SCOT,1,GM4WMM,58.99,-3.03,
GB7PB,2M,RV53,145.662500,145.062500,DSTAR,IO94FR,DURHAM,DH6,NOR,,G7VIL,54.74,-1.53,
GB7PD,2M,RV59,145.737500,145.137500,MULTI,IO71OV,MAENCLOCHOG,SA66,WM,94.8,GW4OZU,51.92,-4.80,
GB7PE,70CM,DVU40,439.500000,430.500000,DMR,IO92TL,PETERBOROUGH,PE7,SE,3,M0ZPU,52.50,-0.35,
GB7PF,70CM,DVU51,439.637500,430.637500,DMR,IO80AN,PRINCETOWN,PL20,SW,3,G3XOU,50.58,-3.94,
GB7PI,70CM,DVU61,439.762500,430.762500,DSTAR,IO92XA,ROYSTON,SG8,SE,,M0ZPU,52.01,-0.00,
GB7PM,70CM,DVU35,439.437500,430.437500,FUSION,IO81PH,CHEDDAR,BS40,SW,,G4RKY,51.31,-2.72,
GB7PN,70CM,DVU34,439.425000,430.425000,DMR,IO83HH,PRESTATYN,LL18,WM,1,G4NOY,53.33,-3.38,
GB7PO,70CM,DVU59,439.737500,430.737500,FUSION,IO90KT,PORTSMOUTH,PO1,SW,,M0VMX,50.80,-1.10,
GB7PP,70CM,DVU35,439.437500,430.437500,MULTI,JO02MG,IPSWICH,IP14,SE,1,G0FEA,52.25,1.08,
GB7PR,70CM,U324,434.050000,434.050000,DV,IO83PS,PRESTON,PR1,NOR,,M0VXT,53.76,-2.69,
GB7PS,2M,RV55,145.687500,145.087500,DMR,IO90LT,PORTSMOUTH,PO1,SW,3,M0PPR,50.80,-1.10,
GB7PT,70CM,DVU57,439.712500,430.712500,MULTI,IO92XA,ROYSTON,SG8,SE,,M0ZPU,52.01,-0.00,
GB7PX,70CM,DVU62,439.775000,430.775000,MULTI,IO92XA,ROYSTON,SG8,SE,10,M0ZPU,52.01,-0.00,
GB7PY,70CM,RU74,430.925000,438.525000,DMR,JO02AF,CAMBRIDGE,CB23,SE,3,M0ZPU,52.22,0.04,
GB7RA,70CM,DVU52,439.650000,430.650000,MULTI,IO83LH,NESTON,CH64,NOR,5,M0ORA,53.30,-3.06,
GB7RB-C,2M,RV54,145.675000,145.075000,DSTAR,IO81GK,COWBRIDGE,CF71,WM,,GW6CUR,51.46,-3.42,
GB7RC,70CM,DVU-R21,430.262500,439.262500,DSTAR,IO81XW,CHELTENHAM,GL52,SW,,M0URF,51.90,-2.00,
GB7RD,70CM,DVU55,439.687500,430.687500,DMR,IO70XM,YELVERTON,PL20,SW,3,G1ZKJ,50.50,-4.10,
GB7RE,70CM,DVU57,439.712500,430.712500,DMR,IO93MH,RETFORD,DN22,MIDL,1,G0EAK,53.32,-0.93,
GB7RJ,70CM,DVU43,439.537500,430.537500,MULTI,IO82LW,CHIRK,LL14,WM,5,G7MHF,52.93,-3.05,
GB7RK,70CM,DVU35,439.437500,430.437500,MULTI,IO74AN,BELFAST,BT11,NI,3,MI5DAW,54.57,-6.00,
GB7RL,70CM,DVU62,439.775000,430.775000,MULTI,IO83RU,LONGRIDGE,PR3,NOR,10,G7TRL ,53.84,-2.58,
GB7RM,70CM,U324,434.050000,434.050000,DV,JO01CO,ROMFORD,RM3,SE,,M0UPM,51.60,0.21,
GB7RN,2M,RV51,145.637500,145.037500,DSTAR,IO90JT,FAREHAM,PO14,SW,,G3ZDF,50.83,-1.19,
GB7RO,70CM,DVU-R21,430.262500,439.262500,FUSION,IO83UQ,HASLINGDEN,BB4,NOR,,M0LMN,53.71,-2.31,
GB7RR,70CM,DVU49,439.612500,430.612500,DMR,IO92JX,NOTTINGHAM,NG16,MIDL,1,G0LCG,53.00,-1.20,
GB7RT,70CM,DVU33,439.412500,430.412500,DMR,IO91QJ,SUNNINGDALE,SL5,SW,3,M0HBK,51.40,-0.60,
GB7RV,70CM,DVU50,439.625000,430.625000,DMR,IO83ST,BLACKBURN,BB1,NOR,2,M0NWI,53.80,-2.50,
GB7RW,2M,RV48,145.600000,145.000000,MULTI,IO94SO,WHITBY,YO22,NOR,88.5,G4EQS,54.43,-0.57,
GB7RY,70CM,RU76,430.950000,438.550000,MULTI,JO00HW,RYE,TN31,SE,103.5,M0HOW,50.95,0.61,
GB7SA,70CM,DVU-R24,430.300000,439.300000,DMR,IO81CP,PORT TALBOT,SA12,WM,5,MW0IBF,51.60,-3.80,
GB7SB,70CM,DVU53,439.662500,430.662500,DMR,IO92AJ,BIRMINGHAM,B30,MIDL,5,M0UEM,52.40,-1.90,
GB7SC,70CM,DVU38,439.475000,430.475000,DMR,IO90QT,BOGNOR REGIS,PO22,SE,3,G0AFN,50.80,-0.63,
GB7SD,70CM,DVU33,439.412500,430.412500,DMR,IO80SQ,WEYMOUTH,DT3,SW,1,G3VPF,50.67,-2.46,
GB7SE,70CM,DVU38,439.475000,430.475000,DMR,JO01DM,THURROCK,RM15,SE,3,M0PFX,51.51,0.27,
GB7SF-C,2M,RV59,145.737500,145.137500,DSTAR,IO93GK,SHEFFIELD,S5,NOR,,M1ERS,53.42,-1.44,
GB7SG,2M,RV61,145.762500,145.162500,DMR,IO83MK,LIVERPOOL,L4,NOR,1,M1SWB,53.44,-2.93,
GB7SH,70CM,RU77,430.962500,438.562500,MULTI,IO93GK,SHEFFIELD,S5,NOR,71.9,M1ERS,53.42,-1.44,
GB7SI,70CM,DVU61,439.762500,430.762500,DMR,IO83WA,LEEK,ST8,MIDL,1,G8NSS,53.10,-2.10,
GB7SJ,70CM,RB07,433.175000,434.775000,MULTI,IO83RF,NORTHWICH,CW9,NOR,103.5,M0WTX,53.22,-2.52,
GB7SK,70CM,DVU37,439.462500,430.462500,DMR,IO92NO,LEICESTER,LE7,MIDL,1,M1FJB,52.62,-0.91,
GB7SM,70CM,DVU47,439.587500,430.587500,MULTI,IO86OE,ST MONANS,KY10,SCOT,1,MM0DXE,56.20,-2.80,
GB7SN,70CM,DVU54,439.675000,430.675000,DMR,IO93GH,SHEFFIELD,S8,NOR,1,M1ERS,53.33,-1.48,
GB7SO,70CM,DVU42,439.525000,430.525000,MULTI,IO90KT,GOSPORT,PO12,SW,1,G7CHO,50.81,-1.15,
GB7SP,70CM,DVU60,439.750000,430.750000,DMR,IO91CB,SALISBURY,SP2,SW,3,G8PCB,51.05,-1.79,
GB7SQ,70CM,DVU54,439.675000,430.675000,MULTI,IO85LU,DALKEITH,EH23,SCOT,1,MM1BJO,55.80,-3.00,
GB7SR,70CM,DVU51,439.637500,430.637500,DMR,IO93GK,SHEFFIELD,S6,NOR,2,M0GAV,53.43,-1.50,
GB7SS,70CM,DVU47,439.587500,430.587500,DMR,IO87IP,ELGIN,IV30,SCOT,1,GM7LSI,57.66,-3.31,
GB7ST,70CM,DVU36,439.450000,430.450000,DMR,IO83WA,STOKE ON TRENT,ST9,MIDL,1,G8NSS,53.00,-2.10,
GB7SU,70CM,DVU36,439.450000,430.450000,DMR,IO90IV,SOUTHAMPTON,SO19,SW,8,G4WFR,50.90,-1.33,
GB7SV,70CM,RB11,433.275000,434.875000,MULTI,IO91UW,HITCHIN,SG4,SE,82.5,G6YIQ,51.93,-0.25,
GB7SW,2M,RV51,145.637500,145.037500,DSTAR,IO81VL,CHIPPENHAM,SN14,SW,2,G0RMA,51.48,-2.17,
GB7SZ,70CM,RU75,430.937500,438.537500,AV,IO90AR,POOLE,BH12,SW,71.9,M1EZF,50.73,-1.94,
GB7TC,70CM,DVU42,439.525000,430.525000,DMR,IO91DL,SWINDON,SN8,SW,2,G8VRI,51.49,-1.70,
GB7TD,70CM,DVU13,439.162500,430.162500,DMR,IO93EP,WAKEFIELD,WF14,NOR,1,G1XCC,53.64,-1.66,
GB7TE,2M,RV62,145.775000,145.175000,DSTAR,JO01OT,CLACTON ON SEA,CO15,SE,,G0MBA,51.81,1.21,
GB7TF,70CM,DVU39,439.487500,430.487500,FUSION,IO91QT,TRING,HP23,SE,,G7HMV,51.80,-0.66,
GB7TH,70CM,DVU-R23,430.287500,439.287500,DMR,JO01QJ,MARGATE,CT9,SE,5,M0LMK,51.38,1.40,
GB7TM,70CM,DVU59,439.737500,430.737500,FUSION,JO02NH,EYE,IP23,SE,,G0JSV,52.30,1.08,
GB7TP,70CM,DVU55,439.687500,430.687500,MULTI,IO93CT,SHIPLEY,BD18,NOR,1,M0IRK,53.83,-1.80,
GB7TQ,70CM,RU71,430.887500,438.487500,MULTI,IO80FM,TORQUAY,TQ2,SW,94.8,G8XST,50.50,-3.53,
GB7TT,70CM,DVU40,439.503125,430.503125,NXDN,IO82RJ,LUDLOW,DY14,SW,,G1MAW,52.40,-2.60,
GB7TX,70CM,U321A,434.018750,434.018750,DV,JO02TK,BECCLES,NR34,SE,,M0JGX,52.44,1.60,
GB7TY,70CM,DVU49,439.612500,430.612500,MULTI,IO84XX,HEXHAM,NE46,NOR,10,G1HZI,54.99,-2.05,
GB7UL,70CM,DVU42,439.525000,430.525000,DMR,IO74BS,CARRICKFERGUS,BT38,NI,1,GI6DKQ,54.80,-5.80,
GB7VO,70CM,DVU56,439.700000,430.700000,MULTI,IO82QJ,TENBURY WELLS,SY8,WM,1,G8XYJ,52.38,-2.60,
GB7VT,70CM,,431.175000,431.175000,DMR,IO83WA,STOKE-ON-TRENT,ST9,MIDL,5,G8NSS,53.00,-2.10,
GB7WA,2M,RV55,145.687500,145.087500,MULTI,IO93WM,GRIMSBY,DN37,MIDL,2,G7EOG,53.52,-0.10,
GB7WB,70CM,DVU39,439.487500,430.487500,DSTAR,IO81MH,WESTON-SUPER-MARE,BS24,SW,2,G4SZM,51.32,-2.95,
GB7WC,70CM,DVU39,439.487500,430.487500,DSTAR,IO83QI,WARRINGTON,WA4,NOR,,G4VSS,53.34,-2.64,
GB7WD,70CM,DVU57,439.712500,430.712500,DMR,IO82WM,SEDGLEY,DY3,MIDL,11,G4VZO,52.50,-2.10,
GB7WF,70CM,DVU39,439.487500,430.487500,MULTI,IO82UJ,BEWDLEY,DY12,WM,13,G8OXG,52.40,-2.30,
GB7WH,70CM,DMU30,439.375000,430.375000,MULTI,IO83LB,WREXHAM,LL11,WM,110.9,M0XDR,53.10,-3.00,
GB7WI,70CM,DVU33,439.412500,430.412500,DMR,IO93TR,HULL,HU1,NOR,1,M0TTL,53.74,-0.33,
GB7WK,70CM,DVU41,439.512500,430.512500,MULTI,IO91QH,WOKING,GU21,SE,15,M0MXC,51.30,-0.60,
GB7WL,70CM,DVU37,439.462500,430.462500,DMR,IO91QP,AMERSHAM,HP7,SW,3,M0ZPU,51.65,-0.62,
GB7WM,70CM,DVU55,439.687500,430.687500,FUSION,IO83SM,ASTLEY,M29,NOR,,G4WLI,53.51,-2.47,
GB7WN,70CM,DVU60,439.750000,430.750000,DMR,IO82XP,WOLVERHAMPTON,WV11,MIDL,8,G8NDT,52.63,-2.08,
GB7WR,70CM,DVU37,439.462500,430.462500,MULTI, IO82UB,GREAT MALVERN,WR14,MIDL,,M0XZS,52.08,-2.33,
GB7WT,70CM,DVU48,439.600000,430.600000,MULTI,IO64HQ,OMAGH,BT78,NI,1,GI3NVW,54.69,-7.40,
GB7WV,70CM,DVU55,439.687500,430.687500,DMR,IO92NL,MARKET HARBOROUGH,LE16,MIDL,2,G1IVG,52.48,-0.90,
GB7WX,70CM,DVU41,439.512500,430.512500,MULTI,IO83OE,TARVIN,CH3,NOR,3,G7NEH,53.19,-2.77,
GB7WY,70CM,DVU41,439.512500,430.512500,DSTAR,IO93FR,WAKEFIELD,WF3,NOR,,M0DUB,53.72,-1.54,
GB7XG,70CM,RU70,430.875000,438.475000,MULTI,IO86JF,GLENROTHES,KY7,SCOT,1,MM0DXE,56.20,-3.20,
GB7XX,70CM,DVU37,439.462500,430.462500,DMR,IO94FW,FELLING,NE10,NOR,10,G4MSF,54.95,-1.57,
GB7XY,70CM,DVU34,439.425000,430.425000,DMR,IO94EX,NEWCASTLE UPON TYNE,NE8,NOR,10,M0DMP,54.97,-1.60,
GB7YI,70CM,DVU46,439.575000,430.575000,DMR,IO84WX,HEXHAM,NE46,NOR,10,G1HZI,54.97,-2.10,
GB7YJ,70CM,DVU47,439.587500,430.587500,DMR,IO92FH,LEAMINGTON SPA,CV32,MIDL,3,G4USP,52.30,-1.51,
GB7YL,2M,RV63,145.787500,145.187500,DMR,JO02UL,LOWESTOFT,NR32,SE,1,M0JGX,52.47,1.74,
GB7YR,70CM,DVU42,439.525000,430.525000,DMR,IO93LM,DONCASTER,DN3,NOR,2,M1DAH,53.54,-1.06,
GB7YZ,70CM,DVU38,439.475000,430.475000,MULTI,IO83JE,MOLD,CH7,WM,,M0WTX,53.19,-3.18,
GB7ZE,70CM,RB02,433.050000,434.650000,MULTI,JO00GU,HASTINGS,TN37,SE,3,M0JBR,50.87,0.56,
GB7ZP,70CM,DVU39,439.487500,430.487500,DSTAR,JO01FS,CHELMSFORD,CM1,SE,,G0URK,51.76,0.49,
MB6AB,2M,2M,144.825000,144.825000,DSTAR,IO81LP,CWMBRAN,NP44,WM,,MW0YAC,51.64,-3.04,
MB6AE,2M,2M,144.837500,144.837500,DSTAR,IO81GR,ABERDARE,CF44,WM,,MW0PJJ,51.71,-3.42,
MB6AF,2M,,144.825000,144.825000,MULTI,IO87PC,LUMPHANAN,AB31,SCOT,5,MM0XAF,57.12,-2.70,
MB6AN,2M,,144.825000,144.825000,FUSION,IO84IX,ANNAN,DG12,SCOT,,GM4WHA,54.98,-3.25,
MB6AV,2M,,144.812500,144.812500,MULTI,IO81DP ,PORT TALBOT,SA12,WM,5,MW0TTF ,51.64,-3.75,
MB6BA,2M,2M,144.862500,144.862500,DSTAR,IO81IK,BARRY,CF62,WM,,MW0RUH,51.42,-3.27,
MB6BB,2M,,144.850000,144.850000,FUSION,IO81IW,BRECON,LD3,WM,,2W0LPU,51.90,-3.30,
MB6BC,2M,,144.887500,144.887500,DMR,IO87WD,ABERDEEN,AB10,SCOT,5,GM0NRT,57.13,-2.12,
MB6BH,2M,2M,144.825000,144.825000,MULTI,IO83LJ,BIRKENHEAD,CH41,NOR,,M1EIV,53.39,-3.03,
MB6BK,2M,,144.837500,144.837500,MULTI,IO91PK,BRACKNELL,RG12,SW,3,G0NEF,51.40,-0.70,
MB6BT,2M,2M,144.825000,144.825000,MULTI,JO01RI,BROADSTAIRS,CT1,SE,5,M0LMK,51.36,1.44,
MB6BY,2M,,144.837500,144.837500,FUSION,IO93SU,BEVERLEY,HU17,NOR,,G7TYT,53.84,-0.42,
MB6CB,2M,2M,144.837500,144.837500,MULTI,JO02BF,CAMBRIDGE,CB3,SE,6,G0ANV,52.20,0.10,
MB6CC,2M,2M,144.850000,144.850000,MULTI,IO70NJ,ST AUSTELL,PL26,SW,1,M1AEG,50.38,-4.85,
MB6CF,2M,,144.850000,144.850000,MULTI,IO83TS,ACCRINGTON,BB5,NOR,5,2E0NTO,53.77,-2.39,
MB6DE,2M,2M,144.825000,144.825000,DSTAR,JO02LQ,DEREHAM,NR19,SE,,G0LGJ,52.68,0.93,
MB6DF,2M,2M,144.850000,144.850000,DSTAR,IO83WL,DUKINFIELD,SK1,NOR,,M0CSN,53.47,-2.08,
MB6DH,2M,2M,144.812500,144.812500,FUSION,IO92WI,ST IVES,PE28,SE,,2E0CUB,52.35,-0.11,
MB6DL,2M,,144.812500,144.812500,FUSION,IO84CW,DALBEATTIE,DG5,SCOT,,MM1BHO,54.93,-3.83,
MB6DN,2M,,144.825000,144.825000,FUSION,IO71VA,BIDEFORD,EX39,SW,,M0MFS,51.01,-4.21,
MB6DT,2M,2M,144.812500,144.812500,FUSION,IO71XB,BARNSTAPLE,EX32,SW,,2E0LVC,51.07,-4.05,
MB6DY,2M,,144.862500,144.862500,MULTI,IO65JA,LONDONDERRY,BT47,NI,3,GI0LDI,55.02,-7.17,
MB6EG,2M,2M,144.862500,144.862500,DSTAR,IO91XC,EAST GRINSTEAD,RH19,SE,,G7KBR,51.10,-0.00,
MB6ER,2M,2M,144.862500,144.862500,MULTI,IO87VD,ABERDEEN,AB16,SCOT,5,GM7KBK,57.15,-2.17,
MB6EY,2M,2M,144.825000,144.825000,MULTI,JO03NA,WITHERNSEA ,HU19,NOR,5,G4SJI,53.72,0.03,
MB6FP,2M,2M,144.850000,144.850000,FUSION,IO87WC,ABERDEEN,AB12,SCOT,,2M0FPI,57.12,-2.10,
MB6FS,2M,,144.812500,144.812500,FUSION,IO87TG,INVERURIE,AB51,SCOT,,GM1FSZ,57.29,-2.41,
MB6FT,2M,2M,144.825000,144.825000,FUSION,IO80IR,OTTERY ST MARY,EX11,SW,,2E0KVJ,50.73,-3.29,
MB6FU,2M,2M,144.837500,144.837500,MULTI,IO87BN,NAIRN,IV12,SCOT,7,GM0RML,57.58,-3.90,
MB6GG,2M,,144.850000,144.850000,FUSION,IO90ST,WORTHING,BN12,SE,,G6JVT,50.82,-0.42,
MB6GL,2M,2M,144.812500,144.812500,MULTI,IO85NO,GALASHIELS,TD1,SCOT,3,GM7LUN,55.60,-2.90,
MB6GO,2M,2M,144.825000,144.825000,FUSION,IO83WN,ROYTON,OL2,NOR,,G0BJR,53.57,-2.12,
MB6GR,2M,,144.875000,144.875000,FUSION,IO83PM,WIGAN,WN,NOR,,M1DYU,53.51,-2.71,
MB6GW,2M,,144.812500,144.812500,MULTI,IO94FV,WASHINGTON,NE37,NOR,10,G1LBU,54.92,-1.51,
MB6HA,2M,,144.812500,144.812500,FUSION,IO91UU,KIMPTON,SG4,SE,,G7HMV,51.85,-0.29,
MB6HG,2M,,144.862500,144.862500,MULTI,IO83OO,ORMSKIRK,L40,NOR,,G7EVY,53.60,-2.83,
MB6HU,2M,,144.850000,144.850000,MULTI,JO02FV,HEACHAM,PE31,SE,10,G1SCQ,52.91,0.48,
MB6HZ,2M,,144.837500,144.837500,MULTI,IO64HT,STRABANE,BT82,NI,5,MI0HOZ,54.80,-7.40,
MB6IAD,70CM,,431.075000,431.075000,FUSION,IO90ER,MILFORD-ON-SEA,SO41,SW,,M0VBD,50.73,-1.62,
MB6IAR,70CM,,431.087500,431.087500,FUSION,IO75OP,ARDROSSAN,KA22,SCOT,,MM0OVD,55.65,-4.81,
MB6IAZ,70CM,,433.637500,433.637500,FUSION,IO92NG,NORTHAMPTON,NN3,MIDL,,2E0WSJ,52.26,-0.86,
MB6IBD,70CM,,431.137500,431.137500,DSTAR,JO02HK,BRANDON,IP27,SE,,G4WXN,52.40,0.60,
MB6IBG,70CM,,431.137500,431.137500,FUSION,IO74DP,BANGOR,BT19,NI,,MI0WHX,54.66,-5.71,
MB6IBN,70CM,,431.112500,431.112500,FUSION,IO83SO,BOLTON,BL1,NOR,,G7ROM,53.58,-2.45,
MB6IBS,70CM,,434.487500,434.487500,FUSION,IO91KG,BASINGSTOKE,RG24,SW,,M0MEI,51.28,-1.12,
MB6IBZ,70CM,,431.087500,431.087500,DMR,IO93KH,WORKSOP,S80,MIDL,5,2E0KBZ,53.31,-1.12,
MB6ICD,70CM,,431.112500,431.112500,FUSION,IO94IL,YARM,TS15,NOR,,2E0ECD,54.46,-1.32,
MB6ICG,70CM,,431.112500,431.112500,MULTI,IO81KM,CARDIFF,CF23,WM,3,GW6CUR,51.52,-3.15,
MB6ICH,70CM,,431.075000,431.075000,FUSION,IO93HG,CHESTERFIELD,S43,MIDL,,G7OQH,53.27,-1.40,
MB6ICM,70CM,,431.087500,431.087500,FUSION,IO81EP,MAESTEG,CF34,WM,,MW0ODY,51.63,-3.66,
MB6IDF,70CM,,431.075000,431.075000,DSTAR,IO86GB,DUNFERMLINE,KY12,SCOT,,GM6CMQ,56.08,-3.47,
MB6IDG,70CM,,431.087500,431.087500,MULTI,IO75RX,ALEXANDRIA,G83,SCOT,5,2M0JUM,56.00,-4.60,
MB6IDR,70CM,,431.075000,431.075000,FUSION,IO94ET,DURHAM CITY,DH7,NOR,,2E0WET,54.82,-1.63,
MB6IEA,70CM,,434.475000,434.475000,FUSION,IO91HI,NEWBURY,RG14,SE,,M0JOW,51.37,-1.35,
MB6IEV,70CM,,431.137500,431.137500,DMR,IO92AC,EVESHAM,WR11,MIDL,5,M0MST,52.10,-1.90,
MB6IFQ,70CM,,431.100000,431.100000,FUSION,IO71XO,SWANSEA,SA2,WM,,GW8VFQ,51.62,-4.02,
MB6IGC,70CM,,431.125000,431.125000,DSTAR,IO93FI,SHEFFIELD,S10,NOR,,G4CUI,53.37,-1.55,
MB6IGK,70CM,,434.512500,434.512500,FUSION,JO01GJ,GILLINGHAM,ME7,SE,,2E0JTP,51.39,0.54,
MB6IJC ,70CM,,431.112500,431.112500,FUSION,IO92FR,ASHBY DE LA ZOUCH,DE12,MIDL,,G1YBM,52.70,-1.50,
MB6IKS,70CM,,431.125000,431.125000,FUSION,IO92AQ,CANNOCK,WS12,MIDL,,M1CYR,52.70,-2.00,
MB6IKT,70CM,,434.487500,434.487500,FUSION,IO92PJ,KETTERING,NN15,MIDL,,G0ATV,52.39,-0.69,
MB6IKW,70CM,,431.087500,431.087500,MULTI,IO92FI,KENILWORTH,CV8,MIDL,5,G1KEA,52.35,-1.57,
MB6ILC,70CM,,431.137500,431.137500,DMR,IO93SF,LINCOLN,LN4,MIDL,5,2E0HGU,53.22,-0.47,
MB6ILK,70CM,,431.112500,431.112500,MULTI,IO92IX,ILKESTON,DE,MIDL,5,M0WCA,52.99,-1.32,
MB6ILN,70CM,,431.112500,431.112500,MULTI,IO93RE,LINCOLN,LN5,MIDL,5,G7RUP,53.20,-0.55,
MB6ILO,70CM,,431.087500,431.087500,MULTI,JO02VL,LOWESTOFT,NR32,SE,5,M0JGX,52.50,1.80,
MB6IMD,70CM,,433.662500,433.662500,FUSION,JO01IS,MALDON,CM9,SE,,M1DOZ,51.79,0.70,
MB6IMF,70CM,,431.112500,431.112500,FUSION,IO87KO,FOCHABERS,IV32,SCOT,,2M0JVR,57.61,-3.10,
MB6IMG,70CM,,431.087500,431.087500,FUSION,IO64QR,MAGHERAFELT,BT45,NI,,MI0JPD,54.75,-6.61,
MB6IMK,70CM,,433.662500,433.662500,FUSION,IO92OB,MILTON KEYNES,MK13,MIDL,,2E0KOA,52.10,-0.80,
MB6IML,70CM,,431.100000,431.100000,FUSION,IO93GC,MATLOCK,DE4,MIDL,,G6JNZ,53.09,-1.48,
MB6IMO,70CM,,431.087500,431.087500,DMR,IO85WU,EYEMOUTH,TD14,SCOT,3,GM7LNO,55.87,-2.10,
MB6IMU,70CM,,431.087500,431.087500,MULTI,IO81JP,YSTRAD MYNACH,CF82,WM,5,MW0MAU,51.64,-3.24,
MB6IMW,70CM,,431.087500,431.087500,FUSION,IO83WG,MACCLESFIELD,SK10,NOR,,M0PAI,53.26,-2.12,
MB6IND,70CM,,434.512500,434.512500,FUSION,JO01OW,HARWICH,CO12,SE,,G4NDR,51.93,1.25,
MB6IOG,70CM,,431.075000,431.075000,MULTI,IO82UD,MALVERN,WR14,WM,5,M0OPG,52.13,-2.31,
MB6IOK,70CM,,431.125000,431.125000,FUSION,IO83NN,ORMSKIRK,L39,NOR,,G7LFC,53.56,-2.90,
MB6IOX,70CM,,434.512500,434.512500,FUSION,IO91LM,READING,RG8,SW,,G0TKV,51.53,-1.07,
MB6IPA,70CM,,431.100000,431.100000,MULTI,IO83PQ,PRESTON,PR2,NOR,3,G7TRL,53.79,-2.75,
MB6IPD,70CM,,431.100000,431.100000,MULTI,IO93EQ,DEWSBURY,WF12,NOR,5,M0XZT,53.70,-1.60,
MB6IPG,70CM,,431.125000,431.125000,DMR,IO72WW,PORTHMADOG,LL49,WM,5,MW0GSR,52.93,-4.13,
MB6IPO,70CM,,431.075000,431.075000,MULTI,IO81HO,PORTH,CF3,WM,3,2W0YMS,51.60,-3.40,
MB6IPP,70CM,,434.487500,434.487500,FUSION,JO02OB,KESGRAVE,IP,SE,,G8HUE,52.06,1.22,
MB6IRN,70CM,,431.075000,431.075000,FUSION,IO83QQ,LEYLAND,PR25,NOR,,M0MZR,53.70,-2.66,
MB6IRT,70CM,,434.500000,434.500000,FUSION,IO91MK,READING,RG,SW,,G4FLY,51.45,-0.98,
MB6ISC,70CM,,433.650000,433.650000,FUSION,IO91MM,READING,RG4,SW,,G0JMS,51.52,-0.98,
MB6ISF,70CM,,431.112500,431.112500,FUSION,IO93GH,SHEFFIELD,S8,NOR,,M0KSP,53.30,-1.50,
MB6ISK,70CM,,431.075000,431.075000,FUSION,IO83WK,STOCKPORT,SK6,NOR,,2E0JLC,53.40,-2.10,
MB6ISM,70CM,,431.087500,431.087500,MULTI,IO80JQ,SIDMOUTH,EX10,SW,2,G1IAR,50.70,-3.24,
MB6ISV,70CM,,431.137500,431.137500,FUSION,IO83PG,FRODSHAM,WA6,NOR,,G1JPV,53.30,-2.70,
MB6ITA,70CM,,431.075000,431.075000,DMR,JO02QP,THORPE ST ANDREW,NR7,SE,5,M0ZAH,52.60,1.30,
MB6ITT,70CM,,431.137500,431.137500,FUSION,IO93MO,THORNE,DN8,NOR,,M0VYC,53.60,-0.96,
MB6IUK,70CM,,431.075000,431.075000,FUSION,IO92AO,WALSALL,WS3,MIDL,,G7CST,52.60,-2.00,
MB6IWH,70CM,,431.100000,431.100000,FUSION,IO80WR,WAREHAM,BH20,SW,,2E0NVL,50.72,-2.16,
MB6IWO,70CM,,431.075000,431.075000,FUSION,IO72QB,CARDIGAN,SA43,WM,,MW0WOO,52.06,-4.63,
MB6IWR,70CM,,431.112500,431.112500,MULTI,IO82UE,WORCESTER,WR2,WM,5,M0SPF,52.20,-2.30,
MB6IWX,70CM,,431.075000,431.075000,FUSION,IO74BQ,GREENISLAND,BT37,NI,,GI4RNP,54.68,-5.91,
MB6IYL,70CM,,431.100000,431.100000,FUSION,IO83OE,CHESTER,CH3,NOR,,G0DYL,53.19,-2.76,
MB6JD,2M,2M,144.825000,144.825000,MULTI,IO85RL,JEDBURGH,TD8,SCOT,5,GM4UPX,55.48,-2.55,
MB6JS,2M,,144.887500,144.887500,MULTI,IO86AC,STIRLING,FK7,SCOT,5,GM0WUQ,56.10,-3.90,
MB6KA,2M,,144.850000,144.850000,MULTI,IO64RW,KILREA,BT51,NI,3,MI0AAZ,54.96,-6.56,
MB6LB,2M,,144.825000,144.825000,FUSION,IO64XM,LISBURN,BT28,NI,,MI0JLC,54.50,-6.10,
MB6LV,2M,,144.850000,144.850000,DSTAR,IO83MK,LIVERPOOL,L20,NOR,,2E0BCI,53.44,-2.98,
MB6LY,2M,2M,144.850000,144.850000,FUSION,IO64IX,LONDONDERRY,BT47,NI,,GI4YWT,54.99,-7.30,
MB6NG,2M,2M,144.837500,144.837500,MULTI,IO93JA,NOTTINGHAM,NG,MIDL,7,M0GLJ,53.00,-1.20,
MB6NH,2M,,144.825000,144.825000,FUSION,IO92MG,NORTHAMPTON,NN5,MIDL,,G7SYT,52.26,-0.95,
MB6NL,2M,2M,144.837500,144.837500,FUSION,IO82VX,NEWCASTLE UNDER LYME,ST,MIDL,,M0MVK,53.00,-2.20,
MB6NM,2M,2M,144.837500,144.837500,FUSION,JO01FN,BASILDON,SS16,SE,,G8OSG,51.56,0.46,
MB6NY,2M,2M,144.850000,144.850000,FUSION,IO94JC,EASINGWOLD,YO61,NOR,,G1JKE,54.12,-1.19,
MB6OM,2M,2M,144.812500,144.812500,FUSION,IO64KO,OMAGH,BT79,NI,,MI1CCU,54.58,-7.14,
MB6PW,2M,2M,144.812500,144.812500,FUSION,IO83PK,ST HELENS,WA9,NOR,,M0JFK,53.44,-2.72,
MB6RI,2M,2M,144.812500,144.812500,FUSION,IO90CU,RINGWOOD,BH24,SW,,2E0KCL,50.84,-1.78,
MB6RK,2M,2M,144.812500,144.812500,MULTI,IO74AN,BELFAST,BT1,NI,,MI5DAW,54.57,-6.00,
MB6RL,2M,2M,144.850000,144.850000,MULTI,IO81JN,CAERPHILLY,CF83,WM,2,GW6WTK,51.57,-3.23,
MB6RO,2M,,144.887500,144.887500,MULTI,IO83UQ,HASLINGDEN,BB4,NOR,5,M0LMN,53.71,-2.31,
MB6RU,2M,,144.850000,144.850000,FUSION,IO82XR,HEDNESFORD,WS12,MIDL,,G0DUQ,52.70,-2.00,
MB6RY,2M,2M,144.812500,144.812500,FUSION,IO94DJ,RICHMOND,DL10,NOR,,M1SDE,54.40,-1.72,
MB6SA,2M,2M,144.850000,144.850000,FUSION,IO81BR,PONTARDAWE,SA8,WM,,MW0RDF,51.73,-3.86,
MB6SF,2M,2M,144.812500,144.812500,DSTAR,IO93GH,SHEFFIELD,S8,NOR,,M0KSP,53.30,-1.50,
MB6SL,2M,2M,144.812500,144.812500,FUSION,IO93SA,SLEAFORD ,NG34,MIDL,,2E0ENN,53.04,-0.49,
MB6SN,2M,,144.812500,144.812500,FUSION, IO80LR,SEATON,EX13,SW,,2E0MHR,50.72,-3.08,
MB6SR,2M,,144.812500,144.812500,FUSION,IO82VV,STAFFORD,ST15,MIDL,,G4NJR,52.89,-2.20,
MB6ST,2M,2M,144.837500,144.837500,DSTAR,IO87UE,ABERDEEN,AB21,SCOT,,MM0SJT,57.20,-2.26,
MB6SW,2M,2M,144.837500,144.837500,FUSION,JO02FS,KINGS LYNN,PE30,SE,,G8KOC,52.78,0.43,
MB6SY,2M,,144.825000,144.825000,FUSION,IO82PQ,SHREWSBURY,SY3,MIDL,,G6UYG,52.69,-2.74,
MB6TB,2M,,144.825000,144.825000,MULTI,IO81VH,BATH,BA14,SW,5,M0JVY,51.31,-2.20,
MB6TD,2M,,144.862500,144.862500,FUSION,IO91DN,SWINDON,SN3,SW,,G4XIB,51.57,-1.74,
MB6TN,2M,,144.812500,144.812500,FUSION,IO75QN,TROON,KA,SCOT,,GM7IUF,55.58,-4.59,
MB6TS,2M,,144.825000,144.825000,FUSION,IO93FL,STOCKSBRIDGE,S36,NOR,,G5HVH,53.50,-1.60,
MB6UE,2M,2M,144.812500,144.812500,FUSION,IO81VK,CORSHAM,SN13,SW,,G0IUE,51.40,-2.20,
MB6VB,2M,2M,144.812500,144.812500,FUSION,IO93HW,WETHERBY,LS22,NOR,,M0VAF,53.94,-1.39,
MB6WL,2M,,144.812500,144.812500,FUSION,IO92OB,MILTON KEYNES,MK12,MIDL,,2E0ORE,52.06,-0.81,
MB6WS,2M,,144.837500,144.837500,FUSION,IO82VE,WORCESTER,WR2,MIDL,,M1AEC,52.18,-2.24,
MB6XY,2M,2M,144.850000,144.850000,FUSION,IO92VC,BIGGLESWADE,SG18,SE,,G4OXY,52.08,-0.19,
MB6YM,2M,,144.812500,144.812500,MULTI,IO81IP,YSTRAD MYNACH,CF82,WM,5,MW0IQZ,51.66,-3.26,
MB6ZZ,2M,2M,144.812500,144.812500,DSTAR,JO01FO,BASILDON,SS14,SE,,M0SSK,51.58,0.50,
MB7AAB,70CM,,430.075000,430.075000,AV,IO94GX,NEWCASTLE UPON TYNE,NE31,NOR,118.8,M0OMT,54.96,-1.50,
MB7AAS,70CM,,430.037500,430.037500,AV,JO02QF,FRAMLINGHAM,IP13,SE,110.9,G1NRL,52.23,1.33,
MB7ABB,70CM,,430.025000,430.025000,AV,IO92HB,BANBURY,OX16,MIDL,67.0,G4TXA,52.05,-1.36,
MB7ABG,70CM,,430.050000,430.050000,AV,IO82XI,BROMSGROVE,B60,MIDL,67.0,G4BBU,52.40,-2.00,
MB7ABR,4M,4M,70.412500,70.412500,AV,JO01AK,BROMLEY,BR1,SE,103.5,G0WYG,51.43,0.01,
MB7ABW,4M,4M,70.412500,70.412500,AV,IO93HO,WAKEFIELD ,WF4,NOR,82.5,M0YDG,53.62,-1.41,
MB7ABY,70CM,,430.050000,430.050000,AV,IO93FO,BARNSLEY,S75,NOR,71.9,M1LOU,53.59,-1.51,
MB7ADT,4M,4M,70.362500,70.362500,AV,IO92SA,AMPTHILL,MK45,MIDL,77.0,G4FKI,52.03,-0.49,
MB7AEG,70CM,,430.012500,430.012500,AV,IO91QJ,SUNNINGDALE,SL5,SW,77.0,M0HBK,51.40,-0.60,
MB7AGF,70CM,,430.012500,430.012500,AV,IO83XM,OLDHAM,OL3,NOR,82.5,G3SNA,53.54,-2.00,
MB7AGS,70CM,,430.025000,430.025000,AV,IO83EG,ABERGELE,LL22,WM,110.9,MW0PUG,53.30,-3.60,
MB7AHC,70CM,,430.062500,430.062500,AV,IO72WU,HARLECH,LL46,WM,110.9,2W0LGG,52.86,-4.11,
MB7AHE,70CM,,430.075000,430.075000,AV,JO02FV,HEACHAM,PE31,SE,94.8,G1SCQ,52.91,0.48,
MB7AJS,70CM,,430.075000,430.075000,AV,IO92BQ,BURNTWOOD,WS7,MIDL,103.5,G6OTZ,52.70,-1.90,
MB7AKE,4M,4M,70.412500,70.412500,AV,IO75UV,GLASGOW,G61,SCOT,103.5,GM7SVK,55.90,-4.30,
MB7AKL,70CM,,430.050000,430.050000,AV,IO81WL,CHIPPENHAM,SN15,SW,118.8,G6HUI,51.49,-2.11,
MB7AKX,70CM,,430.012500,430.012500,AV,IO82LI,KNIGHTON,LD7,WM,103.5,MW0LKX,52.34,-3.05,
MB7ALB,70CM,,430.062500,430.062500,AV,IO93HK,ROTHERHAM,S65,NOR,71.9,G4NJI,53.44,-1.33,
MB7ALC,70CM,,430.037500,430.037500,AV,IO93IL,MEXBOROUGH,S64,NOR,71.9,G0VUH,53.48,-1.33,
MB7ALE ,70CM,,430.075000,430.075000,AV,IO83QR,PRESTON ,PR5,NOR,110.9,G0MXU ,53.71,-2.64,
MB7ALF,70CM,,430.012500,430.012500,AV,IO93VV,HORNSEA,HU18,NOR,88.5,M0FLF,53.91,-0.17,
MB7ALV,70CM,,430.062500,430.062500,AV,IO83LL,LIVERPOOL,L21,NOR,94.8,G7OEA,53.46,-3.00,
MB7AME,70CM,,430.025000,430.025000,AV,IO81HS,MERTHYR TYDFIL,CF48,WM,88.5,GW0UXJ,51.76,-3.40,
MB7AMH,70CM,,430.025000,430.025000,AV,IO81WI,MELKSHAM,SN12,SW,71.9,2E0MHG,51.40,-2.10,
MB7AMS,4M,4M,70.387500,70.387500,AV,JO01AP,LOUGHTON,IG10,SE,110.9,2E0EMO,51.70,0.70,
MB7AMS,70CM,,430.025000,430.025000,AV,JO01AP,LOUGHTON,IG10,SE,110.9,2E0EMO,51.70,0.70,
MB7AMT,70CM,,430.037500,430.037500,AV,IO92ML,MARKET HARBOROUGH,LE1,MIDL,103.5,2E0XVX,52.49,-0.93,
MB7ANL,70CM,,430.062500,430.062500,AV,IO82VX,NEWCASTLE UNDER LYME,ST,MIDL,77.0,M0MVK,53.00,-2.20,
MB7ANM,4M,4M,70.387500,70.387500,AV,IO83TR,OSWALDTWISTLE,BB5,NOR,82.5,M0NFI,53.74,-2.39,
MB7ANT,10M,10M,29.280000,29.280000,AV,IO81LN,NEWPORT,NP10,WM,94.8,GW6RTV,51.56,-3.03,
MB7ANW,70CM,,430.025000,430.025000,AV,IO83QJ,WARRINGTON,WA2,NOR,82.5,M0XLR,53.40,-2.59,
MB7APL,70CM,,430.037500,430.037500,AV,IO83SM,ATHERTON,M46,NOR,82.5,G1DTV,53.50,-2.50,
MB7ASC,4M,4M,70.387500,70.387500,AV,IO86AC,STIRLING,FK7,SCOT,103.5,GM0WUR,56.09,-3.93,
MB7ASL,70CM,,430.062500,430.062500,AV,IO93SA,SLEAFORD,NG34,MIDL,77.0,2E0ENN,53.00,-0.50,
MB7ASU,70CM,,430.037500,430.037500,AV,IO94GV,SUNDERLAND,SR4,NOR,118.8,G4EKM,54.89,-1.46,
MB7ASY,70CM,,430.037500,430.037500,AV,IO82OQ,SHREWSBURY,SY3,WM,103.5,M1FEV,52.70,-2.80,
MB7AUE,70CM,,430.037500,430.037500,AV,IO81VK,CORSHAM,SN13,SW,118.8,G0IUE,51.40,-2.20,
MB7AUR,70CM,,430.025000,430.025000,AV,IO92KT,LOUGHBOROUGH,LE12,MIDL,77.0,M1GUR,52.80,-1.11,
MB7AVZ,70CM,,430.025000,430.025000,AV,IO93IK,ROTHERHAM,S65,NOR,71.9,G4VZV,53.40,-1.30,
MB7AXY,70CM,,430.075000,430.075000,AV,IO93FR,WAKEFIELD,WF3,NOR,88.5,2E0LXY,53.73,-1.57,
MB7AYS,70CM,,430.062500,430.062500,AV,IO80QW,YEOVIL,BA21,SW,77.0,G7OGG,51.00,-2.60,
MB7AZE,70CM,,430.050000,430.050000,AV,IP90GG,AITH,ZE2,SCOT,77.0,GM4SLV,60.29,-1.42,
MB7AZZ,70CM,,430.012500,430.012500,AV,IO83NI,LIVERPOOL,L25,NOR,77.0,M0OAU,53.40,-2.80,
MB7IAA,2M,2M,145.237500,145.237500,AV,IO93PO,SCUNTHORPE,DN15,MIDL,88.5,M0NEY,53.60,-0.70,
MB7IAD,2M,2M,145.287500,145.287500,AV,JO02AL,CHATTERIS,PE16,SE,94.8,G6OHM,52.46,0.05,
MB7IAE,10M,10M,29.290000,29.290000,AV,IO84VV,ALLENDALE,NE47,NOR,118.8,M0UKB,54.90,-2.25,
MB7IAE,2M,,144.962500,144.962500,AV,IO84VV,ALLENDALE,NE47,NOR,118.8,M0UKB,54.90,-2.25,
MB7IAF,2M,2M,145.287500,145.287500,AV,IO64XM,LISBURN,BT28,NI,118.8,GI7PWQ,54.51,-6.06,
MB7IAS,2M,2M,144.962500,144.962500,AV,JO02QF,FRAMLINGHAM,IP13,SE,110.9,G1NRL,52.23,1.33,
MB7IAT,2M,,144.900000,144.900000,AV,IO93HC,ALFRETON,DE55,MIDL,77.0,G7TYP,53.10,-1.38,
MB7IBH,2M,,145.337500,145.337500,AV,IO75RX,ALEXANDRIA,G83,SCOT,103.5,MM0ELF,55.98,-4.56,
MB7IBL,2M,,144.900000,144.900000,AV,IO83VS,BURNLEY,BB10,NOR,103.5,2E0VNY,53.79,-2.23,
MB7IBN,2M,2M,145.212500,145.212500,AV,IO92XX,BOSTON,PE21,MIDL,94.8,M0TLC,52.99,-0.04,
MB7IBR,2M,2M,144.962500,144.962500,AV,JO01AK,BROMLEY,BR,SE,103.5,G0WYG,51.43,0.01,
MB7IBR,6M,6M,50.520000,50.520000,AV,JO01AK,BROMLEY,BR1,SE,103.5,G0WYG,51.43,0.01,
MB7IBW,2M,,144.912500,144.912500,AV,IO93HO,WAKEFIELD,WF4,NOR,82.5,M0YDG,53.62,-1.41,
MB7IBX,2M,,144.900000,144.900000,AV,JO00FU,BEXHILL-ON-SEA,TN40,SE,103.5,M0JDN,50.85,0.48,
MB7IBZ,2M,,144.962500,144.962500,AV,IO93KH,WORKSOP,S80,MIDL,77.0,2E0KBZ,53.31,-1.12,
MB7ICC,2M,2M,145.212500,145.212500,AV,IO94HM,STOCKTON-ON-TEES,TS16,NOR,118.8,2E0ICC,54.50,-1.40,
MB7ICW,2M,,145.212500,145.212500,AV,IO91SM,WEST DRAYTON,UB7,SE,77.0,2E0UCW,51.51,-0.47,
MB7IDA,2M,,145.337500,145.337500,AV,JO01GQ,CHELMSFORD,CM2,SE,110.9,G7GAN,51.71,0.50,
MB7IDC,2M,2M,145.237500,145.237500,AV,IO83JE,MOLD,CH7,WM,110.9,2W0TDK,53.19,-3.18,
MB7IDD,2M,,145.237500,145.237500,AV,IO86ML,DUNDEE,DD4,SCOT,103.5,MM0TMG,56.50,-2.90,
MB7IDG,2M,,144.962500,144.962500,AV,IO75RX,ALEXANDRIA,G83,SCOT,8,2M0JUM,56.00,-4.60,
MB7IDJ,2M,,144.912500,144.912500,AV,IO83RL,LEIGH,WN,NOR,94.8,M0HOY,53.48,-2.54,
MB7IDP,2M,2M,145.337500,145.337500,AV,IO92AQ,CANNOCK,WS12,MIDL,103.5,M0GYO,52.70,-1.98,
MB7IDT,2M,2M,145.337500,145.337500,AV,IO92SA,AMPTHILL,MK45,MIDL,77.0,G4FKI,52.03,-0.49,
MB7IFD,2M,,144.912500,144.912500,AV,IO83LV,FLEETWOOD,FY,NOR,82.5,M0RGV,53.91,-3.05,
MB7IFN,2M,,145.237500,145.237500,AV,IO81MN,NEWPORT,NP20,WM,94.8,GW8SZL,51.58,-2.99,
MB7IFZ,2M,2M,145.287500,145.287500,AV,IO84FM,FRIZINGTON,CA26,NOR,77.0,M0LVL,54.54,-3.49,
MB7IGC,2M,2M,145.212500,145.212500,AV,IO93FI,SHEFFIELD,S10,NOR,71.9,G4CUI,53.37,-1.55,
MB7IHA,2M,,144.912500,144.912500,AV,IO91UU,HARPENDEN,SG4,SE,67.0,G4HSO,51.84,-0.31,
MB7IIG,2M,2M,145.237500,145.237500,AV,IO92VW,DONINGTON,PE20,MIDL,71.9,M1CNX,52.92,-0.18,
MB7IJZ,2M,,145.337500,145.337500,AV,IO90HX,EASTLEIGH,SO53,SW,71.9,G6XJZ,51.00,-1.40,
MB7IKL,2M,2M,144.962500,144.962500,AV,IO81WL,CHIPPENHAM,SN15,SW,77.0,G6HUI,51.49,-2.11,
MB7IKP,2M,2M,144.962500,144.962500,AV,IO74DM,COMBER,BT23,NI,71.9,GI0VKP,54.50,-5.70,
MB7ILA,2M,2M,144.962500,144.962500,AV,IO87MM,KEITH,AB55,SCOT,77.0,GM0LVK,57.54,-2.95,
MB7ILB,2M,,145.287500,145.287500,AV,IO93HK,ROTHERHAM,S65,NOR,71.9,G4NJI,53.44,-1.33,
MB7ILF,2M,2M,145.287500,145.287500,AV,IO93VV,HORNSEA,HU1,NOR,88.5,M0FLF,53.91,-0.17,
MB7ILH,2M,2M,144.962500,144.962500,AV,IO92GE,LEAMINGTON SPA,CV33,MIDL,67.0,G4USP,52.20,-1.49,
MB7ILO,6M,,50.540000,50.540000,AV,IO93RE,LINCOLN,LN5,MIDL,71.9,G7RUP,53.20,-0.55,
MB7ILO,2M,2M,145.337500,145.337500,AV,IO93RE,LINCOLN,LN5,MIDL,71.9,G7RUP,53.20,-0.55,
MB7ILP,2M,2M,144.962500,144.962500,AV,IO72TW,PWLLHELI,LL53,WM,110.9,MW0RHD,52.94,-4.35,
MB7ILV,2M,2M,145.212500,145.212500,AV,IO83LL,LIVERPOOL,L21,NOR,94.8,G7OEA,53.46,-3.00,
MB7IMB,2M,,145.237500,145.237500,AV,IO84NB,MORECAMBE,LA4,NOR,110.9,G0VGS,54.10,-2.80,
MB7IMS,2M,,145.237500,145.237500,AV,JO01AP,LOUGHTON,IG10,SE,110.9,2E0EMO,51.66,0.07,
MB7IMS,6M,,50.530000,50.530000,AV,JO01AP,LOUGHTON,IG10,SE,110.9,2E0EMO,51.70,0.10,
MB7IMT,2M,,144.912500,144.912500,AV,IO92ML,MARKET HARBOROUGH,LE16,MIDL,103.5,2E0XVX,52.49,-0.93,
MB7INI,2M,2M,145.337500,145.337500,AV,IO74CR,CARRICKFERGUS,BT38,NI,77.0,GI0BJH,54.70,-5.80,
MB7INK,6M,6M,50.520000,50.520000,AV,IO83SO,BOLTON,BL,NOR,82.5,G4YNK,53.60,-2.43,
MB7INM,2M,2M,145.287500,145.287500,AV,IO83TR,OSWALDTWISTLE,BB5,NOR,82.5,M0NFI,53.74,-2.39,
MB7INP,2M,2M,145.337500,145.337500,AV,IO71LW,HAVERFORDWEST,SA62,WM,94.8,2W0LXT,51.93,-5.00,
MB7INS,2M,,145.287500,145.287500,AV,IO81OJ,CLEVEDON ,BS49,SW,77.0,G1DCG,51.40,-2.80,
MB7INX,2M,,144.962500,144.962500,AV,IO81GQ,CWMBACH,CF44,WM,94.8,GW4UAJ,51.71,-3.42,
MB7IOK,2M,,144.912500,144.912500,AV,JO01GJ,GILLINGHAM,ME7,SE,103.5,2E0SGG,51.39,0.56,
MB7IPC,2M,2M,145.237500,145.237500,AV,IO90LT,PORTSMOUTH,PO2,SW,71.9,G7RPG,50.80,-1.10,
MB7IPD,2M,,145.287500,145.287500,AV,IO90AR,BOURNEMOUTH,BH12,SW,71.9,2E0VOV,50.75,-1.94,
MB7IPE,10M,10M,29.280000,29.280000,AV,IO97CM,PETERHEAD,AB42,SCOT,94.8,MM0ICX,57.50,-1.80,
MB7IPH,2M,2M,145.237500,145.237500,AV,JO01HE,HEADCORN,TN27,SE,77.0,G4ZXI,51.17,0.62,
MB7IPR,2M,,144.912500,144.912500,AV,IO90AO,SWANAGE ,BH19,SW,77.0,G0VZY ,50.60,-2.00,
MB7ISC,2M,,145.287500,145.287500,AV,IO86AC,STIRLING,FK7,SCOT,103.5,GM0WUR,56.09,-3.93,
MB7ISC,6M,,50.540000,50.540000,AV,IO86AC,STIRLING,FK7,SCOT,103.5,GM0WUR,56.09,-3.93,
MB7ISJ,10M,10M,29.270000,29.270000,AV,IO83RF,NORTHWICH,CW9,NOR,77.0,M0WTX,53.22,-2.52,
MB7ISM,2M,,144.962500,144.962500,AV,IO86OE,ST MONANS,KY10,SCOT,103.5,MM0DXE,56.20,-2.80,
MB7ISP,2M,,144.900000,144.900000,AV,JO01BK,SIDCUP,DA15,SE,77.0,G4NHP,51.45,0.09,
MB7IST,2M,2M,145.287500,145.287500,AV,IO83UA,NEWCASTLE-UNDER-LYME,ST5,MIDL,103.5,G7GRR,53.02,-2.29,
MB7ISW,2M,2M,145.212500,145.212500,AV,IO81IK,BARRY,CF62,WM,94.8,GW3WSU,51.42,-3.27,
MB7ISX,2M,,145.287500,145.287500,AV,JO01IM,SOUTHEND ON SEA,SS0,SE,110.9,2E1HWE,51.54,0.70,
MB7ITA,2M,,145.337500,145.337500,AV,IO85HW,EDINBURGH,EH29,SCOT,94.8,GM7OBI,55.90,-3.40,
MB7ITG,2M,2M,144.962500,144.962500,AV,IO82SP,TELFORD,TF7,WM,94.8,2E0YYB,52.64,-2.46,
MB7ITV,2M,,145.237500,145.237500,AV,IO94GQ,DURHAM,TS29,NOR,88.5,M0ITO,54.70,-1.43,
MB7IUE,6M,,50.530000,50.530000,AV,IO81VK,CORSHAM,SN13,SW,118.8,G0IUE,51.40,-2.20,
MB7IUK,2M,2M,144.962500,144.962500,AV,IO83XM,ASHTON-UNDER-LYNE,OL6,NOR,110.9,M0NCZ,53.51,-2.08,
MB7IVA,2M,,144.962500,144.962500,AV,IO71UU,CARMARTHEN,SA3,WM,94.8,GW4RVA,51.86,-4.30,
MB7IVG,2M,2M,144.962500,144.962500,AV,IO84UA,LONG PRESTON,BD23,NOR,103.5,M0VHG,54.02,-2.26,
MB7IVU,2M,,145.337500,145.337500,AV,IO94DR,BISHOP AUCKLAND,DL14,NOR,118.8,G0OCB,54.68,-1.78,
MB7IWC,6M,,50.530000,50.530000,AV,IO93CR,CLECKHEATON,BD19,NOR,77.0,2E0MBQ,53.73,-1.75,
MB7IWG,2M,2M,145.287500,145.287500,AV,IO91VT,WELWYN GARDEN CITY,AL8,SE,82.5,M1DYP,51.82,-0.21,
MB7IWK,2M,2M,145.337500,145.337500,AV,IO83KI,WEST KIRBY,CH48,NOR,82.5,G7NIR,53.37,-3.16,
MB7IWO,2M,,145.287500,145.287500,AV,IO91GS,WITNEY,OX2,SE,118.8,G0CQZ,51.78,-1.50,
MB7IWV,2M,,144.962500,144.962500,AV,IO90LU,HAVANT,PO9,SE,71.9,M0MUU,50.86,-1.01,
MB7IZR,2M,,144.962500,144.962500,AV,IO94HS,PETERLEE,SR,NOR,118.8,M0TZR,54.76,-1.34,
MB7PH,23CM,23CM,1297.900000,1297.900000,AV,JO01CN,GIDEA PARK,RM2,SE,110.9,G4GBW,51.58,0.21,
